,공포_1,공포_0
0,0.0112,0.0475
1,0.0189285714285714,0.06
2,0.0135714285714285,0.0323076923076923
3,0.02,0.0322222222222222
4,0.02,0.0541176470588235
5,0.0177777777777777,0.0294285714285714
6,0.0151851851851851,0.0274285714285714
7,0.0192857142857142,0.026
8,0.0189285714285714,0.0611111111111111
9,0.0196428571428571,0.0
10,0.0203571428571428,0.0
11,0.0146428571428571,0.135
12,0.0089285714285714,0.0235294117647058
13,0.0103703703703703,0.0162857142857142
14,0.0151851851851851,0.0625714285714285
15,0.0118518518518518,0.0282857142857142
16,0.0074074074074074,0.0282857142857143
17,0.0088888888888888,0.0382857142857143
18,0.0089285714285714,0.0228571428571428
19,0.0103571428571428,0.0351428571428571
20,0.0530769230769231,0.0536111111111111
21,0.0141379310344827,0.0136111111111111
22,0.0196296296296296,0.0
23,0.0234782608695652,0.0005714285714285
24,0.044074074074074,0.0036111111111111
25,0.006551724137931,0.008
26,0.0053571428571428,0.0105714285714285
27,0.0078571428571428,0.0165714285714285
28,0.0360714285714285,0.0858333333333333
29,0.0336,0.0454545454545454
30,0.0295,0.0490322580645161
31,0.0032142857142857,0.0993333333333333
32,0.0067857142857142,0.0241666666666666
33,0.0776,0.0376190476190476
34,0.0540740740740741,0.0386666666666666
35,0.0885185185185185,0.0305555555555555
36,0.0996428571428571,0.0309523809523809
37,0.05,0.0252
38,0.1010714285714285,0.0288888888888889
39,0.06,0.1384615384615384
40,0.0224137931034482,0.0109375
41,0.0741379310344827,0.014
42,0.0137931034482758,0.0197142857142857
43,0.023103448275862,0.0225714285714285
44,0.0242857142857143,0.018
45,0.0239130434782608,0.0114285714285714
46,0.1169565217391304,0.0157142857142857
47,0.07375,0.0217142857142857
48,0.0535714285714285,0.0211428571428571
49,0.0242857142857142,0.028
50,0.0914285714285714,0.0242857142857142
51,0.014074074074074,0.0211428571428571
52,0.0251724137931034,0.0231428571428571
53,0.0354545454545454,0.0248571428571428
54,0.021578947368421,0.0205714285714285
55,0.0147619047619047,0.0185714285714285
56,0.02375,0.02
57,0.0114814814814814,0.0237142857142857
58,0.0277777777777777,0.0503030303030303
59,0.0155172413793103,0.1194285714285714
60,0.0093103448275862,0.0326470588235294
61,0.0653571428571428,0.0297222222222222
62,0.0742857142857142,0.0362857142857142
63,0.086875,0.0394285714285714
64,0.051578947368421,0.0214285714285714
65,0.0512,0.0397142857142857
66,0.0477272727272727,0.0902857142857143
67,0.0465384615384615,0.0475
68,0.0927272727272727,0.02
69,0.0304761904761904,0.0105555555555555
70,0.01,0.0111428571428571
71,0.0153571428571428,0.0308571428571428
72,0.0051851851851851,0.0511428571428571
73,0.0085714285714285,0.0357142857142857
74,0.0121428571428571,0.0454545454545454
75,0.0171428571428571,0.0234285714285714
76,0.0125,0.0097222222222222
77,0.0118518518518518,0.0114285714285714
78,0.0235714285714285,0.0154285714285714
79,0.0179310344827586,0.0237142857142857
80,0.0224137931034482,0.0171428571428571
81,0.0265384615384615,0.0328571428571428
82,0.0267857142857142,0.0122857142857142
83,0.0324137931034482,0.01125
84,0.0253333333333333,0.0153333333333333
85,0.0258620689655172,0.0051724137931034
86,0.0217857142857142,0.0157142857142857
87,0.0224137931034482,0.0452631578947368
88,0.0182758620689655,0.0142424242424242
89,0.0289285714285714,0.0148484848484848
90,0.0379310344827586,0.0483333333333333
91,0.0358620689655172,0.1025714285714285
92,0.0248275862068965,0.0205555555555555
93,0.0217241379310344,0.0203225806451612
94,0.0289285714285714,0.0414285714285714
95,0.0244444444444444,0.0313888888888889
96,0.0229629629629629,0.0497222222222222
97,0.0271428571428571,0.0445454545454545
98,0.0242857142857143,0.0134375
99,0.0275,0.0108571428571428
100,0.025,0.0385714285714285
101,0.0217857142857142,0.0382857142857143
102,0.0106896551724137,0.0325714285714285
103,0.0057692307692307,0.0190625
104,0.0085714285714285,0.0194285714285714
105,0.0085714285714285,0.0197142857142857
106,0.01,0.018
107,0.0117241379310344,0.0202777777777777
108,0.0120689655172413,0.0294285714285714
109,0.0096428571428571,0.0322857142857143
110,0.0151724137931034,0.0305714285714285
111,0.0224137931034482,0.0374285714285714
112,0.0092857142857142,0.0348571428571428
113,0.0096428571428571,0.0348571428571428
114,0.0103703703703703,0.0154285714285714
115,0.0158620689655172,0.0447619047619047
116,0.02,0.0375
117,0.0185714285714285,0.0891428571428571
118,0.0192857142857142,0.1382857142857143
119,0.0179310344827586,0.1225714285714285
120,0.0115384615384615,0.0834285714285714
121,0.0107142857142857,0.1077142857142856
122,0.0103571428571428,0.0871428571428571
123,0.0125,0.1002941176470588
124,0.0115384615384615,0.1205714285714286
125,0.0114285714285714,0.1337142857142857
126,0.0128571428571428,0.1142857142857142
127,0.0132142857142857,0.1385294117647059
128,0.0178571428571428,0.0914705882352941
129,0.14375,0.0935294117647058
130,0.0307692307692307,0.0711764705882353
131,0.0308333333333333,0.1159375
132,0.0235714285714285,0.0718518518518518
133,0.0166666666666666,0.005
134,0.0217241379310344,0.0
135,0.015,0.0699999999999999
136,0.0207142857142857,0.046
137,0.0285714285714285,0.0703448275862069
138,0.0425,0.0325
139,0.0021428571428571,0.03
140,0.0085714285714285,0.1846875
141,0.0007142857142857,0.0942857142857142
142,0.0028571428571428,0.1034285714285714
143,0.0167857142857142,0.132
144,0.0171428571428571,0.1271428571428571
145,0.015,0.0711428571428571
146,0.0210714285714285,0.0768571428571428
147,0.0119230769230769,0.1566666666666666
148,0.0165384615384615,0.1814285714285714
149,0.017037037037037,0.0944444444444444
150,0.0207692307692307,0.1025
151,0.0214814814814814,0.175
152,0.0211111111111111,0.1973913043478261
153,0.0235714285714285,0.2425
154,0.0255555555555555,0.24
155,0.0184,0.196
156,0.0203448275862069,0.15
157,0.0182142857142857,0.1678571428571428
158,0.0168965517241379,0.0829411764705882
159,0.0132142857142857,0.098235294117647
160,0.0278571428571428,0.1544444444444444
161,0.0239285714285714,0.1533333333333333
162,0.03,0.242
163,0.0410714285714285,0.205
164,0.0446428571428571,0.2219999999999999
165,0.0335714285714285,0.1204545454545454
166,0.1172,0.135
167,0.1214285714285714,0.071
168,0.0796428571428571,0.0641176470588235
169,0.0489655172413793,0.0923076923076923
170,0.0610714285714285,0.0813636363636363
171,0.1320689655172413,0.1624999999999999
172,0.143448275862069,0.1088571428571428
173,0.0782142857142857,0.2599999999999999
174,0.0724137931034483,0.1892
175,0.05625,0.2341666666666667
176,0.0596428571428571,0.1242857142857142
177,0.0542857142857143,0.157
178,0.0535714285714285,0.214
179,0.0592857142857143,0.2057692307692307
180,0.0548148148148148,0.0626086956521739
181,0.0564285714285714,0.0583333333333333
182,0.0357142857142857,0.1288
183,0.0371428571428571,0.0870833333333333
184,0.0457142857142857,0.0678787878787878
185,0.0529629629629629,0.096
186,0.0596428571428571,0.0879411764705881
187,0.0689285714285714,0.128235294117647
188,0.0664285714285714,0.1171428571428571
189,0.0611111111111111,0.1260606060606061
190,0.0707142857142857,0.0825
191,0.0096,0.1251851851851851
192,0.0129629629629629,0.1766666666666666
193,0.0096428571428571,0.188235294117647
194,0.0071428571428571,0.1725
195,0.0062962962962962,0.147
196,0.0074074074074074,0.26
197,0.0059259259259259,0.188125
198,0.0096296296296296,0.1159999999999999
199,0.0053571428571428,0.1928125
200,0.0071428571428571,0.1907142857142857
201,0.0057142857142857,0.1637931034482758
202,0.0037037037037037,0.1846666666666666
203,0.0044444444444444,0.1796875
204,0.0110714285714285,0.125
205,0.0103703703703703,0.0903125
206,0.0085714285714285,0.1026470588235294
207,0.0092857142857142,0.0391428571428571
208,0.0092592592592592,0.052
209,0.0048275862068965,0.0307692307692307
210,0.0035714285714285,0.0585714285714285
211,0.0008,0.0628571428571428
212,0.0010714285714285,0.0671428571428571
213,0.007037037037037,0.0546875
214,0.0060714285714285,0.028
215,0.0053571428571428,0.062
216,0.0071428571428571,0.0678787878787879
217,0.0037931034482758,0.0677142857142857
218,0.0048275862068965,0.0488571428571428
219,0.0067857142857142,0.0506451612903226
220,0.0046428571428571,0.0489655172413793
221,0.0017857142857142,0.0342857142857142
222,0.0019230769230769,0.0
223,0.0041379310344827,0.0
224,0.0071428571428571,0.0
225,0.0093103448275862,0.0
226,0.0096428571428571,0.0
227,0.0081481481481481,0.0
228,0.0025,0.0176923076923076
229,0.0067857142857142,0.0125
230,0.0096296296296296,0.0
231,0.01,0.0
232,0.0096428571428571,0.028
233,0.0096428571428571,0.0
234,0.0029629629629629,0.0
235,0.0082142857142857,0.0
236,0.0096296296296296,0.0
237,0.0096428571428571,0.0325
238,0.0064285714285714,0.0722857142857143
239,0.0075,0.0318181818181818
240,0.0085714285714285,0.1075
241,0.0088888888888888,0.1248571428571428
242,0.0107142857142857,0.1271428571428571
243,0.0096296296296296,0.1075757575757575
244,0.0096296296296296,0.0691428571428571
245,0.0096,0.0754285714285714
246,0.01,0.0705714285714286
247,0.0103571428571428,0.0963333333333333
248,0.0096428571428571,0.0669999999999999
249,0.0078571428571428,0.1647826086956521
250,0.0092857142857142,0.18625
251,0.0085185185185185,0.0981818181818182
252,0.0096428571428571,0.0776190476190476
253,0.0092857142857142,0.1106666666666666
254,0.0081481481481481,0.1015151515151515
255,0.0078571428571428,0.1405263157894736
256,0.0075,0.10875
257,0.0103571428571428,0.1407142857142857
258,0.0075,0.2091176470588236
259,0.0078571428571428,0.1096969696969696
260,0.0078571428571428,0.056
261,0.0096428571428571,0.0291428571428571
262,0.0032,0.0154285714285714
263,0.0057142857142857,0.0468571428571428
264,0.0039285714285714,0.086
265,0.0044444444444444,0.0974285714285714
266,0.0067857142857142,0.1317647058823529
267,0.0064285714285714,0.0982857142857143
268,0.0003448275862068,0.1088571428571428
269,0.0033333333333333,0.0722857142857143
270,0.0011111111111111,0.0842857142857143
271,0.0089285714285714,0.1288571428571428
272,0.0057142857142857,0.1322857142857143
273,0.0092857142857142,0.0997142857142857
274,0.0092592592592592,0.1011428571428571
275,0.0077777777777777,0.154
276,0.0092592592592592,0.125142857142857
277,0.0092857142857142,0.0305714285714285
278,0.0118518518518518,0.0675
279,0.0125925925925925,0.063448275862069
280,0.0092592592592592,0.05
281,0.0096153846153846,0.0508571428571428
282,0.018,0.0491428571428571
283,0.0095652173913043,0.0577142857142857
284,0.0088461538461538,0.066
285,0.0084374999999999,0.0671428571428571
286,0.0067857142857142,0.0888571428571428
287,0.0082142857142857,0.0178125
288,0.0084848484848484,0.0145714285714285
289,0.0081818181818181,0.0294285714285714
290,0.0085294117647058,0.0221212121212121
291,0.0064705882352941,0.0168571428571428
292,0.0097058823529411,0.0091428571428571
293,0.0,0.0105714285714285
294,0.0026470588235294,0.0136111111111111
295,0.0048484848484848,0.0141666666666666
296,0.0008823529411764,0.0194444444444444
297,0.0054285714285714,0.0233333333333333
298,0.0054285714285714,0.0419444444444444
299,0.0051428571428571,0.0108571428571428
300,0.0037142857142857,0.0078125
301,0.0085714285714285,0.0071428571428571
302,0.0091428571428571,0.0168571428571428
303,0.0071428571428571,0.0348571428571428
304,0.0037142857142857,0.0261111111111111
305,0.0051428571428571,0.0225714285714285
306,0.0034285714285714,0.0125714285714285
307,0.0031428571428571,0.0117142857142857
308,0.002,0.0157142857142857
309,0.0037142857142857,0.0225714285714285
310,0.0091428571428571,0.0222857142857142
311,0.0062857142857142,0.0188571428571428
312,0.0045714285714285,0.0254285714285714
313,0.0028125,0.0108571428571428
314,0.0022857142857142,0.01
315,0.0028571428571428,0.0131428571428571
316,0.0034285714285714,0.0102857142857142
317,0.0045714285714285,0.0203125
318,0.0045714285714285,0.0211428571428571
319,0.0011428571428571,0.018
320,0.0005714285714285,0.0114285714285714
321,0.0028571428571428,0.01
322,0.0025714285714285,0.0025714285714285
323,0.0048571428571428,0.0008571428571428
324,0.0042857142857142,0.0
325,0.0053125,0.0014285714285714
326,0.0051428571428571,0.0039999999999999
327,0.0065714285714285,0.0077142857142857
328,0.0042857142857142,0.0031249999999999
329,0.006,0.0074285714285714
330,0.0051428571428571,0.0111428571428571
331,0.0065714285714285,0.0188571428571428
332,0.0082857142857142,0.0228571428571428
333,0.0,0.0322857142857143
334,0.0461290322580645,0.0265714285714285
335,0.0321212121212121,0.0228571428571428
336,0.0352941176470588,0.0242857142857142
337,0.034516129032258,0.0142857142857142
338,0.0258823529411764,0.0225
339,0.0297142857142857,0.0194285714285714
340,0.026,0.016
341,0.036060606060606,0.0142857142857142
342,0.07,0.0068571428571428
343,0.0591666666666666,0.0128571428571428
344,0.0396774193548387,0.01
345,0.046,0.0051428571428571
346,0.0397058823529411,0.0131428571428571
347,0.0555882352941176,0.0091428571428571
348,0.0534285714285714,0.0122857142857142
349,0.0362857142857142,0.0091428571428571
350,0.1368421052631579,0.0111428571428571
351,0.1080645161290322,0.0102857142857142
352,0.0522857142857143,0.012
353,0.052,0.016
354,0.046,0.01
355,0.0388571428571428,0.018
356,0.0682142857142857,0.0182857142857142
357,0.1052941176470588,0.0197142857142857
358,0.1413636363636363,0.0228571428571428
359,0.051,0.0159375
360,0.0360714285714285,0.0217142857142857
361,0.0291176470588235,0.0208571428571428
362,0.035,0.0162857142857142
363,0.07,0.0214285714285714
364,0.0,0.0205714285714285
365,0.11,0.0151428571428571
366,0.12,0.0157142857142857
367,0.126,0.0134285714285714
368,0.0852380952380952,0.0111428571428571
369,0.034,0.0162857142857142
370,0.0561290322580645,0.0148571428571428
371,0.0396428571428571,0.0188
372,0.0383333333333333,0.0134375
373,0.0516666666666666,0.0108571428571428
374,0.108,0.0048571428571428
375,0.145,0.022
376,0.06,0.0311428571428571
377,0.01875,0.0702857142857143
378,0.0377142857142857,0.05875
379,0.1625806451612903,0.0814285714285714
380,0.031,0.074
381,0.1333333333333333,0.0541176470588235
382,0.05,0.0105714285714285
383,0.0728571428571428,0.0071428571428571
384,0.0625714285714285,0.0194285714285714
385,0.0558064516129032,0.0145714285714285
386,0.035,0.0841935483870967
387,0.0409677419354838,0.0769696969696969
388,0.036060606060606,0.0593103448275862
389,0.0365714285714285,0.0826470588235294
390,0.0311428571428571,0.0933333333333333
391,0.0251428571428571,0.0382857142857143
392,0.026,0.0157142857142857
393,0.0305714285714285,0.0168571428571428
394,0.0365714285714285,0.0165714285714285
395,0.0262857142857143,0.0114285714285714
396,0.0231428571428571,0.0525714285714286
397,0.0322857142857142,0.0337142857142857
398,0.026,0.0417142857142857
399,0.0225714285714285,0.0134285714285714
400,0.0271428571428571,0.014
401,0.0242857142857143,0.01
402,0.012,0.0145714285714285
403,0.0128571428571428,0.0157575757575757
404,0.0211428571428571,0.016
405,0.014,0.0165714285714285
406,0.055,0.0116666666666666
407,0.0919999999999999,0.0057142857142857
408,0.0422857142857143,0.0057142857142857
409,0.0331428571428571,0.0111428571428571
410,0.0514705882352941,0.0062857142857142
411,0.0317142857142857,0.008
412,0.0362857142857143,0.0074285714285714
413,0.0231428571428571,0.0037142857142857
414,0.0337142857142857,0.0
415,0.018,0.0008571428571428
416,0.0394285714285714,0.0011111111111111
417,0.0391176470588235,0.015
418,0.0629032258064516,0.0
419,0.0490625,0.0
420,0.0454285714285714,0.0
421,0.0425714285714285,0.0
422,0.0362857142857142,0.1722222222222222
423,0.0402857142857143,0.0952173913043478
424,0.0565714285714286,0.1099999999999999
425,0.0242857142857142,0.1280952380952381
426,0.0625,0.15
427,0.0641176470588235,0.0993103448275862
428,0.0709090909090909,0.1426666666666666
429,0.1286666666666666,0.0952631578947368
430,0.0861538461538461,0.1233333333333333
431,0.0782857142857143,0.1268421052631578
432,0.1067647058823529,0.0993333333333333
433,0.0,0.091
434,0.14,0.1052631578947368
435,0.0,0.1016129032258064
436,0.085,0.1044
437,0.1052941176470587,0.1363636363636363
438,0.0,0.1458620689655173
439,0.0,0.219142857142857
440,0.1505263157894736,0.0835294117647059
441,0.0231428571428571,0.1254285714285714
442,0.0242857142857142,0.1088571428571428
443,0.026,0.0479411764705882
444,0.0254285714285714,0.0261764705882353
445,0.0194285714285714,0.023235294117647
446,0.023235294117647,0.1122857142857142
447,0.0374285714285714,0.0837142857142857
448,0.1259375,0.1225714285714285
449,0.032,0.0625
450,0.0318181818181818,0.0425714285714285
451,0.0315625,0.038
452,0.0382857142857143,0.0405714285714285
453,0.0291428571428571,0.0408571428571428
454,0.0345714285714285,0.0394285714285714
455,0.0428571428571428,0.0434285714285714
456,0.0362857142857142,0.0554285714285714
457,0.023125,0.0562857142857143
458,0.0182857142857142,0.0528571428571428
459,0.0302857142857142,0.0294285714285714
460,0.0877142857142856,0.0362857142857142
461,0.0282857142857143,0.0322857142857143
462,0.0177142857142857,0.0302857142857143
463,0.0336,0.0328571428571428
464,0.0271428571428571,0.0402857142857143
465,0.0358823529411764,0.0522857142857143
466,0.0885714285714285,0.0448571428571428
467,0.1108823529411764,0.04875
468,0.1577419354838709,0.0505714285714286
469,0.0242857142857142,0.0431428571428571
470,0.0617647058823529,0.0382857142857143
471,0.0076923076923076,0.0566666666666666
472,0.0376470588235294,0.036
473,0.0691428571428571,0.0993333333333333
474,0.1225714285714285,0.1623529411764706
475,0.08,0.0434285714285714
476,0.0668571428571428,0.0782857142857143
477,0.0571428571428571,0.0996
478,0.0711428571428571,0.0817142857142857
479,0.0714285714285714,0.1055172413793103
480,0.0779999999999999,0.128695652173913
481,0.07,0.1205714285714285
482,0.0885714285714285,0.1125806451612903
483,0.0854285714285714,0.13
484,0.0794285714285714,0.1314285714285714
485,0.0728571428571428,0.0644117647058823
486,0.0857142857142857,0.0962068965517241
487,0.0329032258064516,0.1138235294117647
488,0.0211764705882353,0.0897142857142857
489,0.0097058823529411,0.0505714285714285
490,0.0029411764705882,0.0288571428571428
491,0.0120588235294117,0.0447058823529412
492,0.0105714285714285,0.0373076923076923
493,0.0111428571428571,0.0454545454545454
494,0.0253125,0.0387096774193548
495,0.0122857142857142,0.033125
496,0.0105714285714285,0.1138709677419355
497,0.0145714285714285,0.0476470588235294
498,0.0162857142857142,0.0361764705882353
499,0.0194285714285714,0.0302941176470588
500,0.016,0.0467647058823529
501,0.03,0.053235294117647
502,0.0125714285714285,0.0573529411764706
503,0.0334285714285714,0.0335294117647059
504,0.0252941176470588,0.0208823529411764
505,0.0185714285714285,0.0170588235294117
506,0.0154285714285714,0.0179411764705882
507,0.0125714285714285,0.0202941176470588
508,0.0217142857142857,0.023235294117647
509,0.0165714285714285,0.0303225806451613
510,0.0138235294117647,0.0238235294117647
511,0.0108571428571428,0.0379411764705882
512,0.0109375,0.0308823529411764
513,0.02,0.0208823529411764
514,0.0205714285714285,0.0302941176470588
515,0.04,0.0173529411764706
516,0.0570588235294118,0.0388235294117647
517,0.0423529411764706,0.02
518,0.0597058823529412,0.0255882352941176
519,0.0425714285714285,0.0273529411764706
520,0.028,0.0323529411764706
521,0.0342857142857143,0.0326470588235294
522,0.0054285714285714,0.03
523,0.0231428571428571,0.0326470588235294
524,0.0502857142857143,0.0297058823529411
525,0.0551428571428571,0.073235294117647
526,0.0734375,0.0255555555555555
527,0.0817142857142857,0.1409090909090909
528,0.0842857142857143,0.078235294117647
529,0.0937142857142857,0.0394285714285714
530,0.1077142857142856,0.0374285714285714
531,0.0497142857142857,0.0177142857142857
532,0.0508823529411765,0.0174285714285714
533,0.0614705882352941,0.0462857142857143
534,0.0673529411764706,0.0342857142857143
535,0.0423529411764706,0.0451428571428571
536,0.052,0.0351428571428571
537,0.0485714285714285,0.0434375
538,0.0271428571428571,0.0408571428571428
539,0.0334285714285714,0.0454285714285714
540,0.1237142857142857,0.0402857142857143
541,0.0328571428571428,0.0482857142857143
542,0.0265714285714285,0.0402857142857143
543,0.0411428571428571,0.024
544,0.040625,0.0197058823529411
545,0.0222857142857142,0.03
546,0.0214705882352941,0.0342857142857143
547,0.02,0.0577142857142857
548,0.0182857142857142,0.0505714285714286
549,0.0265714285714285,0.0285714285714285
550,0.0231428571428571,0.0302857142857143
551,0.04125,0.0354285714285714
552,0.1379411764705882,0.0311428571428571
553,0.0657142857142857,0.0331428571428571
554,0.172,0.0497142857142857
555,0.0914705882352941,0.0382857142857143
556,0.0564705882352941,0.0434285714285714
557,0.0623529411764706,0.0670588235294117
558,0.0702941176470588,0.1074999999999999
559,0.0776470588235294,0.2119354838709677
560,0.0480645161290322,0.1002857142857142
561,0.0552941176470588,0.0723529411764706
562,0.0508823529411765,0.0708571428571428
563,0.0455882352941176,0.0437142857142857
564,0.0202941176470588,0.0464705882352941
565,0.0397058823529411,0.0571428571428571
566,0.0697058823529412,0.0591176470588235
567,0.0573529411764706,0.054
568,0.0455882352941176,0.0331428571428571
569,0.055,0.0517142857142857
570,0.0420588235294117,0.025
571,0.0394117647058823,0.0431428571428571
572,0.0351612903225806,0.042
573,0.045,0.0254285714285714
574,0.0373529411764706,0.0414285714285714
575,0.0405882352941176,0.0431428571428571
576,0.028235294117647,0.044
577,0.0355882352941176,0.1048571428571428
578,0.0426470588235294,0.0628571428571428
579,0.0355882352941176,0.0577142857142857
580,0.0455882352941176,0.0668571428571428
581,0.02,0.0697142857142857
582,0.08,0.0623529411764706
583,0.0445454545454545,0.0697058823529412
584,0.0478260869565217,0.0502941176470588
585,0.0306060606060606,0.038235294117647
586,0.0583333333333333,0.0364516129032258
587,0.1028571428571428,0.0488571428571428
588,0.0984,0.0337142857142857
589,0.1339999999999999,0.0567647058823529
590,0.1254545454545454,0.0462857142857143
591,0.0,0.0688571428571428
592,0.15,0.054
593,0.175,0.0431428571428571
594,0.0,0.0842857142857142
595,0.0,0.0385714285714285
596,0.08,0.0562857142857143
597,0.03875,0.0081818181818181
598,0.0745833333333333,0.0458333333333333
599,0.06,0.0405714285714285
600,0.0,0.0434285714285714
601,0.095,0.0678125
602,0.098235294117647,0.0828571428571429
603,0.0454838709677419,0.1097142857142857
604,0.03,0.1357575757575757
605,0.0784848484848484,0.1048571428571428
606,0.0518181818181818,0.0922857142857142
607,0.053076923076923,0.0688571428571428
608,0.0533333333333333,0.0877142857142857
609,0.0,0.0795454545454545
610,0.1125,0.1204347826086956
611,0.065,0.0525714285714285
612,0.0366666666666666,0.06
613,0.0627272727272727,0.06
614,0.05,0.1029629629629629
615,0.0566666666666666,0.0624137931034482
616,0.0248275862068965,0.0890909090909091
617,0.0719354838709677,0.0
618,0.0681818181818181,0.2225
619,0.063030303030303,0.1387499999999999
620,0.0557692307692307,0.0849999999999999
621,0.0719047619047619,0.096
622,0.0686666666666666,0.1358823529411764
623,0.065,0.1433333333333333
624,0.07,0.1074999999999999
625,0.01,0.12
626,0.05,0.065
627,0.13,0.0
628,0.1055,0.0
629,0.0471428571428571,0.07
630,0.0,0.0
631,0.0,0.0
632,0.0,0.16875
633,0.0,0.075
634,0.0,0.0533333333333333
635,0.074,0.107
636,0.1516666666666666,0.0775
637,0.08,0.0
638,0.16,0.03
639,0.0,0.0422222222222222
640,0.0,0.1999999999999999
641,0.0,0.13
642,0.03,0.125
643,0.02,0.0825
644,0.02,0.0588888888888889
645,0.0,0.0
646,0.0,0.0
647,0.0,0.0
648,0.1466666666666666,0.13
649,0.1141935483870967,0.0
650,0.1114285714285714,0.195
651,0.0866666666666666,0.0
652,0.1148,0.0
653,0.0849999999999999,0.0
654,0.0629411764705882,0.135
655,0.0988888888888889,0.0
656,0.0970833333333333,0.0
657,0.1024999999999999,0.2271428571428571
658,0.0780645161290322,0.1261538461538461
659,0.1102857142857142,0.0985714285714285
660,0.0518181818181818,0.155
661,0.0328571428571428,0.0
662,0.0183333333333333,0.078
663,0.0316,0.1833333333333333
664,0.0409090909090909,0.0499999999999999
665,0.0765217391304348,0.0
666,0.0644,0.0
667,0.0641935483870968,0.0
668,0.0776666666666666,0.0
669,0.0668181818181818,0.05
670,0.0825714285714286,0.0133333333333333
671,0.0,0.1722222222222222
672,0.062,0.1566666666666667
673,0.1335294117647058,0.1633333333333333
674,0.0342857142857143,0.1263636363636363
675,0.0342857142857143,0.0638888888888889
676,0.0282857142857143,0.0
677,0.035,0.0383333333333333
678,0.0462857142857143,0.2225
679,0.17,0.032
680,0.0,0.01
681,0.0,0.04
682,0.0,0.02
683,0.0,0.094
684,0.1593749999999999,0.1966666666666666
685,0.0661111111111111,0.0583333333333333
686,0.0547826086956521,0.1433333333333333
687,0.09625,0.1364705882352941
688,0.0945454545454545,0.1296551724137931
689,0.0,0.0932
690,0.0,0.1251515151515151
691,0.0,0.0864705882352941
692,0.0,0.1008571428571429
693,0.0,0.0965714285714285
694,0.0,0.0584375
695,0.0,0.0679411764705882
696,0.0,0.0691428571428571
697,0.0,0.08
698,0.0999999999999999,0.0836
699,0.0711111111111111,0.0659999999999999
700,0.0,0.0314285714285714
701,0.0,0.0508571428571428
702,0.0,0.0664516129032258
703,0.0,0.0803030303030303
704,0.0,0.114
705,0.0,0.1194285714285714
706,0.0,0.1074285714285714
707,0.0,0.1105714285714285
708,0.0,0.0870588235294117
709,0.0,0.0688571428571428
710,0.0,0.0797142857142857
711,0.0,0.0674193548387097
712,0.0,0.0861764705882352
713,0.0,0.1266666666666666
714,0.0,0.0
715,0.0,0.06
716,0.0,0.0
717,0.0725,0.0
718,0.0,0.1208333333333333
719,0.0,0.0908333333333333
720,0.0,0.0699999999999999
721,0.0,0.0870588235294117
722,0.0,0.086
723,0.0966666666666666,0.086
724,0.0,0.1114285714285714
725,0.0,0.1747058823529411
726,0.0,0.1136842105263157
727,0.0794117647058823,0.054516129032258
728,0.0696969696969697,0.055
729,0.0694117647058823,0.0
730,0.1133333333333333,0.0
731,0.0766666666666666,0.005
732,0.0886666666666666,0.0
733,0.0639999999999999,0.0556521739130434
734,0.0816666666666666,0.1666666666666666
735,0.1290909090909091,0.18
736,0.0699999999999999,0.1993548387096774
737,0.12,0.0
738,0.1091304347826086,0.0740624999999999
739,0.114,0.1290909090909091
740,0.0,0.1102941176470588
741,0.0,0.1208823529411765
742,0.056,0.1105882352941176
743,0.0357142857142857,0.0
744,0.052,0.1561764705882353
745,0.0,0.073103448275862
746,0.15625,0.0560714285714285
747,0.0,0.1759259259259259
748,0.03,0.1557142857142857
749,0.0,0.1546153846153846
750,0.1699999999999999,0.1295833333333333
751,0.09,0.0511538461538461
752,0.13,0.1175
753,0.1385714285714285,0.1420588235294118
754,0.0835483870967742,0.1076470588235294
755,0.068,0.1264705882352941
756,0.0561111111111111,0.1105882352941176
757,0.0,0.1135294117647058
758,0.0,0.0935294117647058
759,0.0,0.1273529411764705
760,0.0,0.1435483870967741
761,0.0,0.1002941176470588
762,0.0,0.1255882352941176
763,0.0,0.0802941176470588
764,0.0,0.1041176470588235
765,0.1033333333333333,0.1258823529411764
766,0.162,0.0997058823529411
767,0.1157575757575757,0.0908823529411764
768,0.0577272727272727,0.1329411764705882
769,0.09,0.129375
770,0.128,0.0525714285714286
771,0.0888571428571428,0.14
772,0.0711428571428571,0.1294285714285714
773,0.12125,0.0648571428571428
774,0.0862857142857142,0.1167647058823529
775,0.0268571428571428,0.0671428571428571
776,0.0217142857142857,0.1125714285714285
777,0.0128571428571428,0.1951724137931034
778,0.0742857142857142,0.155
779,0.0277142857142857,0.2061764705882353
780,0.0502857142857142,0.155
781,0.0342857142857142,0.1545714285714285
782,0.0274285714285714,0.1767647058823529
783,0.0342857142857142,0.2158823529411765
784,0.0372222222222222,0.1788235294117647
785,0.0513888888888889,0.1773529411764706
786,0.0722857142857142,0.2014705882352941
787,0.0857142857142856,0.1679411764705883
788,0.0591428571428571,0.1446666666666666
789,0.1315624999999999,0.2024999999999999
790,0.1623529411764706,0.1768571428571428
791,0.1108571428571428,0.1817647058823529
792,0.114,0.1708823529411765
793,0.1611764705882353,0.1741176470588235
794,0.1572727272727272,0.2202857142857143
795,0.07,0.2047058823529412
796,0.1002857142857142,0.1051428571428571
797,0.1057142857142857,0.1397058823529411
798,0.1652941176470588,0.1742424242424243
799,0.1661764705882352,0.1974074074074074
800,0.1620588235294117,0.2079310344827586
801,0.0708571428571428,0.1909090909090909
802,0.0265714285714285,0.1420588235294116
803,0.0954285714285714,0.0445714285714285
804,0.0588571428571428,0.0982857142857143
805,0.0822857142857142,0.1629411764705882
806,0.1211764705882353,0.178
807,0.0894285714285714,0.1708571428571428
808,0.0213888888888888,0.1841176470588235
809,0.1261764705882353,0.1751612903225806
810,0.074,0.1685294117647059
811,0.1294117647058824,0.1755882352941176
812,0.1270588235294117,0.1608823529411764
813,0.0928124999999999,0.1835294117647058
814,0.1,0.1705882352941177
815,0.1023529411764705,0.1970588235294117
816,0.0926470588235294,0.1656666666666666
817,0.1579411764705882,0.1139999999999999
818,0.1179411764705882,0.0961764705882353
819,0.1205882352941176,0.1552941176470587
820,0.1014285714285714,0.1567647058823529
821,0.1649999999999999,0.1709375
822,0.1244117647058823,0.1303124999999999
823,0.1088571428571428,0.0614285714285714
824,0.1705882352941176,0.0277142857142857
825,0.1502857142857142,0.0365714285714285
826,0.173235294117647,0.044
827,0.0490909090909091,0.0445714285714285
828,0.0602777777777777,0.1038235294117646
829,0.0263888888888889,0.1717647058823529
830,0.0236111111111111,0.1135294117647058
831,0.0366666666666666,0.0434375
832,0.0902857142857143,0.0894117647058823
833,0.0557142857142857,0.0893333333333333
834,0.0362857142857142,0.0826315789473684
835,0.0162857142857142,0.0941176470588235
836,0.01,0.1031428571428571
837,0.0231428571428571,0.0668571428571428
838,0.0491428571428571,0.0565714285714285
839,0.0382857142857143,0.0622857142857142
840,0.0588571428571428,0.0274285714285714
841,0.054,0.1126470588235294
842,0.0416666666666666,0.1688235294117647
843,0.0671428571428571,0.1523529411764705
844,0.0385714285714285,0.0925714285714286
845,0.015625,0.1473529411764705
846,0.0177142857142857,0.1688235294117647
847,0.032,0.174516129032258
848,0.0155882352941176,0.1608823529411764
849,0.0888571428571429,0.1017647058823529
850,0.0697142857142857,0.0667647058823529
851,0.0839999999999999,0.1305882352941176
852,0.0837499999999999,0.1279411764705882
853,0.1677142857142857,0.078235294117647
854,0.0934285714285714,0.0442857142857142
855,0.1591176470588234,0.1416666666666667
856,0.1573529411764705,0.0661764705882352
857,0.1344117647058823,0.0574285714285714
858,0.0605714285714285,0.0294285714285714
859,0.1125714285714285,0.1005714285714285
860,0.0902941176470588,0.0977142857142856
861,0.09,0.0554285714285714
862,0.034,0.0713793103448276
863,0.0794285714285714,0.0694285714285714
864,0.0458823529411764,0.0285714285714285
865,0.0675,0.0817142857142857
866,0.0794285714285714,0.1273529411764705
867,0.0845714285714285,0.1364705882352941
868,0.126470588235294,0.0617142857142857
869,0.0788571428571428,0.0651428571428571
870,0.1255882352941176,0.1235294117647058
871,0.0528571428571428,0.082
872,0.1005714285714285,0.1411764705882353
873,0.0974285714285713,0.0711428571428571
874,0.0365625,0.0971428571428571
875,0.1046875,0.0957142857142857
876,0.05,0.0737142857142857
877,0.0771428571428571,0.0899999999999999
878,0.1188571428571428,0.1308571428571428
879,0.1074285714285714,0.0445714285714285
880,0.1225714285714285,0.024
881,0.11,0.1444117647058823
882,0.0491428571428571,0.05125
883,0.0177142857142857,0.024
884,0.0385294117647059,0.0211428571428571
885,0.0664705882352941,0.0457142857142857
886,0.066,0.0751428571428571
887,0.0688571428571428,0.0834285714285714
888,0.0617647058823529,0.0431428571428571
889,0.034,0.0594285714285714
890,0.1546875,0.0428571428571428
891,0.1134285714285714,0.0348571428571428
892,0.1182857142857143,0.0434285714285714
893,0.1188571428571428,0.0671428571428571
894,0.122,0.055
895,0.0722857142857142,0.026
896,0.0320588235294117,0.0482857142857143
897,0.023235294117647,0.0885294117647058
898,0.025,0.0409677419354838
899,0.0194117647058823,0.0394117647058823
900,0.0465625,0.068235294117647
901,0.0964516129032258,0.0402941176470588
902,0.037,0.035
903,0.0947058823529412,0.0491176470588235
904,0.1191666666666666,0.0423529411764706
905,0.1129411764705882,0.0487096774193548
906,0.1164705882352941,0.0652941176470588
907,0.080625,0.0667647058823529
908,0.1244444444444444,0.0814705882352941
909,0.0733333333333333,0.0697058823529412
910,0.0555555555555555,0.0508823529411764
911,0.0490909090909091,0.0805882352941176
912,0.0605882352941176,0.0770588235294117
913,0.1315384615384615,0.0371428571428571
914,0.1578947368421052,0.0197142857142857
915,0.0828571428571428,0.0217647058823529
916,0.1033333333333333,0.0241176470588235
917,0.17,0.0311764705882353
918,0.1475,0.0302941176470588
919,0.124,0.0735294117647059
920,0.10375,0.0670588235294117
921,0.0592307692307692,0.1157142857142857
922,0.08,0.1902857142857143
923,0.0791666666666666,0.1462857142857143
924,0.088,0.102
925,0.0607407407407407,0.0115625
926,0.04375,0.0144117647058823
927,0.025,0.0178787878787878
928,0.0790625,0.0096969696969697
929,0.08125,0.0106060606060606
930,0.0999999999999999,0.0745714285714286
931,0.067,0.0745714285714285
932,0.0837499999999999,0.0671428571428571
933,0.1399999999999999,0.0229411764705882
934,0.1657142857142857,0.0117647058823529
935,0.073,0.0121212121212121
936,0.15,0.0133333333333333
937,0.009375,0.0251515151515151
938,0.073125,0.0133333333333333
939,0.0686666666666666,0.2002941176470588
940,0.0170588235294117,0.2049999999999999
941,0.0257142857142857,0.0778125
942,0.1019047619047619,0.1114705882352941
943,0.0854285714285714,0.1217142857142856
944,0.0908823529411764,0.116060606060606
945,0.03625,0.22
946,0.0191176470588235,0.1048571428571428
947,0.0265714285714285,0.1149999999999999
948,0.036,0.1414285714285714
949,0.0214285714285714,0.1262857142857142
950,0.0238235294117647,0.2252941176470588
951,0.0161764705882353,0.0877142857142857
952,0.0323529411764706,0.058
953,0.0347058823529412,0.0347058823529412
954,0.0528571428571428,0.0185294117647058
955,0.0347058823529412,0.046875
956,0.026,0.0545714285714286
957,0.0161764705882353,0.0502857142857143
958,0.07,0.0380555555555555
959,0.0919999999999999,0.0235
960,0.0365714285714285,0.0381818181818182
961,0.0271428571428571,0.041578947368421
962,0.0114285714285714,0.006
963,0.0383333333333333,0.0933333333333333
964,0.0384848484848485,0.11
965,0.0402857142857143,0.1335294117647058
966,0.038,0.0908571428571428
967,0.026,0.1936
968,0.028,0.1414285714285714
969,0.034,0.1099999999999999
970,0.0368571428571428,0.0645714285714286
971,0.054,0.0747058823529411
972,0.0514285714285714,0.07
973,0.0457142857142857,0.0909375
974,0.0376470588235294,0.0916666666666667
975,0.1388571428571428,0.08
976,0.0431428571428571,0.1206666666666666
977,0.0284375,0.0747368421052631
978,0.0326470588235294,0.068235294117647
979,0.0345714285714285,0.0658333333333333
980,0.0379411764705882,0.0880952380952381
981,0.0317142857142857,0.1469230769230769
982,0.0348571428571428,0.149
983,0.0354285714285714,0.1545454545454545
984,0.0308823529411764,0.13
985,0.0417647058823529,0.13
986,0.0242857142857142,0.108
987,0.0285714285714285,0.1534782608695652
988,0.0417142857142857,0.1266666666666666
989,0.0288571428571428,0.1656521739130434
990,0.0297142857142857,0.0985714285714285
991,0.0354285714285714,0.1016666666666666
992,0.0517647058823529,0.13625
993,0.0605882352941176,0.1107692307692307
994,0.0467647058823529,0.1183333333333333
995,0.086875,0.181
996,0.0742857142857143,0.0788235294117647
997,0.0514285714285714,0.0985714285714285
998,0.0608571428571428,0.0945833333333333
999,0.0557142857142857,0.0761764705882353
1000,0.0426470588235294,0.0818518518518518
1001,0.0391428571428571,0.116551724137931
1002,0.112258064516129,0.1765
1003,0.0867647058823529,0.1736
1004,0.0361764705882353,0.1475
1005,0.0388888888888889,0.1399999999999999
1006,0.0271428571428571,0.1359090909090909
1007,0.0512121212121212,0.1871428571428571
1008,0.0868421052631579,0.0976923076923076
1009,0.0405882352941176,0.0877777777777777
1010,0.1248571428571428,0.1855555555555555
1011,0.1111764705882352,0.0678260869565217
1012,0.1467647058823529,0.0538461538461538
1013,0.1228571428571428,0.0764516129032258
1014,0.0571875,0.1025
1015,0.058,0.0809999999999999
1016,0.086,0.0457142857142857
1017,0.1002857142857143,0.0388235294117647
1018,0.0617142857142856,0.0476470588235294
1019,0.0288235294117647,0.0428571428571428
1020,0.1505714285714285,0.0423529411764706
1021,0.0197058823529411,0.0374285714285714
1022,0.0939999999999999,0.0391428571428571
1023,0.1291428571428571,0.034
1024,0.0694117647058823,0.0617142857142857
1025,0.05,0.0735483870967741
1026,0.0545714285714285,0.1413793103448276
1027,0.0617142857142857,0.097
1028,0.0391176470588235,0.0392
1029,0.0258823529411764,0.0748571428571428
1030,0.0208823529411764,0.03
1031,0.0202941176470588,0.055
1032,0.0129411764705882,0.0664285714285714
1033,0.0097058823529411,0.0366666666666666
1034,0.0141176470588235,0.0417391304347826
1035,0.0187096774193548,0.0486666666666666
1036,0.0252941176470588,0.056
1037,0.0126470588235294,0.0811764705882353
1038,0.0138235294117647,0.0717142857142857
1039,0.0188235294117647,0.055
1040,0.0220588235294117,0.0774285714285714
1041,0.0273529411764706,0.0656666666666666
1042,0.0267647058823529,0.0371428571428571
1043,0.0097058823529411,0.038
1044,0.0108823529411764,0.0375
1045,0.0183870967741935,0.0522222222222222
1046,0.01125,0.0535
1047,0.01,0.0630434782608695
1048,0.0148387096774193,0.1709999999999999
1049,0.0202941176470588,0.2533333333333333
1050,0.01,0.1610526315789473
1051,0.0214705882352941,0.1126470588235294
1052,0.028235294117647,0.0755
1053,0.0214705882352941,0.1940625
1054,0.0285294117647058,0.1494285714285714
1055,0.0144117647058823,0.1259375
1056,0.0214705882352941,0.1121212121212121
1057,0.106875,0.1082758620689654
1058,0.1051428571428571,0.1241176470588235
1059,0.0525714285714286,0.1541176470588235
1060,0.0448571428571428,0.1458823529411763
1061,0.0611428571428571,0.1092307692307692
1062,0.0505714285714286,0.1731428571428571
1063,0.0394285714285714,0.0954545454545454
1064,0.0351428571428571,0.1036
1065,0.0514705882352941,0.1373529411764706
1066,0.0740740740740741,0.1037142857142857
1067,0.0409375,0.0603030303030303
1068,0.0426666666666666,0.0590322580645161
1069,0.0859090909090909,0.0875757575757575
1070,0.0757142857142857,0.0768571428571428
1071,0.0733333333333333,0.0993939393939394
1072,0.1272727272727273,0.221
1073,0.1317142857142857,0.0528125
1074,0.0654285714285714,0.0657142857142857
1075,0.0985294117647058,0.0677142857142857
1076,0.1234285714285714,0.0645454545454545
1077,0.1337142857142857,0.05
1078,0.1265625,0.0
1079,0.0892307692307692,0.035
1080,0.0910714285714285,0.0475
1081,0.14625,0.0474285714285714
1082,0.0,0.0405714285714285
1083,0.1283333333333333,0.04125
1084,0.0255,0.0469696969696969
1085,0.0277142857142857,0.055
1086,0.0091428571428571,0.0702777777777777
1087,0.014,0.0925714285714285
1088,0.01875,0.0911428571428571
1089,0.1070967741935483,0.0354285714285714
1090,0.093030303030303,0.034
1091,0.11,0.0617142857142857
1092,0.0663636363636363,0.0582857142857143
1093,0.0585185185185185,0.0694285714285714
1094,0.0861111111111111,0.072
1095,0.0676,0.0834285714285714
1096,0.0892307692307692,0.0842857142857143
1097,0.1007407407407407,0.0848571428571428
1098,0.1072727272727272,0.0708571428571428
1099,0.099375,0.0125714285714285
1100,0.1019047619047619,0.093125
1101,0.0929166666666666,0.1207692307692307
1102,0.0890909090909091,0.1988888888888889
1103,0.048125,0.1797222222222222
1104,0.05125,0.1311111111111111
1105,0.051,0.1313888888888889
1106,0.0586206896551724,0.1534285714285714
1107,0.0679411764705882,0.141875
1108,0.0493333333333333,0.2525925925925926
1109,0.0702941176470588,0.0477142857142857
1110,0.1248484848484848,0.0671875
1111,0.0438461538461538,0.0662857142857143
1112,0.03625,0.074
1113,0.0691176470588235,0.1422857142857143
1114,0.0809677419354838,0.1751428571428571
1115,0.1079411764705881,0.1082857142857142
1116,0.0808571428571428,0.0948571428571428
1117,0.06,0.0828571428571428
1118,0.0605714285714286,0.0731428571428571
1119,0.0418181818181818,0.034
1120,0.0814285714285714,0.0391428571428571
1121,0.16,0.1425714285714285
1122,0.1302857142857142,0.1308571428571428
1123,0.0842857142857142,0.2474285714285714
1124,0.0978787878787879,0.2254285714285714
1125,0.136,0.2445714285714285
1126,0.1225,0.2328571428571428
1127,0.1129032258064516,0.1354285714285714
1128,0.0622857142857143,0.1011428571428571
1129,0.0868571428571429,0.1378125
1130,0.108,0.2302857142857143
1131,0.1188571428571428,0.154
1132,0.102,0.0622857142857143
1133,0.0580952380952381,0.112
1134,0.0275,0.1639999999999999
1135,0.0518181818181818,0.1862857142857142
1136,0.0,0.2085294117647058
1137,0.0,0.2134285714285713
1138,0.0466666666666666,0.2068571428571428
1139,0.07,0.106
1140,0.0,0.0996969696969696
1141,0.0315,0.2713888888888889
1142,0.1424242424242424,0.2445714285714286
1143,0.1138888888888889,0.188235294117647
1144,0.0980555555555555,0.2254285714285715
1145,0.0830555555555555,0.2590625
1146,0.0858333333333333,0.2051428571428571
1147,0.1144444444444444,0.1588571428571428
1148,0.0919444444444444,0.1711428571428571
1149,0.0944444444444444,0.2282857142857143
1150,0.035,0.2068571428571429
1151,0.062,0.1971428571428571
1152,0.0645714285714286,0.19
1153,0.0731428571428571,0.2708571428571428
1154,0.0577142857142857,0.1934285714285714
1155,0.0622857142857143,0.1642857142857143
1156,0.07,0.1962857142857142
1157,0.0751428571428571,0.1708571428571428
1158,0.0868571428571428,0.208
1159,0.0714285714285714,0.1957142857142857
1160,0.0582857142857143,0.1657142857142857
1161,0.068,0.2239999999999999
1162,0.0642857142857143,0.2208571428571428
1163,0.0737142857142857,0.2179999999999999
1164,0.06,0.2494285714285714
1165,0.0542857142857143,0.266
1166,0.0617142857142857,0.216
1167,0.0565714285714286,0.2742857142857143
1168,0.0554285714285714,0.2031428571428571
1169,0.0631428571428571,0.1637142857142857
1170,0.0588571428571429,0.1786666666666666
1171,0.1537142857142857,0.2359999999999999
1172,0.154,0.222
1173,0.0654545454545454,0.1642857142857143
1174,0.136969696969697,0.2242857142857143
1175,0.1611111111111111,0.0253125
1176,0.1469444444444444,0.0254285714285714
1177,0.1227777777777777,0.0325714285714285
1178,0.1444444444444444,0.0611428571428571
1179,0.1513888888888889,0.0534285714285714
1180,0.1652777777777777,0.0588571428571428
1181,0.1494444444444444,0.0668571428571428
1182,0.1280555555555555,0.0722857142857143
1183,0.1263888888888888,0.0802857142857143
1184,0.1054545454545454,0.0751428571428571
1185,0.1363888888888888,0.0634285714285714
1186,0.0905555555555555,0.0588571428571428
1187,0.0708333333333333,0.0468571428571428
1188,0.0661111111111111,0.0571428571428571
1189,0.1130555555555555,0.0574285714285714
1190,0.1361111111111111,0.0611428571428571
1191,0.1333333333333333,0.062
1192,0.1736111111111111,0.0545714285714286
1193,0.044375,0.05375
1194,0.0251428571428571,0.088
1195,0.0288571428571428,0.0894285714285714
1196,0.028,0.13
1197,0.032,0.0639999999999999
1198,0.0317142857142857,0.0428571428571428
1199,0.0314285714285714,0.0491428571428571
1200,0.0471428571428571,0.0311111111111111
1201,0.0302857142857142,0.0794444444444444
1202,0.0331428571428571,0.1191666666666667
1203,0.0265714285714285,0.0602777777777778
1204,0.0237142857142857,0.0955555555555555
1205,0.0325714285714285,0.0833333333333333
1206,0.0245714285714285,0.1255555555555555
1207,0.03,0.1763888888888888
1208,0.0271428571428571,0.1285714285714285
1209,0.046060606060606,0.100625
1210,0.0,0.1471428571428571
1211,0.0122857142857142,0.2414285714285714
1212,0.032,0.1831428571428572
1213,0.0628571428571428,0.1545714285714286
1214,0.0342857142857142,0.1297142857142857
1215,0.0288888888888889,0.1342857142857143
1216,0.0245714285714285,0.1274285714285714
1217,0.036,0.2231428571428571
1218,0.0361111111111111,0.2457142857142857
1219,0.0477142857142857,0.2294285714285714
1220,0.0668571428571428,0.198
1221,0.0214285714285714,0.1694444444444444
1222,0.006,0.228611111111111
1223,0.0257142857142857,0.2594285714285714
1224,0.0002777777777777,0.1159375
1225,0.0013888888888888,0.1211111111111111
1226,0.06,0.0808571428571428
1227,0.0338888888888889,0.0852777777777777
1228,0.0305555555555555,0.0938888888888889
1229,0.0369444444444444,0.1052777777777777
1230,0.0336111111111111,0.0986111111111111
1231,0.0372222222222222,0.0969444444444444
1232,0.0327777777777777,0.1061111111111111
1233,0.0468571428571428,0.1025
1234,0.0374285714285714,0.1172222222222222
1235,0.072,0.1116666666666666
1236,0.0344444444444444,0.1105555555555555
1237,0.0308571428571428,0.1072222222222222
1238,0.0382857142857143,0.1241666666666666
1239,0.0258333333333333,0.1377777777777778
1240,0.0263888888888889,0.1351428571428571
1241,0.045,0.1594444444444445
1242,0.0734285714285714,0.1905555555555556
1243,0.0122857142857142,0.1571428571428571
1244,0.0182857142857142,0.0328125
1245,0.0174285714285714,0.0230555555555555
1246,0.0268571428571428,0.03
1247,0.0245454545454545,0.054
1248,0.0244444444444444,0.0802857142857142
1249,0.0291666666666666,0.0597142857142857
1250,0.0128571428571428,0.0197142857142857
1251,0.0128571428571428,0.0194285714285714
1252,0.0774285714285714,0.084
1253,0.0438888888888889,0.1117142857142857
1254,0.0357142857142857,0.0762857142857143
1255,0.0241666666666666,0.048
1256,0.0255555555555555,0.0179411764705882
1257,0.0241666666666666,0.001875
1258,0.0119444444444444,0.0088571428571428
1259,0.0127777777777777,0.0917857142857142
1260,0.0245454545454545,0.0247222222222222
1261,0.0471428571428571,0.0191428571428571
1262,0.0282857142857143,0.0182857142857142
1263,0.0508571428571428,0.0265714285714285
1264,0.0762857142857142,0.0317142857142857
1265,0.0474285714285714,0.0328571428571428
1266,0.048,0.0205555555555555
1267,0.0436111111111111,0.0409090909090909
1268,0.026,0.0286111111111111
1269,0.0305714285714285,0.0175
1270,0.0294285714285714,0.0183333333333333
1271,0.0525714285714285,0.0213888888888888
1272,0.0331428571428571,0.0216666666666666
1273,0.0283333333333333,0.0228571428571428
1274,0.0322857142857143,0.0505714285714285
1275,0.0485714285714286,0.0639999999999999
1276,0.0465714285714286,0.066
1277,0.0319444444444444,0.0328125
1278,0.0296969696969697,0.0725714285714285
1279,0.0285714285714285,0.1405555555555555
1280,0.0237142857142857,0.0725714285714285
1281,0.0234285714285714,0.056
1282,0.0168571428571428,0.052
1283,0.02,0.0577142857142857
1284,0.0237142857142857,0.0268571428571428
1285,0.05375,0.02
1286,0.034,0.0574285714285714
1287,0.0477142857142857,0.046
1288,0.0385714285714285,0.0528571428571428
1289,0.0494285714285714,0.0294285714285714
1290,0.048,0.0693939393939394
1291,0.0368571428571428,0.0628571428571428
1292,0.0266666666666666,0.0583333333333333
1293,0.02,0.0625
1294,0.0211111111111111,0.0397222222222222
1295,0.0188571428571428,0.0431428571428571
1296,0.0197222222222222,0.0522857142857143
1297,0.0213888888888888,0.0472222222222222
1298,0.0197222222222222,0.0390909090909091
1299,0.0157142857142857,0.0386111111111111
1300,0.0197142857142857,0.0557142857142857
1301,0.0233333333333333,0.0474285714285714
1302,0.0225,0.0697142857142857
1303,0.0254285714285714,0.0996551724137931
1304,0.0594285714285714,0.0922857142857142
1305,0.0793749999999999,0.0625714285714286
1306,0.0268571428571428,0.1562857142857142
1307,0.0231428571428571,0.0465714285714286
1308,0.0274285714285714,0.0861764705882352
1309,0.0186111111111111,0.1471428571428572
1310,0.0186111111111111,0.0808333333333333
1311,0.0158333333333333,0.074
1312,0.0163888888888888,0.046
1313,0.0197222222222222,0.0471428571428571
1314,0.0247222222222222,0.0614285714285714
1315,0.0736111111111111,0.0197142857142857
1316,0.0202777777777777,0.080625
1317,0.0783333333333333,0.0614285714285714
1318,0.0648571428571428,0.1085714285714286
1319,0.0465714285714286,0.1334285714285713
1320,0.0322857142857143,0.0308571428571428
1321,0.0311428571428571,0.042
1322,0.0471428571428571,0.0408571428571428
1323,0.0451428571428571,0.0622857142857143
1324,0.0457142857142857,0.0611428571428571
1325,0.0405714285714285,0.0394285714285714
1326,0.1010344827586207,0.0882857142857143
1327,0.0914705882352941,0.0954285714285714
1328,0.0844117647058823,0.0614285714285714
1329,0.1305714285714286,0.0622857142857143
1330,0.1045714285714285,0.1762857142857143
1331,0.14,0.0808571428571428
1332,0.1277142857142857,0.0734375
1333,0.1261764705882353,0.0628571428571428
1334,0.0868571428571428,0.0369696969696969
1335,0.1022222222222222,0.0265714285714285
1336,0.0593939393939394,0.0354285714285714
1337,0.0302857142857143,0.0665714285714285
1338,0.042,0.114
1339,0.0474285714285714,0.0686111111111111
1340,0.0471428571428571,0.0622857142857143
1341,0.0357142857142857,0.078
1342,0.0514285714285714,0.1154285714285714
1343,0.0561764705882353,0.0754285714285714
1344,0.0625,0.0694285714285714
1345,0.0785294117647058,0.0577142857142857
1346,0.0539393939393939,0.0837142857142857
1347,0.0558823529411765,0.111875
1348,0.048,0.046
1349,0.0457142857142857,0.064
1350,0.0468571428571428,0.1017142857142856
1351,0.0425714285714285,0.1222857142857142
1352,0.0382857142857143,0.0645714285714285
1353,0.04,0.0482857142857143
1354,0.0362857142857142,0.0454285714285714
1355,0.048,0.0465714285714286
1356,0.0497142857142857,0.0537142857142857
1357,0.048,0.028
1358,0.0537142857142857,0.0397142857142857
1359,0.0848148148148148,0.0623529411764706
1360,0.0,0.056
1361,0.0,0.1246875
1362,0.0,0.1658823529411764
1363,0.1142857142857143,0.1692307692307692
1364,0.1074999999999999,0.12
1365,0.0811428571428571,0.1961764705882352
1366,0.0645714285714286,0.1841935483870967
1367,0.0694285714285714,0.1173529411764705
1368,0.1017142857142857,0.1174285714285714
1369,0.1451428571428571,0.1362857142857143
1370,0.1511428571428572,0.124
1371,0.1776470588235294,0.1477142857142857
1372,0.1497058823529412,0.1502857142857143
1373,0.1538235294117647,0.1777142857142857
1374,0.1455882352941176,0.1571428571428571
1375,0.16,0.1258823529411765
1376,0.1670588235294118,0.1938235294117646
1377,0.0621875,0.0655555555555555
1378,0.076,0.0549999999999999
1379,0.073235294117647,0.1864285714285714
1380,0.0625714285714286,0.0844
1381,0.07,0.1588235294117647
1382,0.0765714285714285,0.0808823529411764
1383,0.0725714285714285,0.0691428571428571
1384,0.0617142857142857,0.0928571428571428
1385,0.0717142857142857,0.0908823529411764
1386,0.096,0.1614705882352941
1387,0.1199999999999999,0.1372
1388,0.1731428571428571,0.1152941176470588
1389,0.1770588235294117,0.1326470588235294
1390,0.0825,0.133235294117647
1391,0.0683333333333333,0.1626470588235294
1392,0.1311764705882352,0.2258823529411764
1393,0.0711764705882353,0.2511764705882353
1394,0.0905882352941176,0.2405882352941176
1395,0.0823529411764705,0.1997058823529411
1396,0.0665625,0.1885294117647059
1397,0.0494285714285714,0.188
1398,0.058,0.0
1399,0.0734285714285714,0.0
1400,0.0588571428571428,0.1
1401,0.0648571428571428,0.1096296296296296
1402,0.076,0.1641176470588235
1403,0.102,0.2814285714285714
1404,0.1045714285714285,0.2647619047619048
1405,0.0894285714285714,0.2086666666666667
1406,0.0914285714285714,0.2524137931034482
1407,0.123235294117647,0.2697142857142857
1408,0.0612121212121212,0.2419999999999999
1409,0.0237142857142857,0.1745714285714286
1410,0.0205714285714285,0.2059375
1411,0.0394285714285714,0.1225714285714285
1412,0.0294285714285714,0.2811764705882352
1413,0.0618181818181818,0.145
1414,0.0505714285714286,0.2257142857142857
1415,0.0348571428571428,0.1136363636363636
1416,0.0377419354838709,0.1516666666666666
1417,0.0238709677419354,0.213125
1418,0.0579310344827586,0.2625
1419,0.0432258064516129,0.2333333333333334
1420,0.0363636363636363,0.2158333333333333
1421,0.049090909090909,0.1214285714285714
1422,0.0487096774193548,0.16375
1423,0.072,0.265
1424,0.0528571428571428,0.255
1425,0.0223333333333333,0.2670588235294118
1426,0.049047619047619,0.2328571428571428
1427,0.09,0.24
1428,0.0673076923076923,0.2552941176470589
1429,0.0664285714285714,0.1960714285714286
1430,0.0228571428571428,0.1970833333333334
1431,0.0347368421052631,0.1921052631578947
1432,0.02,0.2161111111111111
1433,0.0464285714285714,0.2205263157894737
1434,0.0814285714285714,0.2066666666666666
1435,0.045,0.2073333333333333
1436,0.02,0.2506451612903225
1437,0.0275,0.2115384615384615
1438,0.0,0.056875
1439,0.11,0.0
1440,0.047,0.05875
1441,0.0451515151515151,0.1578125
1442,0.0617647058823529,0.2316666666666667
1443,0.0507142857142857,0.2175
1444,0.0729411764705882,0.23875
1445,0.0763636363636363,0.1963636363636363
1446,0.0257142857142857,0.266
1447,0.0,0.2471428571428571
1448,0.0,0.2454545454545454
1449,0.0,0.180625
1450,0.015,0.1878947368421052
1451,0.015,0.0478571428571428
1452,0.0,0.11
1453,0.0,0.1777777777777777
1454,0.0,0.1085714285714285
1455,0.0,0.2728571428571429
1456,0.0,0.2606666666666666
1457,0.0,0.2015384615384615
1458,0.0,0.1554545454545454
1459,0.0,0.2561764705882354
1460,0.0,0.2287878787878788
1461,0.0,0.2532142857142857
1462,0.0,0.1699999999999999
1463,0.0,0.1888
1464,0.0,0.2319047619047618
1465,0.0679999999999999,0.164090909090909
1466,0.0,0.2267857142857142
1467,0.0,0.1161904761904762
1468,0.0,0.1982608695652173
1469,0.0,0.1780769230769231
1470,0.0,0.2372727272727272
1471,0.0603030303030303,0.1957142857142857
1472,0.0575,0.2225
1473,0.0706451612903226,0.0875
1474,0.053030303030303,0.0547058823529412
1475,0.0477142857142857,0.0711764705882353
1476,0.07,0.104516129032258
1477,0.0733333333333333,0.2066666666666666
1478,0.0725,0.1384375
1479,0.0533333333333333,0.1091176470588235
1480,0.0,0.0708823529411765
1481,0.0333333333333333,0.0705714285714285
1482,0.0485714285714286,0.0525
1483,0.0614285714285714,0.0
1484,0.0506666666666666,0.015
1485,0.0,0.219
1486,0.0,0.098
1487,0.0,0.0
1488,0.08875,0.0913636363636363
1489,0.0788571428571428,0.0741935483870968
1490,0.0802857142857142,0.0984615384615384
1491,0.092,0.1341666666666666
1492,0.0325925925925926,0.083
1493,0.0770588235294117,0.0653571428571428
1494,0.084,0.0692307692307692
1495,0.0,0.033
1496,0.0191666666666666,0.0588235294117647
1497,0.042,0.0933333333333333
1498,0.0392857142857142,0.0325
1499,0.0328,0.056
1500,0.0485714285714285,0.03
1501,0.055,0.0
1502,0.0571428571428571,0.125
1503,0.0658333333333333,0.1035714285714285
1504,0.032,0.1160714285714285
1505,0.0252941176470588,0.0
1506,0.0238888888888888,0.0
1507,0.03,0.0
1508,0.055625,0.025
1509,0.0,0.0233333333333333
1510,0.0683333333333333,0.033125
1511,0.0969230769230769,0.115
1512,0.0955555555555555,0.0
1513,0.0228571428571428,0.0525
1514,0.0339130434782608,0.0499999999999999
1515,0.033076923076923,0.1088888888888888
1516,0.02,0.065
1517,0.0,0.076
1518,0.0,0.0103030303030303
1519,0.01375,0.0116666666666666
1520,0.0643478260869565,0.0105555555555555
1521,0.094,0.0155555555555555
1522,0.0625,0.0094444444444444
1523,0.0209999999999999,0.0091428571428571
1524,0.0227272727272727,0.0094285714285714
1525,0.0254166666666666,0.0103703703703703
1526,0.0314285714285714,0.0094285714285714
1527,0.0,0.0111428571428571
1528,0.0155555555555555,0.008
1529,0.04,0.0102777777777777
1530,0.0272727272727272,0.0102857142857142
1531,0.0,0.01
1532,0.0,0.0072222222222222
1533,0.0949999999999999,0.0
1534,0.015,0.06
1535,0.045,0.13
1536,0.0774999999999999,0.1866666666666666
1537,0.0,0.0
1538,0.0,0.0
1539,0.0,0.0
1540,0.0,0.11
1541,0.0,0.0
1542,0.0,0.064
1543,0.075,0.0692
1544,0.0,0.1017857142857143
1545,0.0,0.0748387096774193
1546,0.05,0.0979166666666667
1547,0.0,0.0948571428571428
1548,0.0238461538461538,0.0470588235294117
1549,0.02125,0.05125
1550,0.0,0.07
1551,0.0175757575757575,0.1058620689655172
1552,0.0144999999999999,0.0494117647058823
1553,0.0457575757575757,0.056060606060606
1554,0.0275,0.06
1555,0.016875,0.0713636363636363
1556,0.0,0.0557894736842105
1557,0.0,0.2093333333333333
1558,0.0,0.068
1559,0.0,0.06
1560,0.0,0.0673333333333333
1561,0.0,0.095625
1562,0.0,0.0913333333333333
1563,0.0,0.1111111111111111
1564,0.0,0.154074074074074
1565,0.0,0.0866666666666666
1566,0.0227272727272727,0.0552631578947368
1567,0.0819999999999999,0.0366666666666666
1568,0.04,0.0633333333333333
1569,0.064,0.0911111111111111
1570,0.1311764705882352,0.0795454545454545
1571,0.0540909090909091,0.0228571428571428
1572,0.0502941176470588,0.0075757575757575
1573,0.0471428571428571,0.0062857142857142
1574,0.055,0.0077142857142857
1575,0.0275,0.0030555555555555
1576,0.03,0.0080555555555555
1577,0.0308,0.0086111111111111
1578,0.0304,0.0114285714285714
1579,0.0146666666666666,0.01
1580,0.025,0.0102777777777777
1581,0.0,0.0080555555555555
1582,0.0,0.0102777777777777
1583,0.06,0.0088571428571428
1584,0.0096969696969697,0.0086111111111111
1585,0.0366666666666666,0.0069444444444444
1586,0.0194444444444444,0.01
1587,0.0505714285714285,0.0119444444444444
1588,0.01,0.0102777777777777
1589,0.0061111111111111,0.0091666666666666
1590,0.0052777777777777,0.0
1591,0.0654545454545454,0.001
1592,0.0291666666666666,0.0048484848484848
1593,0.0642857142857143,0.0105555555555555
1594,0.0912499999999999,0.0113888888888888
1595,0.0258333333333333,0.0102777777777777
1596,0.0505882352941176,0.0108333333333333
1597,0.0155555555555555,0.0105555555555555
1598,0.0025,0.0119444444444444
1599,0.03375,0.0147222222222222
1600,0.010625,0.0252777777777777
1601,0.0070967741935483,0.0188888888888888
1602,0.0063888888888888,0.0215384615384615
1603,0.0029411764705882,0.01
1604,0.02,0.004
1605,0.0183333333333333,0.0019444444444444
1606,0.0135294117647058,0.0291428571428571
1607,0.0223076923076923,0.0421212121212121
1608,0.0,0.0705555555555555
1609,0.0,0.1314814814814814
1610,0.0,0.0372727272727272
1611,0.0321875,0.0490322580645161
1612,0.0611428571428571,0.0752380952380952
1613,0.0617142857142857,0.0544444444444444
1614,0.0308571428571428,0.0375
1615,0.0445714285714285,0.0737499999999999
1616,0.0417142857142857,0.0691666666666666
1617,0.0471428571428571,0.0873529411764705
1618,0.044,0.0
1619,0.0548571428571428,0.0
1620,0.0465714285714286,0.0
1621,0.0531428571428571,0.0569999999999999
1622,0.0508571428571428,0.18
1623,0.0585714285714286,0.158235294117647
1624,0.0505714285714286,0.1111764705882352
1625,0.0542857142857143,0.1126470588235294
1626,0.046,0.1536363636363636
1627,0.0678787878787878,0.1102941176470588
1628,0.05,0.1051612903225806
1629,0.046875,0.0956666666666666
1630,0.0378125,0.0808
1631,0.0596875,0.0672727272727272
1632,0.058235294117647,0.0286666666666666
1633,0.054,0.052
1634,0.05125,0.0
1635,0.0712121212121212,0.012
1636,0.075,0.091
1637,0.1124242424242424,0.0663888888888889
1638,0.0714814814814815,0.0394444444444444
1639,0.0947058823529412,0.0561111111111111
1640,0.1214285714285714,0.0447222222222222
1641,0.0788888888888889,0.0441666666666666
1642,0.0644444444444444,0.0266666666666666
1643,0.1159374999999999,0.0252777777777777
1644,0.0588888888888889,0.0348484848484848
1645,0.06,0.022
1646,0.0454166666666666,0.02
1647,0.0532,0.1113333333333333
1648,0.0624242424242424,0.1103225806451613
1649,0.0907142857142857,0.0999999999999999
1650,0.0826315789473684,0.105
1651,0.05,0.1588571428571428
1652,0.076,0.0808571428571428
1653,0.0479999999999999,0.0537142857142857
1654,0.0574999999999999,0.0582857142857142
1655,0.0559375,0.0088235294117647
1656,0.0505714285714285,0.0142857142857142
1657,0.0551428571428571,0.1368965517241379
1658,0.0468571428571428,0.0783870967741935
1659,0.0468571428571428,0.0246666666666666
1660,0.0474285714285714,0.0423076923076923
1661,0.0442857142857143,0.0315384615384615
1662,0.0451428571428571,0.011875
1663,0.0422857142857143,0.0132142857142857
1664,0.0417142857142857,0.1191428571428571
1665,0.0402857142857143,0.1025714285714285
1666,0.0422857142857143,0.1054166666666667
1667,0.0365714285714285,0.049090909090909
1668,0.038,0.0
1669,0.0468571428571428,0.0
1670,0.0454285714285714,0.0025
1671,0.0442857142857143,0.0692592592592592
1672,0.0457142857142857,0.1457142857142857
1673,0.06,0.2107692307692307
1674,0.0571428571428571,0.0733333333333333
1675,0.06,0.015
1676,0.0565714285714286,0.0
1677,0.0554285714285714,0.0
1678,0.0540625,0.0
1679,0.0,0.0325
1680,0.0375,0.0022222222222222
1681,0.0573529411764706,0.0028571428571428
1682,0.0875862068965517,0.0511111111111111
1683,0.0732258064516129,0.1252380952380952
1684,0.0671428571428571,0.1102941176470588
1685,0.048,0.0894444444444444
1686,0.0414285714285714,0.12
1687,0.0428571428571428,0.1846666666666666
1688,0.0995652173913043,0.1162857142857142
1689,0.0505714285714286,0.0882857142857143
1690,0.0574285714285714,0.098
1691,0.1165714285714285,0.1022857142857143
1692,0.0837142857142857,0.1594285714285714
1693,0.06,0.1877142857142857
1694,0.0777142857142857,0.2074285714285714
1695,0.0917142857142857,0.1490625
1696,0.0846875,0.2513888888888888
1697,0.098,0.2130555555555555
1698,0.1011428571428571,0.2780555555555555
1699,0.0825714285714286,0.2227777777777778
1700,0.1465714285714285,0.1961764705882352
1701,0.168,0.1374285714285714
1702,0.1407142857142857,0.0977142857142857
1703,0.0988571428571428,0.1514285714285714
1704,0.1569565217391304,0.1041176470588235
1705,0.1228571428571428,0.0885714285714285
1706,0.039375,0.0
1707,0.0439130434782608,0.0
1708,0.056060606060606,0.13
1709,0.0508571428571428,0.0858823529411764
1710,0.0497222222222222,0.0199999999999999
1711,0.1271428571428571,0.04
1712,0.1154285714285714,0.0220588235294117
1713,0.0671428571428571,0.018235294117647
1714,0.078,0.0188235294117647
1715,0.0902857142857142,0.0211764705882352
1716,0.0786666666666666,0.0264705882352941
1717,0.083235294117647,0.0591176470588235
1718,0.0848484848484848,0.0317142857142857
1719,0.0822857142857143,0.0858333333333333
1720,0.1,0.0596428571428571
1721,0.0877142857142857,0.0297222222222222
1722,0.0885714285714285,0.013030303030303
1723,0.1014705882352941,0.0144444444444444
1724,0.0934374999999999,0.0111111111111111
1725,0.0985714285714285,0.002
1726,0.0831428571428571,0.0077142857142857
1727,0.0551612903225806,0.0094444444444444
1728,0.064,0.0102857142857142
1729,0.005,0.0111111111111111
1730,0.0072222222222222,0.0146875
1731,0.0074285714285714,0.0077142857142857
1732,0.0075,0.008125
1733,0.0083333333333333,0.0066666666666666
1734,0.0077777777777777,0.0095
1735,0.0077142857142857,0.0318181818181818
1736,0.0104761904761904,0.0025
1737,0.0084615384615384,0.0433333333333333
1738,0.0138095238095238,0.0233333333333333
1739,0.0204347826086956,0.0
1740,0.0104,0.0099999999999999
1741,0.0097222222222222,0.0141176470588235
1742,0.0117142857142857,0.0133333333333333
1743,0.0134285714285714,0.0277777777777777
1744,0.0066666666666666,0.0176923076923076
1745,0.0092857142857142,0.0171428571428571
1746,0.034,0.0149999999999999
1747,0.0257575757575757,0.033076923076923
1748,0.0202857142857142,0.01
1749,0.0345714285714285,0.03
1750,0.0271428571428571,0.04
1751,0.0333333333333333,0.0109090909090909
1752,0.0395833333333333,0.0144444444444444
1753,0.0311428571428571,0.0157142857142857
1754,0.0527777777777777,0.01
1755,0.0577142857142857,0.02
1756,0.0734375,0.025
1757,0.0622857142857143,0.00625
1758,0.0555555555555555,0.0034285714285714
1759,0.0078787878787878,0.0045714285714285
1760,0.0138888888888888,0.0039999999999999
1761,0.0239393939393939,0.0051428571428571
1762,0.0219444444444444,0.0058823529411764
1763,0.0369444444444444,0.0043749999999999
1764,0.0405714285714285,0.0042857142857142
1765,0.0390909090909091,0.0015625
1766,0.023125,0.0037142857142857
1767,0.0166666666666666,0.0081818181818181
1768,0.0094444444444444,0.0103333333333333
1769,0.0102777777777777,0.0073333333333333
1770,0.0138888888888888,0.0086363636363636
1771,0.0133333333333333,0.0075757575757575
1772,0.0163157894736842,0.004
1773,0.02375,0.0040624999999999
1774,0.0258333333333333,0.0
1775,0.005,0.0
1776,0.008,0.0199999999999999
1777,0.0166666666666666,0.0622222222222222
1778,0.0,0.0385714285714285
1779,0.0466666666666666,0.0654838709677419
1780,0.0,0.0191176470588235
1781,0.0,0.0114705882352941
1782,0.0070967741935483,0.0185714285714285
1783,0.0029411764705882,0.0247058823529411
1784,0.0071428571428571,0.0108571428571428
1785,0.0154545454545454,0.0181818181818181
1786,0.0185294117647058,0.0259375
1787,0.014,0.0148571428571428
1788,0.0141666666666666,0.0538709677419355
1789,0.0222222222222222,0.0411764705882353
1790,0.0133333333333333,0.0908823529411764
1791,0.0221212121212121,0.0777142857142857
1792,0.0318518518518518,0.0931428571428571
1793,0.0791666666666666,0.0451428571428571
1794,0.0174285714285714,0.0522857142857143
1795,0.0127777777777777,0.0870588235294117
1796,0.0163888888888888,0.0973529411764705
1797,0.0155555555555555,0.055
1798,0.0133333333333333,0.0435294117647059
1799,0.0202777777777777,0.0219354838709677
1800,0.03,0.0252941176470588
1801,0.0525,0.054
1802,0.0631428571428571,0.0411428571428571
1803,0.0541666666666666,0.0242857142857142
1804,0.0347222222222222,0.0057142857142857
1805,0.0275,0.0002857142857142
1806,0.0282857142857143,0.0102857142857142
1807,0.0203030303030303,0.0028571428571428
1808,0.0133333333333333,0.0097142857142857
1809,0.0119444444444444,0.0768571428571428
1810,0.0147222222222222,0.0557142857142857
1811,0.0136111111111111,0.0382857142857143
1812,0.0144444444444444,0.046
1813,0.0127777777777777,0.0442857142857142
1814,0.0152777777777777,0.0322857142857143
1815,0.016,0.058
1816,0.0185294117647058,0.0148571428571428
1817,0.0266666666666666,0.0039999999999999
1818,0.0261111111111111,0.0041176470588235
1819,0.0183333333333333,0.0115625
1820,0.0046875,0.0111428571428571
1821,0.0062068965517241,0.0182857142857142
1822,0.0037931034482758,0.0223529411764705
1823,0.0075,0.0494285714285714
1824,0.0057692307692307,0.0414285714285714
1825,0.0041935483870967,0.0505714285714286
1826,0.006,0.0477142857142857
1827,0.005,0.1
1828,0.005,0.0891428571428571
1829,0.006,0.0414285714285714
1830,0.0,0.0634375
1831,0.0,0.1171428571428571
1832,0.028,0.1708571428571428
1833,0.0807692307692307,0.0385294117647059
1834,0.0,0.0370588235294117
1835,0.0,0.0355882352941176
1836,0.0,0.0970588235294117
1837,0.0,0.1558823529411765
1838,0.0,0.1694285714285714
1839,0.0118181818181818,0.1185714285714285
1840,0.0184848484848484,0.0271875
1841,0.0174285714285714,0.0325714285714285
1842,0.0203225806451613,0.0554285714285714
1843,0.025,0.0745714285714286
1844,0.0167741935483871,0.08
1845,0.0082857142857142,0.1111764705882353
1846,0.0138888888888888,0.0873529411764705
1847,0.006875,0.0126470588235294
1848,0.0091428571428571,0.0114705882352941
1849,0.0083333333333333,0.0655882352941176
1850,0.0080555555555555,0.1908571428571429
1851,0.0146666666666666,0.0799999999999999
1852,0.0113888888888888,0.0594285714285714
1853,0.015,0.0728571428571428
1854,0.0151428571428571,0.0311428571428571
1855,0.0091428571428571,0.0417142857142857
1856,0.0079310344827586,0.042
1857,0.01,0.0468571428571428
1858,0.0109375,0.0417142857142857
1859,0.0083870967741935,0.0671428571428571
1860,0.0055999999999999,0.05
1861,0.0043749999999999,0.05
1862,0.0088888888888888,0.0911428571428571
1863,0.008,0.0277142857142857
1864,0.0102857142857142,0.0617142857142857
1865,0.0097142857142857,0.0382857142857143
1866,0.0106060606060606,0.0345714285714285
1867,0.0097222222222222,0.1361764705882353
1868,0.0091666666666666,0.0854285714285714
1869,0.0102941176470588,0.05
1870,0.0051428571428571,0.0426470588235294
1871,0.0052777777777777,0.0344117647058823
1872,0.0084375,0.0435294117647059
1873,0.0088571428571428,0.0385714285714285
1874,0.0105555555555555,0.02125
1875,0.0145714285714285,0.0125714285714285
1876,0.0102777777777777,0.016
1877,0.0097142857142857,0.0171428571428571
1878,0.0094117647058823,0.0165714285714285
1879,0.0070588235294117,0.0125714285714285
1880,0.008235294117647,0.0071428571428571
1881,0.0061764705882352,0.0088571428571428
1882,0.0051428571428571,0.01
1883,0.0076666666666666,0.012
1884,0.0093939393939393,0.0122857142857142
1885,0.0102941176470588,0.0177142857142857
1886,0.01,0.0142857142857142
1887,0.0112121212121212,0.0142857142857142
1888,0.008095238095238,0.0165714285714285
1889,0.0064285714285714,0.0154285714285714
1890,0.0082857142857142,0.0134285714285714
1891,0.0075,0.0154285714285714
1892,0.0458064516129032,0.0151428571428571
1893,0.0520588235294117,0.012
1894,0.0694117647058823,0.0128571428571428
1895,0.0724242424242424,0.01
1896,0.0594117647058823,0.0111428571428571
1897,0.0602941176470588,0.0137142857142857
1898,0.0570588235294118,0.0148571428571428
1899,0.0571428571428571,0.0134285714285714
1900,0.0588235294117647,0.0454838709677419
1901,0.05,0.0523529411764706
1902,0.0508823529411765,0.0638235294117647
1903,0.0608823529411765,0.0617647058823529
1904,0.0508823529411765,0.0570588235294118
1905,0.055,0.0455882352941176
1906,0.0661764705882353,0.0458823529411765
1907,0.0591176470588235,0.04625
1908,0.0346875,0.0326470588235294
1909,0.0197142857142857,0.0276470588235294
1910,0.0154285714285714,0.0229411764705882
1911,0.0105714285714285,0.0255882352941176
1912,0.0125714285714285,0.0252941176470588
1913,0.0128571428571428,0.0473529411764706
1914,0.0162857142857142,0.0241176470588235
1915,0.0162857142857142,0.0288235294117647
1916,0.02,0.0217647058823529
1917,0.0162857142857142,0.0197058823529411
1918,0.018,0.0314285714285714
1919,0.0154285714285714,0.0258823529411764
1920,0.0137142857142857,0.0291176470588235
1921,0.0151428571428571,0.0361764705882353
1922,0.0593548387096774,0.0191176470588235
1923,0.0526470588235294,0.018125
1924,0.0552941176470588,0.0244117647058823
1925,0.0523529411764706,0.0244117647058823
1926,0.0514705882352941,0.0808823529411764
1927,0.0605882352941176,0.013235294117647
1928,0.0608823529411765,0.0258823529411764
1929,0.0529411764705882,0.0408823529411764
1930,0.0623529411764706,0.0594117647058823
1931,0.0608823529411764,0.1114705882352941
1932,0.0579411764705882,0.0288235294117647
1933,0.0567647058823529,0.0479411764705882
1934,0.0567647058823529,0.0564705882352941
1935,0.0526470588235294,0.0247058823529411
1936,0.0538235294117647,0.0376470588235294
1937,0.0629411764705882,0.0902941176470588
1938,0.0547058823529412,0.0554838709677419
1939,0.0579411764705882,0.0520588235294117
1940,0.0535294117647059,0.0405882352941176
1941,0.1468749999999999,0.1423529411764705
1942,0.052,0.0529411764705882
1943,0.0291428571428571,0.0538235294117647
1944,0.0262857142857142,0.0458823529411764
1945,0.0222857142857142,0.0341176470588235
1946,0.0257142857142857,0.0261764705882353
1947,0.0237142857142857,0.0611764705882353
1948,0.0165714285714285,0.0467647058823529
1949,0.0174285714285714,0.0126470588235294
1950,0.018,0.0376470588235294
1951,0.024,0.0337142857142857
1952,0.0285714285714285,0.0197142857142857
1953,0.0365714285714285,0.2175
1954,0.0271428571428571,0.1342857142857142
1955,0.0282857142857143,0.2005714285714285
1956,0.0261764705882353,0.2594285714285715
1957,0.0251428571428571,0.1491428571428571
1958,0.0257142857142857,0.2565714285714285
1959,0.0371428571428571,0.2262857142857143
1960,0.0297142857142857,0.176
1961,0.0328125,0.2805714285714285
1962,0.0285714285714285,0.2622857142857143
1963,0.0314285714285714,0.1636363636363636
1964,0.0317142857142857,0.0
1965,0.0402857142857143,0.2062499999999999
1966,0.0329411764705882,0.2462857142857142
1967,0.0229411764705882,0.1474285714285714
1968,0.0222857142857142,0.1105882352941176
1969,0.0297142857142857,0.2164705882352941
1970,0.0247058823529411,0.1861764705882353
1971,0.0288571428571428,0.2570588235294118
1972,0.0228571428571428,0.2451428571428572
1973,0.0253125,0.1657142857142856
1974,0.0308823529411764,0.2251428571428571
1975,0.03,0.2722857142857143
1976,0.0308823529411764,0.2617647058823529
1977,0.0228571428571428,0.2420588235294117
1978,0.0244117647058823,0.1908823529411764
1979,0.0223529411764706,0.2022857142857143
1980,0.0277142857142857,0.1685294117647058
1981,0.0329411764705882,0.238
1982,0.1735294117647059,0.2645714285714286
1983,0.1779411764705883,0.244
1984,0.1747058823529411,0.1762857142857143
1985,0.1420588235294118,0.2527777777777776
1986,0.1257142857142857,0.2739999999999999
1987,0.1602857142857142,0.145
1988,0.156,0.252
1989,0.1717142857142858,0.2614285714285714
1990,0.1634285714285714,0.2760000000000001
1991,0.1668571428571428,0.2734285714285714
1992,0.0814285714285713,0.2731428571428571
1993,0.1525714285714285,0.2088235294117646
1994,0.1784375,0.1549999999999999
1995,0.1576470588235294,0.2305882352941176
1996,0.1685294117647059,0.2105882352941176
1997,0.1473529411764706,0.2334285714285713
1998,0.1564705882352941,0.0458064516129032
1999,0.1508823529411765,0.0705882352941176
2000,0.1668571428571428,0.048235294117647
2001,0.1488571428571428,0.1152941176470588
2002,0.1476470588235294,0.0270588235294117
2003,0.1420588235294117,0.0208823529411764
2004,0.1629411764705882,0.03
2005,0.1488235294117647,0.0276470588235294
2006,0.1470588235294117,0.113235294117647
2007,0.1074285714285714,0.1070588235294117
2008,0.092,0.1152941176470588
2009,0.1020588235294117,0.2694285714285714
2010,0.1131428571428571,0.234375
2011,0.0943749999999999,0.2742857142857142
2012,0.0597142857142857,0.0709090909090909
2013,0.1065714285714285,0.0742857142857142
2014,0.1645714285714285,0.0494285714285714
2015,0.1582857142857142,0.0377142857142857
2016,0.1722857142857143,0.0354285714285714
2017,0.0159375,0.0642857142857143
2018,0.0297142857142857,0.0591428571428571
2019,0.0251428571428571,0.0194285714285714
2020,0.0311428571428571,0.0642857142857143
2021,0.0397142857142857,0.0985714285714285
2022,0.0348571428571428,0.1153124999999999
2023,0.036,0.1279999999999999
2024,0.0377142857142857,0.1634285714285714
2025,0.0388571428571428,0.1414285714285715
2026,0.0354285714285714,0.1531428571428571
2027,0.032,0.1637142857142857
2028,0.0657142857142857,0.1765714285714285
2029,0.0528571428571428,0.0971428571428571
2030,0.0248571428571428,0.0737142857142857
2031,0.0477142857142857,0.0788571428571428
2032,0.0445714285714285,0.1034285714285714
2033,0.045,0.1037142857142857
2034,0.0285714285714285,0.0731428571428571
2035,0.0185714285714285,0.0951428571428571
2036,0.0431428571428571,0.1145714285714285
2037,0.0362857142857143,0.1034285714285714
2038,0.0665714285714286,0.0115625
2039,0.0611428571428571,0.0174285714285714
2040,0.0565714285714286,0.0262857142857143
2041,0.0684375,0.0271428571428571
2042,0.0668571428571428,0.0354285714285714
2043,0.0531428571428571,0.0182857142857142
2044,0.0594285714285714,0.0097142857142857
2045,0.0622857142857143,0.0125714285714285
2046,0.0722857142857143,0.0185714285714285
2047,0.0748571428571428,0.0342857142857143
2048,0.0702857142857143,0.0417142857142857
2049,0.0768571428571428,0.0328571428571428
2050,0.0385714285714285,0.0491428571428571
2051,0.0394285714285714,0.0542857142857143
2052,0.0382857142857143,0.0934285714285714
2053,0.03,0.0694285714285714
2054,0.038,0.0459375
2055,0.0397142857142857,0.0537142857142857
2056,0.0394285714285714,0.056
2057,0.0491428571428571,0.018
2058,0.0434285714285714,0.0445714285714285
2059,0.0496875,0.0417142857142857
2060,0.0554285714285714,0.0294285714285714
2061,0.064,0.0705714285714285
2062,0.0734285714285714,0.0571428571428571
2063,0.0811428571428571,0.0688571428571428
2064,0.0494285714285714,0.0685714285714285
2065,0.062,0.0765714285714285
2066,0.0505714285714286,0.0565714285714285
2067,0.0625714285714285,0.0681818181818181
2068,0.0651428571428571,0.0854285714285714
2069,0.0634285714285714,0.058125
2070,0.0588571428571428,0.0294285714285714
2071,0.0665714285714286,0.0337142857142857
2072,0.0722857142857142,0.078
2073,0.036875,0.0762857142857143
2074,0.0314705882352941,0.0888571428571428
2075,0.0314285714285714,0.0734285714285714
2076,0.0334285714285714,0.0371428571428571
2077,0.04,0.0282857142857143
2078,0.048,0.1440624999999999
2079,0.0465714285714286,0.1514285714285714
2080,0.036,0.2055555555555555
2081,0.0528571428571428,0.1558823529411764
2082,0.0445714285714285,0.14625
2083,0.0394285714285714,0.2591176470588235
2084,0.0367647058823529,0.2008571428571429
2085,0.0247058823529411,0.24
2086,0.0297058823529411,0.2571428571428571
2087,0.0564705882352941,0.1911764705882353
2088,0.0767647058823529,0.0949999999999999
2089,0.0528571428571428,0.0241176470588235
2090,0.048,0.0816129032258064
2091,0.039375,0.0852941176470588
2092,0.0105714285714285,0.0367647058823529
2093,0.0471428571428571,0.016
2094,0.036,0.0183870967741935
2095,0.0334285714285714,0.0070588235294117
2096,0.0428571428571428,0.0973529411764706
2097,0.0628571428571428,0.2173529411764705
2098,0.0459375,0.1851515151515151
2099,0.0537142857142857,0.1991176470588234
2100,0.056,0.162121212121212
2101,0.018,0.056060606060606
2102,0.0445714285714285,0.0338461538461538
2103,0.0417142857142857,0.0037931034482758
2104,0.0294285714285714,0.0026470588235294
2105,0.0705714285714285,0.0223529411764705
2106,0.0571428571428571,0.0467647058823529
2107,0.0688571428571428,0.0755555555555555
2108,0.0685714285714285,0.2435483870967742
2109,0.0765714285714285,0.2219230769230769
2110,0.0565714285714285,0.2244117647058823
2111,0.0681818181818181,0.2129411764705882
2112,0.0854285714285714,0.2391176470588235
2113,0.0153125,0.2114705882352941
2114,0.026,0.2664705882352942
2115,0.044,0.0961764705882353
2116,0.0574285714285714,0.1988235294117647
2117,0.0625714285714286,0.2573529411764705
2118,0.0668571428571428,0.1676470588235294
2119,0.0451428571428571,0.2535294117647058
2120,0.0505714285714286,0.0511764705882353
2121,0.0457142857142857,0.1079411764705882
2122,0.052,0.2535294117647059
2123,0.0594285714285714,0.2585294117647058
2124,0.0562857142857143,0.0859375
2125,0.0505714285714286,0.1294117647058823
2126,0.0534285714285714,0.074
2127,0.0451428571428571,0.2376470588235294
2128,0.0308571428571428,0.1479411764705882
2129,0.0422857142857143,0.123235294117647
2130,0.0551428571428571,0.2176470588235294
2131,0.0614285714285714,0.2247058823529412
2132,0.0465714285714286,0.1762857142857143
2133,0.045,0.2052941176470588
2134,0.0417142857142857,0.1652941176470588
2135,0.064,0.1673529411764705
2136,0.0705714285714285,0.1555882352941176
2137,0.0745714285714285,0.1632352941176471
2138,0.0834285714285714,0.1764516129032257
2139,0.0705714285714285,0.1649999999999999
2140,0.0828571428571428,0.0888235294117646
2141,0.0768571428571428,0.2147058823529412
2142,0.0925714285714286,0.1229411764705881
2143,0.0837142857142857,0.1776470588235293
2144,0.0871428571428571,0.0570588235294117
2145,0.1622580645161291,0.2155555555555555
2146,0.1458823529411764,0.0726470588235294
2147,0.1438235294117646,0.088076923076923
2148,0.1564705882352941,0.1434375
2149,0.1548484848484848,0.1436363636363636
2150,0.1157575757575757,0.103030303030303
2151,0.113235294117647,0.2173529411764706
2152,0.1363636363636363,0.1751515151515151
2153,0.1445454545454546,0.1099999999999999
2154,0.1497058823529412,0.2072413793103448
2155,0.085,0.0729411764705881
2156,0.0511538461538461,0.1842307692307692
2157,0.0361764705882353,0.1420588235294116
2158,0.0335294117647058,0.1782352941176471
2159,0.0270588235294117,0.1599999999999999
2160,0.0454838709677419,0.2008823529411763
2161,0.1182352941176471,0.0244117647058823
2162,0.0923529411764705,0.023235294117647
2163,0.1141176470588235,0.0258823529411764
2164,0.0552941176470588,0.0861764705882353
2165,0.1281818181818182,0.1026470588235294
2166,0.0775757575757575,0.025
2167,0.1421212121212121,0.0441666666666666
2168,0.0565625,0.0589655172413793
2169,0.1208823529411764,0.065
2170,0.1114705882352941,0.0411538461538461
2171,0.0459375,0.0906666666666666
2172,0.0208823529411764,0.0267741935483871
2173,0.0555882352941176,0.0365714285714285
2174,0.0673529411764706,0.0465714285714286
2175,0.0638235294117647,0.026
2176,0.0614705882352941,0.0274285714285714
2177,0.0570588235294118,0.0285714285714285
2178,0.0494117647058823,0.0043749999999999
2179,0.0541176470588235,0.002258064516129
2180,0.0661290322580645,0.0
2181,0.0644117647058823,0.0114285714285714
2182,0.0570588235294117,0.049375
2183,0.0635294117647059,0.0781481481481481
2184,0.0938235294117647,0.0593103448275862
2185,0.1094117647058823,0.0
2186,0.1020588235294117,0.0659999999999999
2187,0.0864705882352941,0.0
2188,0.0947058823529411,0.0609090909090909
2189,0.0661764705882353,0.0577777777777777
2190,0.0605882352941176,0.0
2191,0.0666666666666666,0.0
2192,0.063235294117647,0.0
2193,0.0791176470588235,0.0
2194,0.0661764705882353,0.0339999999999999
2195,0.0644117647058823,0.0316129032258064
2196,0.0617647058823529,0.0377777777777777
2197,0.0788235294117647,0.0633333333333333
2198,0.1005882352941176,0.0466666666666666
2199,0.0993548387096774,0.005
2200,0.1223529411764705,0.0326666666666666
2201,0.0929411764705882,0.0312121212121212
2202,0.0808823529411764,0.0
2203,0.0761764705882353,0.0966666666666666
2204,0.0647058823529412,0.0714285714285714
2205,0.0797058823529411,0.108
2206,0.0641176470588235,0.1071428571428571
2207,0.0735294117647058,0.0907142857142857
2208,0.0764705882352941,0.0809523809523809
2209,0.0855882352941176,0.13
2210,0.0652941176470588,0.1748387096774193
2211,0.0779411764705882,0.1633333333333333
2212,0.0688235294117647,0.1257142857142857
2213,0.0348387096774193,0.0966666666666666
2214,0.0344117647058823,0.0466666666666666
2215,0.0444117647058823,0.0766666666666666
2216,0.0491176470588235,0.0433333333333333
2217,0.0455882352941176,0.054
2218,0.0485294117647059,0.1221428571428571
2219,0.0488235294117647,0.1129032258064515
2220,0.038235294117647,0.111875
2221,0.0491176470588235,0.119
2222,0.0464705882352941,0.1027777777777778
2223,0.0405882352941176,0.15
2224,0.0485294117647059,0.1838235294117647
2225,0.0526470588235294,0.136
2226,0.0464705882352941,0.07375
2227,0.0561764705882353,0.0885
2228,0.0585294117647059,0.0803225806451613
2229,0.0864705882352941,0.0684848484848485
2230,0.0797058823529412,0.0652631578947368
2231,0.0738235294117647,0.06
2232,0.1025806451612903,0.0668181818181818
2233,0.0967647058823529,0.1071999999999999
2234,0.1120588235294118,0.0577777777777778
2235,0.1338235294117647,0.0455555555555555
2236,0.1373529411764706,0.1047368421052631
2237,0.1088235294117646,0.1349999999999999
2238,0.0945454545454545,0.1299999999999999
2239,0.0287096774193548,0.026060606060606
2240,0.0388235294117647,0.0166666666666666
2241,0.0829411764705882,0.0822857142857142
2242,0.0879411764705881,0.2388571428571428
2243,0.053030303030303,0.1448571428571429
2244,0.0914705882352941,0.1403846153846153
2245,0.0381818181818182,0.1027586206896551
2246,0.0563636363636363,0.2082857142857143
2247,0.0733333333333333,0.2209090909090909
2248,0.0878787878787879,0.174
2249,0.1284848484848484,0.0965714285714286
2250,0.13,0.1712903225806451
2251,0.1487878787878788,0.218
2252,0.1503030303030302,0.1333333333333333
2253,0.1233333333333333,0.1425714285714285
2254,0.1426470588235294,0.1660869565217391
2255,0.1194117647058823,0.1878125
2256,0.1247058823529411,0.1674285714285714
2257,0.1588235294117647,0.1751428571428571
2258,0.1564285714285714,0.1277142857142857
2259,0.0975,0.1494285714285714
2260,0.0261290322580645,0.1662857142857142
2261,0.0285294117647058,0.1755882352941176
2262,0.0345454545454545,0.2168571428571428
2263,0.0403030303030303,0.1555555555555555
2264,0.0469696969696969,0.0591666666666666
2265,0.0535294117647059,0.0486111111111111
2266,0.0588235294117647,0.0477777777777778
2267,0.0658823529411764,0.045
2268,0.075,0.09125
2269,0.0864705882352941,0.0702857142857143
2270,0.1139393939393939,0.0855882352941176
2271,0.0938235294117647,0.1325714285714286
2272,0.0911764705882352,0.084
2273,0.1125806451612903,0.0329411764705882
2274,0.1418181818181818,0.0588571428571429
2275,0.1294117647058823,0.0671428571428571
2276,0.1255882352941176,0.0762857142857142
2277,0.1418181818181818,0.0868571428571428
2278,0.1551515151515151,0.0714285714285714
2279,0.1487878787878787,0.0478125
2280,0.1621212121212122,0.0288571428571428
2281,0.1730303030303031,0.0014285714285714
2282,0.0203030303030303,0.0897142857142856
2283,0.1638888888888888,0.0437142857142857
2284,0.16,0.0462857142857143
2285,0.0949999999999999,0.0645714285714286
2286,0.0145714285714285,0.0825714285714285
2287,0.0137142857142857,0.1482857142857143
2288,0.035,0.0979999999999999
2289,0.0236111111111111,0.026
2290,0.0441666666666666,0.0002857142857142
2291,0.0371428571428571,0.0005714285714285
2292,0.0408333333333333,0.0
2293,0.0422222222222222,0.0211428571428571
2294,0.0319444444444444,0.0308571428571428
2295,0.045,0.0382857142857142
2296,0.013,0.0288571428571428
2297,0.0173333333333333,0.0091428571428571
2298,0.0355882352941176,0.053125
2299,0.0134285714285714,0.1717142857142857
2300,0.0097142857142857,0.2334285714285714
2301,0.0102857142857142,0.1628571428571429
2302,0.0105714285714285,0.0474285714285714
2303,0.0172222222222222,0.2014285714285713
2304,0.0193333333333333,0.138
2305,0.0142857142857142,0.2125714285714285
2306,0.0294285714285714,0.1
2307,0.0181818181818181,0.0462857142857143
2308,0.0215151515151515,0.0822857142857142
2309,0.0197058823529411,0.1162857142857143
2310,0.0172727272727272,0.0865714285714285
2311,0.0157142857142857,0.064375
2312,0.0220588235294117,0.0651428571428571
2313,0.0180952380952381,0.2594285714285715
2314,0.0172727272727272,0.2131428571428571
2315,0.0155882352941176,0.1054285714285714
2316,0.0194117647058823,0.0657142857142857
2317,0.0137142857142857,0.1182857142857142
2318,0.0105882352941176,0.0916129032258065
2319,0.0191176470588235,0.1552941176470588
2320,0.0158823529411764,0.0873529411764705
2321,0.0190625,0.0917647058823529
2322,0.018,0.0917647058823529
2323,0.0169230769230769,0.1029411764705882
2324,0.0103030303030303,0.0514705882352941
2325,0.0075,0.1423529411764706
2326,0.0154545454545454,0.1497142857142857
2327,0.0156,0.0511764705882353
2328,0.015,0.0894285714285713
2329,0.0,0.1167647058823529
2330,0.0358823529411764,0.0937142857142857
2331,0.0242857142857142,0.0785294117647059
2332,0.0235714285714285,0.1105882352941176
2333,0.0518181818181818,0.1084375
2334,0.0541666666666666,0.1497058823529411
2335,0.0668571428571428,0.1267647058823529
2336,0.0269444444444444,0.096
2337,0.0394444444444444,0.1476470588235294
2338,0.0375,0.1455882352941176
2339,0.0261111111111111,0.0629411764705882
2340,0.0363888888888889,0.0473529411764706
2341,0.0475,0.1062857142857142
2342,0.0497222222222222,0.0722857142857142
2343,0.0616666666666666,0.0634285714285714
2344,0.0491666666666666,0.0428571428571428
2345,0.0311111111111111,0.0322857142857143
2346,0.0614285714285714,0.0235294117647058
2347,0.0816666666666666,0.0354285714285714
2348,0.0727777777777777,0.168695652173913
2349,0.0694444444444444,0.1337142857142857
2350,0.0580555555555555,0.1122857142857143
2351,0.0424242424242424,0.1057142857142857
2352,0.0602777777777777,0.1314285714285714
2353,0.0564516129032258,0.1154285714285714
2354,0.0457575757575757,0.0935294117647058
2355,0.0597222222222222,0.2105882352941176
2356,0.0513888888888889,0.0919999999999999
2357,0.0675,0.0268571428571428
2358,0.0457575757575757,0.0225714285714285
2359,0.0337142857142857,0.0294285714285714
2360,0.0303030303030303,0.0268571428571428
2361,0.0438709677419355,0.0137142857142857
2362,0.0471428571428571,0.0105714285714285
2363,0.0394444444444444,0.0236363636363636
2364,0.0525,0.018
2365,0.0568571428571428,0.0191428571428571
2366,0.0377777777777778,0.0257142857142857
2367,0.0468571428571428,0.0589285714285714
2368,0.0333333333333333,0.0302857142857143
2369,0.04,0.0241176470588235
2370,0.0675,0.0297142857142857
2371,0.0463888888888889,0.0943333333333333
2372,0.0419444444444444,0.2112121212121211
2373,0.0357575757575757,0.0706666666666666
2374,0.0236111111111111,0.0373333333333333
2375,0.0255555555555555,0.018
2376,0.0119444444444444,0.091578947368421
2377,0.0547222222222222,0.0063636363636363
2378,0.0569444444444444,0.008
2379,0.078611111111111,0.0263333333333333
2380,0.0211111111111111,0.0118181818181818
2381,0.0130555555555555,0.0309090909090909
2382,0.0169444444444444,0.1189285714285714
2383,0.0202777777777777,0.1154285714285714
2384,0.0322222222222222,0.1354285714285714
2385,0.0230555555555555,0.0891428571428571
2386,0.02,0.1085714285714286
2387,0.0291666666666666,0.1325
2388,0.0302777777777777,0.0725
2389,0.03,0.0911428571428571
2390,0.0255555555555555,0.0814285714285714
2391,0.0272222222222222,0.0359375
2392,0.034,0.0271428571428571
2393,0.0324242424242424,0.0497142857142857
2394,0.0272222222222222,0.0574285714285714
2395,0.0330555555555555,0.0448571428571428
2396,0.0355555555555555,0.0468571428571428
2397,0.035,0.0470967741935484
2398,0.0383333333333333,0.1668421052631578
2399,0.0472222222222222,0.17
2400,0.0496969696969697,0.18
2401,0.0402777777777778,0.1
2402,0.0536111111111111,0.1095833333333333
2403,0.0447222222222222,0.0880645161290322
2404,0.0591666666666666,0.1691304347826087
2405,0.0506060606060606,0.1166666666666666
2406,0.0519444444444444,0.1812121212121212
2407,0.0602777777777778,0.1591428571428571
2408,0.0488888888888889,0.2231428571428571
2409,0.055,0.1248571428571428
2410,0.0405555555555555,0.1834285714285714
2411,0.0352777777777778,0.1948571428571429
2412,0.0347222222222222,0.1722857142857143
2413,0.038,0.1842857142857143
2414,0.1165714285714285,0.1568181818181818
2415,0.1445714285714286,0.0955555555555555
2416,0.0574285714285714,0.26
2417,0.0674285714285714,0.15
2418,0.0448571428571428,0.0814705882352941
2419,0.0762857142857142,0.0
2420,0.0814285714285714,0.0
2421,0.0657575757575757,0.175
2422,0.1031428571428571,0.0268421052631579
2423,0.0882857142857143,0.0777419354838709
2424,0.0934285714285714,0.277037037037037
2425,0.0957142857142857,0.0240625
2426,0.1034285714285714,0.03
2427,0.0868571428571428,0.036
2428,0.1128571428571428,0.0305714285714285
2429,0.0128125,0.022
2430,0.0122857142857142,0.0385714285714285
2431,0.0411428571428571,0.0753571428571428
2432,0.036,0.0388461538461538
2433,0.0,0.0253571428571428
2434,0.0,0.059375
2435,0.0,0.0785714285714285
2436,0.0,0.0902777777777777
2437,0.0,0.0397222222222222
2438,0.006,0.0297222222222222
2439,0.0005714285714285,0.0833333333333333
2440,0.033125,0.0947222222222222
2441,0.0382857142857143,0.0688888888888888
2442,0.1079411764705882,0.0839393939393939
2443,0.06,0.0514285714285714
2444,0.082,0.0637142857142857
2445,0.0262857142857142,0.0285714285714285
2446,0.1057142857142857,0.0188571428571428
2447,0.148,0.0148571428571428
2448,0.0268571428571428,0.0205714285714285
2449,0.0905714285714285,0.0394117647058823
2450,0.0262857142857143,0.0415
2451,0.1571428571428571,0.0370833333333333
2452,0.0837142857142857,0.1309374999999999
2453,0.1085714285714285,0.0992307692307692
2454,0.124,0.104
2455,0.0902857142857142,0.1891666666666666
2456,0.1042857142857142,0.0225
2457,0.054,0.0755555555555555
2458,0.0328571428571428,0.1888571428571428
2459,0.0637142857142857,0.0699999999999999
2460,0.0565714285714286,0.0719444444444444
2461,0.0874285714285714,0.0488571428571428
2462,0.0348571428571428,0.044
2463,0.1231428571428571,0.01
2464,0.0645714285714285,0.0188571428571428
2465,0.0903124999999999,0.0254285714285714
2466,0.0737142857142856,0.0354285714285714
2467,0.0631428571428571,0.036
2468,0.0708571428571428,0.038
2469,0.0648571428571428,0.0491428571428571
2470,0.0862857142857142,0.0351428571428571
2471,0.088,0.1096874999999999
2472,0.0788571428571428,0.0658333333333333
2473,0.0731428571428571,0.1054285714285714
2474,0.0765714285714285,0.1605714285714286
2475,0.0785714285714285,0.0978571428571428
2476,0.072,0.1942857142857142
2477,0.096,0.1899999999999999
2478,0.0788571428571428,0.1378260869565218
2479,0.0871428571428571,0.108
2480,0.0914285714285714,0.0933333333333333
2481,0.0805714285714285,0.0814814814814815
2482,0.0671428571428571,0.0262857142857142
2483,0.0724242424242424,0.0205714285714285
2484,0.0805714285714285,0.0182857142857142
2485,0.0834285714285714,0.0248571428571428
2486,0.0762857142857142,0.0194285714285714
2487,0.0594285714285714,0.013030303030303
2488,0.0651428571428571,0.0062857142857142
2489,0.0708571428571428,0.0117142857142857
2490,0.0662857142857143,0.0191428571428571
2491,0.0662857142857143,0.0217142857142857
2492,0.0508571428571428,0.0226470588235294
2493,0.0591428571428571,0.0193103448275862
2494,0.064,0.0313888888888889
2495,0.0522857142857143,0.0191666666666666
2496,0.0717142857142857,0.0318181818181818
2497,0.1128125,0.0406666666666666
2498,0.0882857142857143,0.0687499999999999
2499,0.0871428571428571,0.0
2500,0.0917142857142857,0.0
2501,0.0505714285714286,0.025625
2502,0.064,0.0223809523809523
2503,0.044,0.0419230769230769
2504,0.06,0.0267857142857142
2505,0.0734285714285714,0.0196969696969697
2506,0.0922857142857142,0.015
2507,0.062,0.0358823529411764
2508,0.0588571428571429,0.0208333333333333
2509,0.0628571428571428,0.0244444444444444
2510,0.0570588235294117,0.0194444444444444
2511,0.0605714285714285,0.0457692307692307
2512,0.0458823529411764,0.0396296296296296
2513,0.0423529411764706,0.0241666666666666
2514,0.035,0.0234375
2515,0.0312903225806451,0.03
2516,0.04,0.0066666666666666
2517,0.0264705882352941,0.0316666666666666
2518,0.0388235294117647,0.0280555555555555
2519,0.0385294117647058,0.0611428571428571
2520,0.0435294117647059,0.026
2521,0.0373529411764706,0.0206060606060606
2522,0.03,0.0185714285714285
2523,0.0702857142857143,0.0328571428571428
2524,0.0697142857142857,0.0457692307692307
2525,0.1302857142857142,0.0741666666666666
2526,0.1094117647058823,0.01
2527,0.1017647058823529,0.075
2528,0.1097058823529411,0.036
2529,0.0852941176470588,0.025
2530,0.1147058823529411,0.0349999999999999
2531,0.0820588235294117,0.0072727272727272
2532,0.0894117647058823,0.0008333333333333
2533,0.1297142857142857,0.0002777777777777
2534,0.1555882352941176,0.0091666666666666
2535,0.1205882352941176,0.025
2536,0.1108823529411765,0.0180555555555555
2537,0.0394285714285714,0.0044444444444444
2538,0.042,0.0055555555555555
2539,0.0347058823529411,0.0096
2540,0.0191428571428571,0.0
2541,0.0305714285714285,0.01875
2542,0.0385714285714285,0.0052777777777777
2543,0.0277142857142857,0.0111428571428571
2544,0.0485714285714285,0.0073333333333333
2545,0.0451428571428571,0.0114285714285714
2546,0.0285714285714285,0.009375
2547,0.026,0.01
2548,0.0268571428571428,0.0
2549,0.0317142857142857,0.0
2550,0.036,0.0
2551,0.0351428571428571,0.06
2552,0.0254285714285714,0.0271428571428571
2553,0.0302857142857143,0.0118181818181818
2554,0.0314285714285714,0.016060606060606
2555,0.0511428571428571,0.015625
2556,0.0321875,0.0162499999999999
2557,0.042,0.0169696969696969
2558,0.0311428571428571,0.0105555555555555
2559,0.0297142857142857,0.0091666666666666
2560,0.0274285714285714,0.0080555555555555
2561,0.0294285714285714,0.0286111111111111
2562,0.0448571428571428,0.0641666666666666
2563,0.0314285714285714,0.0252777777777777
2564,0.0394285714285714,0.0293333333333333
2565,0.062,0.106
2566,0.1002857142857143,0.0464285714285714
2567,0.1388571428571428,0.0694444444444444
2568,0.114375,0.0577142857142857
2569,0.0939999999999999,0.0167647058823529
2570,0.0768571428571429,0.0134285714285714
2571,0.0738235294117647,0.0125806451612903
2572,0.0837142857142857,0.02
2573,0.0805714285714286,0.00875
2574,0.0628571428571428,0.0137142857142857
2575,0.0567647058823529,0.0220833333333333
2576,0.0642857142857143,0.0159375
2577,0.0348484848484848,0.0347222222222222
2578,0.03,0.0185714285714285
2579,0.0357142857142857,0.022
2580,0.1148571428571428,0.038
2581,0.1241935483870967,0.0274285714285714
2582,0.1685714285714286,0.026
2583,0.1074285714285714,0.0148571428571428
2584,0.0688571428571428,0.0302857142857143
2585,0.0654285714285714,0.0211428571428571
2586,0.0814285714285714,0.0225714285714285
2587,0.0751428571428571,0.0371428571428571
2588,0.1604166666666666,0.038
2589,0.0872727272727272,0.0368571428571428
2590,0.055,
2591,0.0,
2592,0.0,
2593,0.0,
2594,0.1338461538461538,
2595,0.1441666666666667,
2596,0.0,
2597,0.1490909090909091,
2598,0.0,
2599,0.0,
2600,0.0,
2601,0.0,
2602,0.0,
2603,0.0,
2604,0.0,
2605,0.0,
2606,0.0,
2607,0.0,
2608,0.0,
2609,0.0,
2610,0.0,
2611,0.0,
2612,0.0,
2613,0.0,
2614,0.0,
2615,0.0,
2616,0.0,
2617,0.0869230769230769,
2618,0.1374999999999999,
2619,0.119142857142857,
2620,0.0266666666666666,
2621,0.0383333333333333,
2622,0.0386111111111111,
2623,0.0380555555555555,
2624,0.0248571428571428,
2625,0.0145714285714285,
2626,0.033235294117647,
2627,0.1555,
2628,0.151,
2629,0.1614285714285714,
2630,0.1361764705882353,
2631,0.1248387096774193,
2632,0.1433333333333333,
2633,0.1052631578947368,
2634,0.0287878787878788,
2635,0.0394444444444444,
2636,0.0544117647058823,
2637,0.169,
2638,0.1231428571428571,
2639,0.0914285714285714,
2640,0.0557142857142857,
2641,0.0890322580645161,
2642,0.0739999999999999,
2643,0.0228571428571428,
2644,0.036,
2645,0.02,
2646,0.0297222222222222,
2647,0.0088888888888888,
2648,0.0047222222222222,
2649,0.0030555555555555,
2650,0.1023333333333332,
2651,0.0472222222222222,
2652,0.0277142857142857,
2653,0.0188571428571428,
2654,0.0154285714285714,
2655,0.0157142857142857,
2656,0.0068571428571428,
2657,0.0122857142857142,
2658,0.006,
2659,0.0088888888888888,
2660,0.0187096774193548,
2661,0.0102857142857142,
2662,0.0097222222222222,
2663,0.0166666666666666,
2664,0.0207692307692307,
2665,0.0208823529411764,
2666,0.016,
2667,0.0169444444444444,
2668,0.0186111111111111,
2669,0.0131428571428571,
2670,0.0266666666666666,
2671,0.0417647058823529,
2672,0.0053125,
2673,0.017,
2674,0.01375,
2675,0.0,
2676,0.0105882352941176,
2677,0.028235294117647,
2678,0.0347058823529411,
2679,0.0325,
2680,0.0257142857142857,
2681,0.0336363636363636,
2682,0.0242857142857142,
2683,0.0245454545454545,
2684,0.04875,
2685,0.0185714285714285,
2686,0.0283333333333333,
2687,0.0211111111111111,
2688,0.0254545454545454,
2689,0.01,
2690,0.0107142857142857,
2691,0.0179411764705882,
2692,0.0503125,
2693,0.0413888888888889,
2694,0.0612903225806451,
2695,0.0829411764705882,
2696,0.1289999999999999,
2697,0.0846666666666667,
2698,0.0837142857142857,
2699,0.062,
2700,0.03,
2701,0.0159090909090909,
2702,0.009,
2703,0.0103846153846153,
2704,0.01,
2705,0.0147619047619047,
2706,0.015,
2707,0.0116666666666666,
2708,0.0168749999999999,
2709,0.0075,
2710,0.0122222222222222,
2711,0.0163333333333333,
2712,0.0348571428571428,
2713,0.0483333333333333,
2714,0.0562857142857143,
2715,0.014,
2716,0.0305882352941176,
2717,0.0164705882352941,
2718,0.0147826086956521,
2719,0.0233333333333333,
2720,0.0253846153846153,
2721,0.0239393939393939,
2722,0.0240625,
2723,0.024,
2724,0.020625,
2725,0.0231428571428571,
2726,0.0271428571428571,
2727,0.0267647058823529,
2728,0.02,
2729,0.0274074074074074,
2730,0.0193939393939394,
2731,0.0137142857142857,
2732,0.0154285714285714,
2733,0.0168571428571428,
2734,0.0228571428571428,
2735,0.0191428571428571,
2736,0.0185714285714285,
2737,0.0366666666666666,
2738,0.0175,
2739,0.01,
2740,0.0109523809523809,
2741,0.0107142857142857,
2742,0.005,
2743,0.0157142857142857,
2744,0.0105714285714285,
2745,0.01,
2746,0.0082857142857142,
2747,0.0134285714285714,
2748,0.0391428571428571,
2749,0.042,
2750,0.0337142857142857,
2751,0.0354285714285714,
2752,0.0411428571428571,
2753,0.0368571428571428,
2754,0.0334285714285714,
2755,0.0362857142857143,
2756,0.1191666666666666,
2757,0.0511764705882353,
2758,0.0317142857142857,
2759,0.0285714285714285,
2760,0.0288571428571428,
2761,0.028,
2762,0.0248571428571428,
2763,0.0278125,
2764,0.0245714285714285,
2765,0.0242857142857143,
2766,0.022,
2767,0.0202857142857142,
2768,0.0217142857142857,
2769,0.026,
2770,0.0261111111111111,
2771,0.0274285714285714,
2772,0.022,
2773,0.025,
2774,0.0,
2775,0.055625,
2776,0.0909374999999999,
2777,0.0351428571428571,
2778,0.0294285714285714,
2779,0.0202857142857142,
2780,0.0225714285714285,
2781,0.0217142857142857,
2782,0.0274285714285714,
2783,0.0231428571428571,
