,얼굴각도_1,얼굴각도_0
0,2.700000000000003,22.500000000000007
1,1.7999999999999972,31.1
2,0.8999999999999915,34.2
3,2.700000000000003,13.5
4,2.700000000000003,2.700000000000003
5,1.7999999999999972,2.700000000000003
6,1.7999999999999972,40.5
7,2.700000000000003,15.299999999999995
8,1.8000000000000114,32.39999999999999
9,1.8000000000000114,12.599999999999994
10,1.8000000000000114,24.8
11,2.700000000000003,1.7999999999999972
12,4.5,6.299999999999997
13,3.5999999999999943,2.6999999999999886
14,6.299999999999997,1.7999999999999972
15,1.7999999999999972,4.5
16,1.7999999999999972,9.5
17,1.7999999999999972,9.5
18,1.7999999999999972,6.799999999999997
19,2.700000000000003,17.599999999999994
20,5.400000000000006,18.5
21,7.200000000000003,17.099999999999994
22,3.5999999999999943,11.699999999999989
23,9.899999999999991,2.700000000000003
24,12.600000000000009,1.7999999999999972
25,11.700000000000005,2.700000000000003
26,1.8000000000000114,1.7999999999999972
27,5.399999999999992,29.700000000000003
28,4.5,32.9
29,4.5,29.700000000000003
30,8.099999999999994,13.5
31,4.5,27.9
32,12.599999999999994,20.700000000000003
33,13.099999999999994,30.200000000000003
34,4.5,30.200000000000003
35,18.0,34.7
36,10.400000000000006,21.599999999999994
37,16.700000000000003,18.0
38,6.799999999999997,5.400000000000006
39,5.0,1.8000000000000114
40,13.499999999999991,2.700000000000003
41,16.700000000000003,2.700000000000003
42,14.0,1.8000000000000114
43,3.200000000000003,1.8000000000000114
44,19.8,1.8000000000000114
45,12.200000000000005,1.8000000000000114
46,11.699999999999989,1.7999999999999972
47,21.200000000000003,1.7999999999999972
48,9.0,1.7999999999999972
49,16.200000000000003,2.700000000000003
50,5.400000000000006,0.9000000000000057
51,4.5,1.7999999999999972
52,1.8000000000000114,0.9000000000000057
53,5.400000000000006,1.7999999999999972
54,4.5,1.7999999999999972
55,5.400000000000006,1.7999999999999972
56,1.7999999999999972,19.40000000000001
57,3.6000000000000085,9.899999999999991
58,8.599999999999994,10.800000000000011
59,3.5999999999999943,17.599999999999994
60,0.9000000000000057,23.0
61,3.5999999999999943,4.5
62,1.7999999999999972,5.0
63,3.5999999999999943,25.200000000000003
64,2.700000000000003,13.5
65,2.700000000000003,21.599999999999994
66,3.6000000000000085,14.0
67,1.7999999999999972,11.299999999999995
68,1.7999999999999972,12.599999999999994
69,2.700000000000003,7.700000000000003
70,2.700000000000003,20.3
71,3.6000000000000085,5.0
72,1.7999999999999972,5.900000000000006
73,1.8000000000000114,20.3
74,1.8000000000000114,12.6
75,1.8000000000000114,18.89999999999999
76,0.9000000000000057,4.099999999999994
77,2.700000000000003,16.200000000000003
78,0.9000000000000057,14.0
79,1.7999999999999972,14.0
80,0.9000000000000057,15.799999999999995
81,1.7999999999999972,29.3
82,0.9000000000000057,20.3
83,2.700000000000003,29.7
84,1.7999999999999972,21.599999999999994
85,2.6999999999999886,21.200000000000003
86,0.9000000000000057,10.799999999999995
87,0.8999999999999915,8.599999999999994
88,1.7999999999999972,14.900000000000006
89,0.8999999999999915,15.799999999999995
90,2.700000000000003,32.0
91,9.0,32.0
92,5.399999999999992,15.300000000000004
93,4.5,14.0
94,2.700000000000003,18.5
95,4.5,10.799999999999995
96,2.700000000000003,5.400000000000006
97,2.700000000000003,8.099999999999994
98,3.5999999999999943,2.700000000000003
99,1.7999999999999972,2.700000000000003
100,2.700000000000003,1.8000000000000114
101,1.7999999999999972,1.7999999999999972
102,1.7999999999999972,14.399999999999991
103,0.8999999999999915,13.5
104,0.9000000000000057,3.6000000000000085
105,0.9000000000000057,2.700000000000003
106,0.9000000000000057,1.7999999999999972
107,1.8000000000000114,4.5
108,2.700000000000003,8.099999999999994
109,4.5,3.6000000000000085
110,5.900000000000006,39.2
111,4.099999999999994,19.8
112,2.700000000000003,2.6999999999999886
113,6.299999999999997,11.700000000000005
114,3.5999999999999943,5.399999999999999
115,1.8000000000000114,3.6000000000000014
116,2.700000000000003,4.499999999999993
117,4.5,10.799999999999995
118,18.0,15.299999999999995
119,10.800000000000004,12.6
120,11.700000000000005,3.6000000000000014
121,13.5,2.699999999999996
122,6.299999999999997,0.8999999999999986
123,3.6000000000000085,4.5
124,3.6000000000000085,1.7999999999999972
125,5.400000000000006,3.6000000000000085
126,4.5,28.8
127,0.9000000000000057,40.49999999999999
128,2.700000000000003,11.699999999999996
129,1.7999999999999972,6.299999999999997
130,3.6000000000000085,27.5
131,0.8999999999999915,36.9
132,4.5,8.100000000000001
133,2.700000000000003,2.700000000000003
134,3.5999999999999943,2.699999999999996
135,1.7999999999999972,2.700000000000003
136,2.6999999999999886,3.6000000000000014
137,1.7999999999999972,3.6000000000000014
138,4.5,6.299999999999997
139,1.7999999999999972,3.6000000000000014
140,2.700000000000003,6.799999999999997
141,3.5999999999999943,14.900000000000006
142,2.700000000000003,27.89999999999999
143,3.5999999999999943,18.0
144,8.100000000000001,26.1
145,3.6000000000000014,30.200000000000003
146,5.400000000000006,19.40000000000001
147,8.100000000000001,12.200000000000005
148,3.6000000000000014,25.700000000000003
149,4.5,21.60000000000001
150,2.699999999999996,13.099999999999994
151,2.700000000000003,10.400000000000006
152,6.300000000000011,18.5
153,4.5,5.0
154,1.7999999999999972,14.0
155,2.700000000000003,9.0
156,5.400000000000006,4.5
157,2.6999999999999886,34.7
158,3.5999999999999943,10.400000000000006
159,1.7999999999999972,20.3
160,2.700000000000003,20.3
161,2.700000000000003,17.599999999999994
162,1.7999999999999972,16.700000000000003
163,2.700000000000003,18.90000000000001
164,2.6999999999999886,28.4
165,2.6999999999999886,29.3
166,7.700000000000003,14.0
167,0.5,8.099999999999994
168,5.399999999999992,14.0
169,5.399999999999992,14.0
170,1.7999999999999972,11.299999999999995
171,1.7999999999999972,18.90000000000001
172,0.8999999999999915,14.0
173,0.8999999999999915,23.40000000000001
174,2.700000000000003,26.6
175,2.700000000000003,19.8
176,2.700000000000003,30.200000000000003
177,1.7999999999999972,13.5
178,0.8999999999999915,6.799999999999997
179,0.8999999999999915,20.69999999999999
180,0.8999999999999915,17.599999999999994
181,2.700000000000003,13.099999999999994
182,0.9000000000000057,17.599999999999994
183,1.7999999999999972,26.6
184,0.0,28.4
185,0.9000000000000057,23.0
186,2.700000000000003,16.200000000000003
187,1.7999999999999972,20.3
188,1.7999999999999972,17.599999999999994
189,0.8999999999999915,30.200000000000003
190,2.700000000000003,23.0
191,0.9000000000000057,15.799999999999995
192,1.7999999999999972,29.3
193,2.700000000000003,26.099999999999994
194,1.7999999999999972,8.599999999999994
195,1.7999999999999972,28.4
196,1.7999999999999972,3.200000000000003
197,1.7999999999999972,4.099999999999994
198,2.700000000000003,3.200000000000003
199,1.8000000000000114,3.200000000000003
200,0.8999999999999915,7.200000000000003
201,0.8999999999999915,2.700000000000003
202,1.7999999999999972,2.700000000000003
203,0.9000000000000057,6.799999999999997
204,1.7999999999999972,4.099999999999994
205,2.700000000000003,7.200000000000003
206,1.7999999999999972,12.200000000000005
207,3.5999999999999943,5.900000000000006
208,1.7999999999999972,8.099999999999994
209,0.9000000000000057,10.799999999999995
210,1.7999999999999972,12.599999999999998
211,1.7999999999999972,9.000000000000002
212,2.700000000000003,2.6999999999999997
213,1.7999999999999972,8.1
214,1.7999999999999972,1.8000000000000007
215,1.7999999999999972,1.8000000000000007
216,2.6999999999999886,1.7999999999999972
217,0.9000000000000057,4.5
218,0.9000000000000057,1.7999999999999972
219,0.9000000000000057,4.499999999999998
220,1.7999999999999972,5.4
221,2.6999999999999886,3.6000000000000014
222,1.7999999999999972,8.1
223,1.7999999999999972,2.6999999999999997
224,2.700000000000003,7.199999999999999
225,2.6999999999999886,5.4
226,1.7999999999999972,34.7
227,1.7999999999999972,13.5
228,0.9000000000000057,4.5
229,1.7999999999999972,2.699999999999996
230,3.5999999999999943,37.4
231,0.8999999999999915,24.3
232,2.700000000000003,6.299999999999997
233,1.7999999999999972,1.4000000000000057
234,0.8999999999999915,1.4000000000000057
235,1.8000000000000114,40.5
236,1.8000000000000114,33.8
237,1.7999999999999972,29.3
238,1.7999999999999972,18.5
239,0.9000000000000057,26.6
240,1.8000000000000114,32.0
241,1.7999999999999972,15.799999999999995
242,2.700000000000003,32.9
243,1.7999999999999972,32.0
244,1.7999999999999972,16.700000000000003
245,0.9000000000000057,22.099999999999994
246,0.8999999999999915,39.2
247,0.8999999999999915,14.900000000000006
248,1.7999999999999972,18.90000000000001
249,0.9000000000000057,18.0
250,1.7999999999999972,13.5
251,1.7999999999999972,11.700000000000005
252,1.7999999999999972,2.700000000000003
253,0.9000000000000057,16.200000000000003
254,1.7999999999999972,4.5
255,0.9000000000000057,10.799999999999995
256,3.6000000000000085,4.5
257,2.6999999999999886,2.700000000000003
258,1.7999999999999972,6.300000000000011
259,5.400000000000006,3.5999999999999943
260,0.9000000000000057,4.5
261,1.8000000000000114,2.700000000000003
262,4.5,4.5
263,1.7999999999999972,14.900000000000006
264,1.8000000000000114,11.699999999999989
265,0.9000000000000057,4.5
266,1.7999999999999972,8.599999999999994
267,0.8999999999999915,37.8
268,1.7999999999999972,20.700000000000003
269,1.7999999999999972,3.5999999999999943
270,15.299999999999995,2.700000000000003
271,9.0,2.700000000000003
272,4.5,3.6000000000000014
273,2.6999999999999886,17.099999999999994
274,3.6000000000000085,15.299999999999995
275,2.6999999999999886,9.5
276,2.700000000000003,27.90000000000001
277,1.7999999999999972,22.5
278,1.7999999999999972,17.10000000000001
279,1.7999999999999972,3.6000000000000085
280,1.7999999999999972,2.700000000000003
281,2.700000000000003,1.7999999999999972
282,1.7999999999999972,3.6000000000000085
283,1.7999999999999972,6.299999999999997
284,2.700000000000003,6.300000000000004
285,2.700000000000003,8.099999999999994
286,1.7999999999999972,10.800000000000004
287,0.8999999999999915,3.5999999999999943
288,1.7999999999999972,6.300000000000004
289,2.6999999999999886,4.5
290,1.7999999999999972,1.8000000000000114
291,1.7999999999999972,5.400000000000006
292,1.7999999999999972,4.5
293,2.6999999999999886,5.399999999999999
294,0.8999999999999915,6.300000000000004
295,1.7999999999999972,24.8
296,0.9000000000000057,5.0
297,1.7999999999999972,9.900000000000006
298,1.7999999999999972,11.299999999999995
299,0.8999999999999915,9.5
300,1.7999999999999972,7.700000000000003
301,1.7999999999999972,1.7999999999999972
302,1.7999999999999972,7.199999999999989
303,1.8000000000000114,3.5999999999999943
304,0.9000000000000057,3.5999999999999943
305,4.5,2.6999999999999886
306,5.400000000000006,4.5
307,1.7999999999999972,12.599999999999994
308,0.8999999999999915,14.4
309,2.700000000000003,14.0
310,0.9000000000000057,6.799999999999997
311,3.5999999999999943,3.200000000000003
312,2.6999999999999886,1.4000000000000057
313,13.5,3.200000000000003
314,16.200000000000003,12.599999999999994
315,8.100000000000009,2.6999999999999886
316,9.0,6.299999999999997
317,18.90000000000001,18.90000000000001
318,9.899999999999991,15.300000000000011
319,15.299999999999995,1.7999999999999972
320,14.400000000000006,2.700000000000003
321,8.100000000000009,1.7999999999999972
322,3.5999999999999943,3.5999999999999943
323,5.400000000000006,3.6000000000000085
324,3.5999999999999943,3.5999999999999943
325,6.299999999999997,2.6999999999999886
326,3.5999999999999943,4.5
327,13.099999999999994,3.5999999999999943
328,20.3,4.5
329,3.5999999999999943,4.5
330,1.7999999999999972,3.6000000000000085
331,3.5999999999999943,4.5
332,1.7999999999999972,5.400000000000006
333,9.900000000000006,4.5
334,20.69999999999999,3.5999999999999943
335,17.099999999999994,6.299999999999997
336,15.299999999999995,2.700000000000003
337,14.400000000000006,2.700000000000003
338,9.0,3.6000000000000085
339,11.699999999999989,3.5999999999999943
340,9.9,3.5999999999999943
341,19.800000000000004,4.5
342,16.199999999999996,4.5
343,18.90000000000001,5.400000000000006
344,11.700000000000005,5.399999999999992
345,11.699999999999989,5.400000000000006
346,10.799999999999995,4.5
347,21.200000000000003,4.099999999999994
348,9.899999999999991,1.7999999999999972
349,6.299999999999997,3.6000000000000085
350,13.5,5.400000000000006
351,7.200000000000003,4.5
352,2.700000000000003,8.100000000000009
353,4.5,4.5
354,4.5,5.400000000000006
355,3.5999999999999943,4.5
356,5.400000000000006,2.700000000000003
357,9.9,3.5999999999999943
358,15.300000000000004,33.8
359,6.299999999999997,6.299999999999997
360,5.399999999999999,3.5999999999999943
361,5.399999999999999,5.399999999999992
362,10.799999999999995,11.700000000000005
363,2.700000000000003,10.400000000000006
364,1.8000000000000045,10.799999999999995
365,0.8999999999999986,4.5
366,1.7999999999999972,4.5
367,4.5,4.099999999999994
368,1.7999999999999972,13.099999999999994
369,1.7999999999999972,14.400000000000006
370,1.8000000000000045,4.5
371,0.8999999999999986,23.90000000000001
372,2.700000000000003,24.3
373,1.8000000000000045,10.400000000000006
374,2.700000000000003,3.5999999999999943
375,1.7999999999999972,2.700000000000003
376,3.5999999999999943,2.700000000000003
377,1.7999999999999972,5.900000000000006
378,1.7999999999999972,22.099999999999994
379,1.8000000000000045,3.5999999999999943
380,1.8000000000000045,1.7999999999999972
381,0.8999999999999986,3.6000000000000085
382,20.700000000000003,0.9000000000000057
383,9.0,16.700000000000003
384,4.5,4.5
385,1.7999999999999972,10.799999999999995
386,1.7999999999999972,11.299999999999995
387,1.7999999999999972,5.0
388,2.700000000000003,5.900000000000006
389,1.8000000000000045,5.0
390,2.699999999999996,4.099999999999994
391,2.699999999999996,3.200000000000003
392,3.6000000000000014,4.099999999999994
393,2.699999999999996,5.0
394,1.8000000000000045,2.299999999999997
395,2.700000000000003,0.5
396,2.700000000000003,0.5
397,1.8000000000000045,1.7999999999999972
398,2.700000000000003,4.099999999999994
399,2.700000000000003,10.400000000000006
400,9.9,3.5999999999999943
401,6.299999999999997,1.8000000000000114
402,4.5,3.5999999999999943
403,1.7999999999999972,2.700000000000003
404,4.499999999999993,23.4
405,20.7,7.200000000000003
406,20.700000000000003,27.0
407,3.6000000000000014,19.8
408,6.300000000000004,4.5
409,5.399999999999999,3.6000000000000085
410,3.6000000000000014,14.400000000000006
411,8.099999999999994,19.40000000000001
412,19.8,6.799999999999997
413,8.100000000000001,7.200000000000003
414,8.100000000000001,4.5
415,6.299999999999997,5.399999999999992
416,2.699999999999996,5.0
417,2.699999999999996,3.5999999999999943
418,2.699999999999996,4.099999999999994
419,14.4,5.399999999999992
420,2.699999999999996,4.5
421,1.8000000000000045,6.299999999999997
422,1.8000000000000045,20.3
423,2.699999999999996,17.099999999999994
424,0.8999999999999986,13.5
425,3.6000000000000014,14.399999999999991
426,3.6000000000000014,5.400000000000006
427,1.7999999999999972,4.5
428,2.699999999999996,6.299999999999997
429,2.699999999999996,3.6000000000000085
430,1.7999999999999972,29.3
431,4.5,20.3
432,5.400000000000006,10.800000000000011
433,11.299999999999995,6.300000000000004
434,14.400000000000006,6.300000000000004
435,6.300000000000011,8.100000000000001
436,7.200000000000003,5.399999999999999
437,4.5,6.300000000000004
438,1.8000000000000114,3.5999999999999943
439,2.700000000000003,3.6000000000000085
440,7.200000000000003,2.700000000000003
441,3.5999999999999943,4.499999999999993
442,2.700000000000003,3.5999999999999943
443,5.399999999999992,2.700000000000003
444,1.7999999999999972,3.6000000000000014
445,2.6999999999999886,3.5999999999999943
446,2.700000000000003,1.7999999999999972
447,11.699999999999996,3.5999999999999943
448,6.299999999999997,1.7999999999999972
449,2.700000000000003,2.700000000000003
450,3.6000000000000014,1.8000000000000045
451,3.6000000000000014,3.6000000000000014
452,3.6000000000000014,1.7999999999999972
453,2.699999999999996,1.8000000000000045
454,1.7999999999999972,2.700000000000003
455,1.7999999999999972,3.6000000000000014
456,3.6000000000000014,12.599999999999994
457,3.6000000000000014,3.6000000000000085
458,1.7999999999999972,8.100000000000009
459,1.7999999999999972,2.700000000000003
460,4.5,6.299999999999997
461,3.5999999999999943,5.399999999999992
462,2.700000000000003,9.900000000000006
463,3.5999999999999943,9.900000000000006
464,15.300000000000004,3.6000000000000085
465,7.200000000000003,13.5
466,20.700000000000003,18.0
467,10.800000000000011,16.200000000000003
468,1.7999999999999972,30.6
469,4.5,19.800000000000004
470,2.700000000000003,23.40000000000001
471,1.8000000000000114,16.200000000000003
472,1.8000000000000114,23.39999999999999
473,1.7999999999999972,19.800000000000004
474,3.5999999999999943,13.5
475,1.7999999999999972,15.300000000000004
476,3.5999999999999943,12.599999999999994
477,1.7999999999999972,15.299999999999995
478,1.7999999999999972,9.0
479,1.7999999999999972,7.200000000000003
480,1.7999999999999972,15.300000000000004
481,1.7999999999999972,22.5
482,0.9000000000000057,28.8
483,1.7999999999999972,13.5
484,0.9000000000000057,5.399999999999999
485,2.700000000000003,3.5999999999999943
486,2.700000000000003,3.5999999999999943
487,3.6000000000000085,2.699999999999996
488,3.5999999999999943,2.699999999999996
489,6.299999999999997,9.9
490,3.5999999999999943,6.300000000000011
491,3.5999999999999943,8.099999999999994
492,2.700000000000003,7.200000000000003
493,4.099999999999994,3.5999999999999943
494,5.900000000000006,0.8999999999999915
495,2.700000000000003,0.8999999999999915
496,3.5999999999999943,1.7999999999999972
497,2.6999999999999886,6.300000000000004
498,1.7999999999999972,5.400000000000006
499,5.399999999999999,3.5999999999999943
500,2.700000000000003,1.8000000000000114
501,0.8999999999999986,3.5999999999999943
502,21.60000000000001,0.9000000000000057
503,9.0,2.6999999999999886
504,4.5,1.7999999999999972
505,2.700000000000003,8.100000000000009
506,1.7999999999999972,13.099999999999994
507,7.200000000000003,2.6999999999999886
508,21.60000000000001,2.700000000000003
509,15.300000000000004,3.6000000000000085
510,6.300000000000004,2.700000000000003
511,6.300000000000004,1.7999999999999972
512,2.700000000000003,1.7999999999999972
513,2.699999999999996,1.7999999999999972
514,2.700000000000003,16.6
515,3.5999999999999943,32.400000000000006
516,2.699999999999996,3.5999999999999943
517,2.700000000000003,10.400000000000006
518,1.8000000000000045,8.599999999999994
519,3.6000000000000014,9.5
520,10.799999999999995,4.099999999999994
521,4.5,6.799999999999997
522,4.500000000000007,8.099999999999994
523,0.8999999999999915,3.5999999999999943
524,1.7999999999999972,7.200000000000003
525,1.7999999999999972,14.0
526,0.9000000000000057,36.9
527,1.7999999999999972,24.3
528,1.7999999999999972,23.0
529,0.8999999999999915,18.5
530,2.700000000000003,14.900000000000006
531,18.0,8.099999999999994
532,2.299999999999997,18.5
533,0.0,18.90000000000001
534,2.299999999999997,23.40000000000001
535,1.4000000000000057,29.3
536,4.099999999999994,23.90000000000001
537,2.299999999999997,20.69999999999999
538,1.4000000000000057,16.200000000000003
539,7.700000000000003,17.10000000000001
540,4.5,6.299999999999997
541,4.5,23.90000000000001
542,1.7999999999999972,19.40000000000001
543,2.6999999999999886,16.19999999999999
544,2.700000000000003,3.200000000000003
545,3.200000000000003,26.6
546,2.700000000000003,24.8
547,1.7999999999999972,26.099999999999994
548,3.200000000000003,39.2
549,2.700000000000003,15.299999999999995
550,1.7999999999999972,2.700000000000003
551,3.200000000000003,3.5999999999999943
552,2.299999999999997,3.6000000000000085
553,0.9000000000000057,9.900000000000006
554,2.299999999999997,3.5999999999999943
555,2.299999999999997,1.7999999999999972
556,1.4000000000000057,5.399999999999992
557,7.200000000000003,9.0
558,8.100000000000009,14.400000000000006
559,20.3,23.0
560,20.700000000000003,30.599999999999994
561,14.399999999999991,31.1
562,10.799999999999995,1.7999999999999972
563,2.700000000000003,29.700000000000003
564,8.100000000000009,9.0
565,12.599999999999994,25.2
566,12.600000000000009,30.599999999999994
567,15.299999999999995,8.599999999999994
568,10.800000000000004,9.5
569,7.700000000000003,5.900000000000006
570,18.5,15.799999999999995
571,11.299999999999995,13.099999999999994
572,11.299999999999995,17.10000000000001
573,8.599999999999994,17.099999999999994
574,11.299999999999995,5.400000000000006
575,14.0,8.599999999999994
576,11.700000000000005,15.799999999999995
577,7.199999999999989,2.299999999999997
578,15.299999999999995,12.200000000000005
579,13.099999999999994,27.5
580,3.200000000000003,17.10000000000001
581,1.4000000000000057,17.099999999999994
582,3.200000000000003,11.299999999999995
583,5.0,7.199999999999989
584,8.099999999999994,8.599999999999994
585,3.6000000000000085,15.799999999999995
586,2.6999999999999886,14.400000000000006
587,2.6999999999999886,16.200000000000003
588,6.299999999999997,20.700000000000003
589,2.700000000000003,15.299999999999995
590,1.7999999999999972,9.5
591,5.400000000000006,8.599999999999994
592,6.299999999999997,2.299999999999997
593,6.300000000000011,8.099999999999994
594,12.599999999999994,5.400000000000006
595,2.700000000000003,23.40000000000001
596,8.100000000000009,19.8
597,8.100000000000009,4.5
598,2.700000000000003,17.099999999999994
599,7.200000000000003,26.6
600,2.6999999999999886,9.9
601,6.299999999999997,4.5
602,0.8999999999999915,8.099999999999994
603,5.400000000000006,14.399999999999991
604,2.700000000000003,3.5999999999999943
605,3.6000000000000085,24.300000000000004
606,7.200000000000003,15.300000000000011
607,3.5999999999999943,17.099999999999994
608,6.299999999999997,4.5
609,3.5999999999999943,9.5
610,4.5,5.399999999999992
611,5.399999999999992,3.6000000000000085
612,3.6000000000000085,5.399999999999992
613,5.400000000000006,9.899999999999991
614,4.5,4.099999999999994
615,2.700000000000003,26.6
616,2.6999999999999886,7.200000000000003
617,5.399999999999992,17.099999999999994
618,7.199999999999989,3.6000000000000085
619,2.700000000000003,5.400000000000006
620,7.200000000000003,9.0
621,2.700000000000003,4.5
622,5.400000000000006,16.700000000000003
623,8.100000000000009,17.599999999999994
624,4.5,9.5
625,9.0,13.099999999999994
626,4.5,15.799999999999995
627,6.300000000000011,20.700000000000003
628,3.200000000000003,13.099999999999994
629,1.4000000000000057,6.799999999999997
630,1.4000000000000057,11.299999999999995
631,5.0,13.099999999999994
632,12.599999999999994,8.599999999999994
633,15.299999999999995,18.5
634,14.399999999999991,14.900000000000006
635,3.5999999999999943,17.599999999999994
636,4.5,21.200000000000003
637,5.900000000000006,10.400000000000006
638,6.299999999999997,13.099999999999994
639,7.200000000000003,13.099999999999994
640,5.399999999999992,13.099999999999994
641,5.399999999999992,10.400000000000006
642,18.0,10.400000000000006
643,7.200000000000003,12.200000000000005
644,6.299999999999997,10.400000000000006
645,6.299999999999997,9.5
646,2.700000000000003,14.0
647,12.200000000000005,11.299999999999995
648,1.7999999999999972,10.400000000000006
649,2.299999999999997,13.099999999999994
650,5.0,5.0
651,5.900000000000006,3.200000000000003
652,5.0,4.099999999999994
653,5.400000000000006,1.4000000000000057
654,1.7999999999999972,0.5
655,2.700000000000003,0.5
656,1.7999999999999972,29.3
657,7.200000000000003,9.899999999999991
658,9.0,25.700000000000003
659,0.9000000000000057,8.100000000000009
660,1.8000000000000114,15.799999999999995
661,10.799999999999995,20.3
662,1.7999999999999972,14.900000000000006
663,4.5,5.900000000000006
664,16.19999999999999,13.5
665,8.099999999999994,11.299999999999995
666,2.700000000000003,6.799999999999997
667,3.6000000000000085,5.0
668,4.5,7.700000000000003
669,1.7999999999999972,5.0
670,5.400000000000006,5.0
671,7.200000000000003,17.599999999999994
672,3.6000000000000014,8.599999999999994
673,4.5,10.400000000000006
674,12.6,26.1
675,18.0,10.799999999999995
676,16.700000000000003,9.0
677,18.89999999999999,3.6000000000000085
678,13.5,3.5999999999999943
679,5.399999999999999,1.7999999999999972
680,18.0,1.7999999999999972
681,6.300000000000001,3.6000000000000085
682,1.8000000000000007,23.4
683,8.100000000000001,36.0
684,2.6999999999999997,1.7999999999999972
685,2.6999999999999997,23.4
686,2.6999999999999997,34.7
687,1.7999999999999972,9.0
688,2.6999999999999997,9.0
689,3.6000000000000014,3.5999999999999943
690,2.700000000000003,23.4
691,3.6000000000000014,2.700000000000003
692,2.699999999999996,1.7999999999999972
693,2.699999999999996,1.7999999999999972
694,3.6000000000000014,1.7999999999999972
695,1.7999999999999972,1.7999999999999972
696,2.700000000000003,1.7999999999999972
697,1.8000000000000045,1.7999999999999972
698,1.8000000000000045,3.6000000000000085
699,2.700000000000003,1.7999999999999972
700,5.399999999999999,4.5
701,15.3,29.3
702,1.7999999999999998,25.700000000000003
703,12.599999999999994,25.700000000000003
704,1.8000000000000045,23.4
705,2.700000000000003,12.599999999999994
706,1.8000000000000045,20.69999999999999
707,1.8000000000000045,26.10000000000001
708,1.8000000000000045,27.0
709,1.8000000000000045,24.3
710,1.7999999999999972,32.9
711,2.700000000000003,34.2
712,0.0,27.5
713,0.0,24.8
714,0.0,31.1
715,4.5,17.599999999999994
716,7.199999999999996,17.599999999999994
717,16.200000000000003,18.90000000000001
718,18.0,15.799999999999995
719,12.599999999999994,27.5
720,13.5,18.000000000000007
721,16.199999999999996,36.9
722,21.599999999999994,31.499999999999996
723,12.6,29.7
724,20.700000000000003,25.700000000000003
725,14.4,23.39999999999999
726,18.0,5.900000000000006
727,9.0,7.700000000000003
728,15.300000000000004,10.400000000000006
729,8.100000000000001,8.599999999999994
730,12.6,40.49999999999999
731,13.5,9.0
732,14.4,8.100000000000009
733,3.6000000000000014,10.799999999999995
734,5.400000000000006,10.799999999999995
735,4.5,7.700000000000003
736,19.800000000000004,5.900000000000006
737,5.400000000000006,27.5
738,5.400000000000006,23.0
739,3.5999999999999943,21.200000000000003
740,3.6000000000000085,12.600000000000009
741,1.8000000000000114,22.099999999999994
742,4.5,2.700000000000003
743,1.7999999999999972,6.299999999999997
744,1.7999999999999972,22.500000000000007
745,1.7999999999999972,6.299999999999997
746,4.5,5.399999999999992
747,11.699999999999996,14.0
748,4.5,16.200000000000003
749,1.7999999999999972,25.200000000000003
750,1.7999999999999972,21.200000000000003
751,1.7999999999999972,11.699999999999989
752,1.7999999999999972,9.0
753,0.8999999999999986,6.300000000000011
754,1.7999999999999972,4.5
755,10.799999999999995,6.300000000000011
756,21.6,14.400000000000006
757,12.6,22.099999999999994
758,2.700000000000003,6.799999999999997
759,10.799999999999995,3.5999999999999943
760,10.799999999999995,7.200000000000003
761,9.0,5.400000000000006
762,4.5,3.5999999999999943
763,1.7999999999999972,4.5
764,3.5999999999999943,8.099999999999994
765,1.8000000000000114,7.200000000000003
766,5.399999999999992,14.0
767,1.8000000000000114,16.19999999999999
768,1.8000000000000114,9.0
769,3.6000000000000085,14.4
770,0.9000000000000057,14.400000000000006
771,0.9000000000000057,5.400000000000006
772,1.7999999999999972,11.700000000000005
773,0.9000000000000057,5.900000000000006
774,12.599999999999994,5.900000000000006
775,7.200000000000003,5.900000000000006
776,9.0,4.5
777,9.5,0.9000000000000057
778,9.0,1.7999999999999972
779,5.400000000000006,0.8999999999999915
780,20.700000000000003,2.299999999999997
781,14.400000000000006,0.5
782,15.299999999999995,0.5
783,20.7,0.5
784,7.200000000000003,0.5
785,0.9000000000000057,1.4000000000000057
786,1.8000000000000114,16.200000000000003
787,1.7999999999999972,24.8
788,3.6000000000000085,26.6
789,6.299999999999997,10.800000000000011
790,10.799999999999995,23.0
791,7.200000000000003,19.8
792,3.6000000000000085,12.200000000000005
793,1.8000000000000114,12.600000000000009
794,0.9000000000000057,9.0
795,1.7999999999999972,19.8
796,2.700000000000003,28.4
797,2.700000000000003,36.5
798,2.700000000000003,5.399999999999999
799,0.9000000000000057,26.6
800,2.700000000000003,8.100000000000009
801,14.0,4.5
802,9.899999999999991,16.200000000000003
803,20.700000000000003,17.599999999999994
804,3.200000000000003,13.5
805,1.4000000000000057,30.200000000000003
806,1.4000000000000057,6.300000000000011
807,5.0,4.5
808,1.7999999999999972,2.700000000000003
809,1.7999999999999972,0.8999999999999915
810,1.7999999999999972,1.8000000000000114
811,0.8999999999999915,2.700000000000003
812,1.7999999999999972,21.599999999999994
813,3.200000000000003,4.5
814,5.399999999999992,19.40000000000001
815,14.900000000000006,3.200000000000003
816,8.599999999999994,1.7999999999999972
817,11.700000000000005,1.7999999999999972
818,2.700000000000003,1.7999999999999972
819,1.7999999999999972,5.900000000000006
820,1.7999999999999972,21.599999999999994
821,4.5,9.0
822,3.5999999999999943,9.0
823,2.700000000000003,1.7999999999999972
824,1.7999999999999972,1.7999999999999972
825,4.5,2.700000000000003
826,2.700000000000003,1.7999999999999972
827,1.7999999999999972,1.7999999999999972
828,2.700000000000003,2.6999999999999886
829,2.6999999999999886,7.700000000000003
830,4.5,8.599999999999994
831,0.9000000000000057,6.799999999999997
832,2.700000000000003,3.5999999999999943
833,9.0,5.399999999999992
834,2.700000000000003,21.200000000000003
835,3.5999999999999943,5.900000000000006
836,3.5999999999999943,1.4000000000000057
837,16.19999999999999,3.200000000000003
838,6.299999999999997,19.40000000000001
839,9.899999999999991,19.40000000000001
840,19.8,5.0
841,11.700000000000005,2.299999999999997
842,14.399999999999991,2.700000000000003
843,5.400000000000006,3.5999999999999943
844,10.799999999999995,4.5
845,6.299999999999997,8.099999999999994
846,10.800000000000011,7.700000000000003
847,6.299999999999997,23.0
848,5.900000000000006,19.40000000000001
849,3.5999999999999943,4.099999999999994
850,2.700000000000003,10.799999999999995
851,1.8000000000000114,13.099999999999994
852,0.9000000000000057,31.5
853,1.7999999999999972,14.0
854,2.700000000000003,5.900000000000006
855,4.5,5.0
856,2.700000000000003,14.900000000000006
857,1.7999999999999972,9.0
858,7.700000000000003,15.299999999999995
859,6.299999999999997,18.0
860,3.200000000000003,7.199999999999989
861,1.4000000000000057,1.7999999999999972
862,0.0,1.8000000000000114
863,2.299999999999997,3.5999999999999943
864,5.0,7.199999999999989
865,3.5999999999999943,2.6999999999999886
866,2.700000000000003,0.8999999999999915
867,1.7999999999999972,1.7999999999999972
868,2.299999999999997,2.700000000000003
869,0.5,3.5999999999999943
870,0.5,9.0
871,1.4000000000000057,40.1
872,4.5,8.099999999999994
873,4.5,2.700000000000003
874,6.300000000000011,2.700000000000003
875,9.0,3.6000000000000085
876,7.700000000000003,4.5
877,5.900000000000006,5.400000000000006
878,5.400000000000006,4.5
879,4.5,3.5999999999999943
880,7.200000000000003,1.7999999999999972
881,7.700000000000003,2.700000000000003
882,5.900000000000006,1.7999999999999972
883,16.700000000000003,3.5999999999999943
884,15.299999999999995,2.700000000000003
885,10.799999999999995,9.0
886,19.40000000000001,2.700000000000003
887,14.900000000000006,1.7999999999999972
888,12.600000000000009,2.700000000000003
889,16.19999999999999,2.700000000000003
890,7.700000000000003,2.6999999999999886
891,0.5,25.700000000000003
892,14.0,3.200000000000003
893,2.700000000000003,4.5
894,2.700000000000003,28.4
895,4.5,29.3
896,2.700000000000003,37.8
897,4.5,4.5
898,1.7999999999999972,5.399999999999999
899,1.7999999999999972,5.400000000000006
900,2.6999999999999886,7.200000000000003
901,13.099999999999994,7.200000000000003
902,2.6999999999999886,9.0
903,2.6999999999999886,12.6
904,1.8000000000000114,22.5
905,9.899999999999991,6.299999999999997
906,9.5,6.300000000000004
907,2.700000000000003,7.200000000000003
908,10.400000000000006,24.3
909,8.599999999999994,19.800000000000004
910,7.199999999999989,9.9
911,7.200000000000003,10.800000000000004
912,3.6000000000000085,12.599999999999994
913,5.399999999999992,6.299999999999997
914,2.700000000000003,21.599999999999994
915,2.700000000000003,2.700000000000003
916,2.700000000000003,8.099999999999994
917,3.6000000000000085,5.900000000000006
918,13.099999999999994,14.0
919,2.299999999999997,9.0
920,3.200000000000003,11.299999999999995
921,5.0,10.400000000000006
922,4.099999999999994,14.400000000000006
923,2.299999999999997,21.6
924,3.5999999999999943,15.299999999999995
925,2.700000000000003,4.5
926,3.6000000000000085,14.399999999999991
927,3.6000000000000085,39.2
928,1.8000000000000114,3.5999999999999943
929,2.700000000000003,16.200000000000003
930,2.700000000000003,10.799999999999995
931,4.5,10.799999999999995
932,1.7999999999999972,24.300000000000004
933,1.7999999999999972,13.500000000000009
934,2.700000000000003,9.900000000000006
935,1.7999999999999972,4.5
936,6.799999999999997,24.300000000000004
937,5.0,23.0
938,4.5,14.900000000000006
939,2.700000000000003,9.5
940,2.6999999999999886,12.200000000000005
941,3.6000000000000085,11.299999999999995
942,4.5,9.0
943,9.5,4.5
944,2.299999999999997,9.900000000000006
945,4.099999999999994,11.299999999999995
946,19.8,14.0
947,8.099999999999994,9.5
948,1.8000000000000045,9.5
949,19.8,7.700000000000003
950,8.599999999999994,7.200000000000003
951,18.89999999999999,2.299999999999997
952,16.700000000000003,1.4000000000000057
953,17.10000000000001,28.4
954,13.5,8.099999999999994
955,17.599999999999994,36.900000000000006
956,14.900000000000006,12.599999999999994
957,11.299999999999995,12.599999999999994
958,11.299999999999995,28.8
959,2.299999999999997,29.3
960,2.299999999999997,14.4
961,3.200000000000003,17.099999999999994
962,13.5,12.599999999999994
963,12.599999999999994,26.10000000000001
964,21.60000000000001,5.400000000000006
965,21.200000000000003,4.5
966,12.200000000000005,2.700000000000003
967,4.5,7.200000000000003
968,14.400000000000006,21.200000000000003
969,15.299999999999995,20.700000000000003
970,15.799999999999995,4.5
971,11.299999999999995,21.6
972,5.400000000000006,32.400000000000006
973,4.5,22.5
974,6.799999999999997,9.9
975,0.5,21.599999999999994
976,0.5,25.200000000000003
977,1.7999999999999972,17.1
978,3.200000000000003,11.700000000000005
979,2.6999999999999886,32.9
980,4.099999999999994,13.5
981,5.0,24.8
982,5.0,34.2
983,2.299999999999997,6.299999999999997
984,1.7999999999999972,27.9
985,2.700000000000003,20.700000000000003
986,1.7999999999999972,33.300000000000004
987,3.5999999999999943,31.5
988,2.6999999999999886,28.8
989,3.5999999999999943,39.6
990,1.7999999999999972,20.700000000000003
991,2.700000000000003,25.700000000000003
992,3.5999999999999943,17.099999999999994
993,1.7999999999999972,30.200000000000003
994,1.7999999999999972,2.700000000000003
995,1.7999999999999972,11.700000000000005
996,2.700000000000003,9.0
997,5.400000000000006,25.200000000000003
998,6.799999999999997,32.4
999,6.799999999999997,19.8
1000,9.0,26.999999999999996
1001,2.299999999999997,18.0
1002,9.0,7.200000000000003
1003,1.7999999999999972,6.299999999999997
1004,11.700000000000005,13.5
1005,7.200000000000003,27.9
1006,7.200000000000003,40.5
1007,9.5,2.699999999999996
1008,7.200000000000003,5.399999999999999
1009,4.5,16.200000000000003
1010,9.9,12.6
1011,12.6,13.5
1012,9.900000000000002,8.100000000000009
1013,12.6,5.0
1014,5.0,1.7999999999999972
1015,7.700000000000003,3.200000000000003
1016,7.700000000000003,1.4000000000000057
1017,12.200000000000005,0.9000000000000057
1018,5.400000000000006,1.7999999999999972
1019,4.5,1.4000000000000057
1020,6.299999999999997,10.400000000000006
1021,16.199999999999996,5.900000000000006
1022,10.3,11.299999999999995
1023,16.199999999999996,10.400000000000006
1024,9.0,9.0
1025,6.799999999999997,30.6
1026,8.099999999999994,9.0
1027,1.8000000000000045,4.5
1028,2.699999999999996,28.8
1029,7.200000000000003,17.10000000000001
1030,4.5,7.200000000000003
1031,2.699999999999996,30.200000000000003
1032,0.8999999999999986,19.40000000000001
1033,1.8000000000000045,14.900000000000006
1034,1.8000000000000045,17.10000000000001
1035,1.8000000000000045,29.3
1036,1.8000000000000045,9.900000000000006
1037,1.8000000000000045,3.5999999999999943
1038,1.8000000000000045,5.399999999999992
1039,1.8000000000000045,3.5999999999999943
1040,5.399999999999999,1.7999999999999972
1041,21.6,28.800000000000004
1042,1.7999999999999972,21.6
1043,1.7999999999999972,23.0
1044,1.8000000000000114,8.099999999999994
1045,2.700000000000003,11.299999999999995
1046,2.700000000000003,8.599999999999994
1047,1.8000000000000045,9.5
1048,3.5999999999999943,6.799999999999997
1049,17.10000000000001,5.0
1050,8.100000000000009,5.0
1051,4.5,6.299999999999997
1052,10.799999999999995,10.799999999999995
1053,9.5,10.799999999999995
1054,2.700000000000003,9.0
1055,1.7999999999999972,7.200000000000003
1056,1.7999999999999972,5.900000000000006
1057,14.400000000000006,13.5
1058,11.700000000000005,9.900000000000006
1059,18.5,10.400000000000006
1060,7.200000000000003,13.5
1061,1.7999999999999972,4.099999999999994
1062,12.600000000000009,8.099999999999994
1063,9.899999999999991,23.0
1064,3.6000000000000085,15.299999999999995
1065,11.700000000000005,9.5
1066,6.299999999999997,2.6999999999999886
1067,5.399999999999999,1.7999999999999972
1068,15.300000000000004,0.8999999999999915
1069,14.0,2.700000000000003
1070,4.5,1.7999999999999972
1071,2.700000000000003,2.6999999999999886
1072,2.700000000000003,2.700000000000003
1073,14.0,3.5999999999999943
1074,9.5,11.699999999999989
1075,0.9000000000000057,4.5
1076,2.700000000000003,2.700000000000003
1077,2.700000000000003,2.700000000000003
1078,1.7999999999999972,23.39999999999999
1079,1.7999999999999972,32.39999999999999
1080,6.299999999999997,14.0
1081,9.900000000000006,15.799999999999995
1082,9.900000000000006,6.300000000000011
1083,2.700000000000003,7.200000000000003
1084,2.700000000000003,2.299999999999997
1085,1.7999999999999972,2.700000000000003
1086,1.7999999999999972,1.4000000000000057
1087,0.9000000000000057,1.4000000000000057
1088,2.700000000000003,1.4000000000000057
1089,1.7999999999999972,2.299999999999997
1090,1.7999999999999972,1.7999999999999972
1091,0.0,2.299999999999997
1092,1.7999999999999972,4.5
1093,0.8999999999999915,3.5999999999999943
1094,2.6999999999999886,4.5
1095,1.7999999999999972,11.700000000000005
1096,0.8999999999999915,32.4
1097,1.8000000000000114,13.5
1098,1.8000000000000114,3.5999999999999943
1099,5.400000000000006,6.299999999999997
1100,1.8000000000000114,17.099999999999994
1101,1.7999999999999972,6.799999999999997
1102,1.7999999999999972,8.100000000000009
1103,0.9000000000000057,9.0
1104,2.700000000000003,9.0
1105,3.6000000000000085,9.5
1106,1.8000000000000114,11.700000000000005
1107,1.8000000000000114,2.700000000000003
1108,0.9000000000000057,2.700000000000003
1109,2.700000000000003,1.4000000000000057
1110,0.9000000000000057,4.099999999999994
1111,2.700000000000003,5.900000000000006
1112,1.7999999999999972,6.799999999999997
1113,3.5999999999999943,10.799999999999995
1114,11.699999999999996,11.299999999999995
1115,9.0,6.799999999999997
1116,7.200000000000003,8.099999999999994
1117,4.5,7.200000000000003
1118,11.700000000000005,9.5
1119,9.0,4.5
1120,2.700000000000003,7.700000000000003
1121,0.8999999999999915,5.0
1122,2.700000000000003,2.700000000000003
1123,0.9000000000000057,16.700000000000003
1124,0.8999999999999915,12.599999999999994
1125,0.9000000000000057,9.0
1126,0.9000000000000057,11.299999999999995
1127,2.6999999999999886,0.5
1128,1.7999999999999972,3.200000000000003
1129,4.5,5.0
1130,2.700000000000003,0.5
1131,5.400000000000006,5.0
1132,4.5,6.299999999999997
1133,4.5,23.40000000000001
1134,2.6999999999999886,27.0
1135,2.700000000000003,4.099999999999994
1136,2.700000000000003,36.89999999999999
1137,2.6999999999999886,17.099999999999994
1138,0.8999999999999915,13.500000000000009
1139,0.9000000000000057,17.099999999999994
1140,4.5,9.0
1141,8.099999999999994,10.799999999999995
1142,8.099999999999994,15.299999999999995
1143,3.5999999999999943,19.800000000000004
1144,1.8000000000000114,16.199999999999996
1145,2.700000000000003,15.299999999999995
1146,3.5999999999999943,24.3
1147,2.700000000000003,27.0
1148,2.700000000000003,24.3
1149,9.899999999999991,20.7
1150,9.0,18.90000000000001
1151,1.7999999999999972,15.300000000000004
1152,1.7999999999999972,20.700000000000003
1153,3.5999999999999943,22.5
1154,1.7999999999999972,21.599999999999994
1155,1.7999999999999972,16.200000000000003
1156,7.200000000000003,12.599999999999994
1157,15.299999999999995,13.499999999999991
1158,13.5,19.8
1159,14.400000000000006,18.90000000000001
1160,10.799999999999995,14.399999999999991
1161,11.700000000000005,22.5
1162,7.200000000000003,22.5
1163,8.100000000000001,29.700000000000003
1164,13.5,26.10000000000001
1165,16.200000000000003,14.400000000000006
1166,15.300000000000011,3.6000000000000014
1167,2.699999999999996,18.9
1168,13.5,24.300000000000004
1169,19.8,12.599999999999994
1170,9.0,8.100000000000001
1171,13.5,22.5
1172,3.5999999999999943,19.8
1173,14.399999999999991,22.5
1174,17.099999999999994,0.8999999999999986
1175,20.700000000000003,25.200000000000003
1176,6.299999999999997,1.4000000000000057
1177,8.099999999999994,1.7999999999999972
1178,16.200000000000003,0.5
1179,16.200000000000003,2.299999999999997
1180,16.200000000000003,1.4000000000000057
1181,9.900000000000006,1.7999999999999972
1182,4.5,0.8999999999999915
1183,7.199999999999989,1.7999999999999972
1184,2.700000000000003,2.299999999999997
1185,7.200000000000003,3.200000000000003
1186,9.9,3.6000000000000085
1187,1.7999999999999972,4.5
1188,3.6000000000000014,1.7999999999999972
1189,3.6000000000000014,1.7999999999999972
1190,3.6000000000000014,2.700000000000003
1191,2.699999999999996,2.700000000000003
1192,3.6000000000000014,3.6000000000000085
1193,3.6000000000000014,1.7999999999999972
1194,5.399999999999999,11.699999999999989
1195,9.9,5.400000000000006
1196,16.199999999999996,4.5
1197,1.7999999999999972,15.799999999999995
1198,3.6000000000000014,18.0
1199,1.7999999999999972,5.0
1200,1.7999999999999972,31.1
1201,6.299999999999997,9.0
1202,17.1,7.200000000000003
1203,9.0,13.499999999999991
1204,3.6000000000000014,5.399999999999992
1205,3.6000000000000014,22.5
1206,4.5,18.9
1207,2.700000000000003,31.5
1208,3.5999999999999943,35.099999999999994
1209,4.5,7.199999999999996
1210,7.199999999999996,9.899999999999991
1211,4.499999999999993,19.8
1212,3.6000000000000014,10.800000000000011
1213,1.7999999999999972,10.799999999999995
1214,4.5,6.299999999999997
1215,2.700000000000003,3.5999999999999943
1216,2.699999999999996,2.700000000000003
1217,2.699999999999996,26.099999999999994
1218,1.7999999999999972,7.200000000000003
1219,2.699999999999996,3.6000000000000014
1220,3.6000000000000014,13.5
1221,2.700000000000003,30.200000000000003
1222,1.7999999999999972,24.8
1223,13.5,31.5
1224,9.0,13.5
1225,2.699999999999996,16.200000000000003
1226,3.6000000000000014,11.699999999999996
1227,2.700000000000003,1.7999999999999972
1228,2.700000000000003,1.7999999999999972
1229,1.7999999999999972,1.7999999999999972
1230,7.199999999999996,0.9000000000000057
1231,2.700000000000003,0.9000000000000057
1232,2.700000000000003,2.6999999999999886
1233,1.8000000000000045,1.7999999999999972
1234,2.700000000000003,0.8999999999999915
1235,1.7999999999999972,1.7999999999999972
1236,9.0,0.9000000000000057
1237,3.5999999999999943,0.9000000000000057
1238,1.7999999999999972,0.9000000000000057
1239,8.100000000000009,0.9000000000000057
1240,1.7999999999999972,1.7999999999999972
1241,0.8999999999999915,0.9000000000000057
1242,18.5,1.8000000000000114
1243,4.5,1.8000000000000114
1244,3.5999999999999943,26.10000000000001
1245,4.5,9.0
1246,3.5999999999999943,11.700000000000005
1247,1.7999999999999972,39.6
1248,3.6000000000000085,30.6
1249,3.6000000000000085,8.099999999999994
1250,4.5,7.200000000000003
1251,4.5,6.299999999999997
1252,12.6,4.5
1253,10.799999999999995,6.300000000000004
1254,7.199999999999996,31.5
1255,1.7999999999999972,26.6
1256,2.700000000000003,9.899999999999991
1257,2.700000000000003,8.100000000000009
1258,3.6000000000000014,16.200000000000003
1259,3.6000000000000014,28.800000000000004
1260,0.8999999999999986,3.5999999999999943
1261,16.700000000000003,6.299999999999997
1262,2.700000000000003,6.299999999999997
1263,7.700000000000003,2.700000000000003
1264,10.799999999999995,4.5
1265,7.200000000000003,12.6
1266,11.700000000000005,7.200000000000003
1267,21.200000000000003,23.4
1268,9.0,9.0
1269,7.700000000000003,14.900000000000006
1270,1.4000000000000057,18.89999999999999
1271,7.700000000000003,18.90000000000001
1272,5.400000000000006,15.300000000000011
1273,4.5,34.2
1274,2.700000000000003,16.200000000000003
1275,4.5,6.299999999999997
1276,14.0,6.299999999999997
1277,14.399999999999991,15.799999999999995
1278,2.299999999999997,26.099999999999994
1279,6.299999999999997,12.599999999999994
1280,3.5999999999999943,33.3
1281,2.700000000000003,9.900000000000006
1282,2.700000000000003,24.3
1283,4.5,27.5
1284,1.7999999999999972,14.400000000000006
1285,1.7999999999999972,5.900000000000006
1286,2.700000000000003,15.799999999999995
1287,2.700000000000003,11.299999999999995
1288,4.5,9.0
1289,3.6000000000000085,3.200000000000003
1290,4.5,11.700000000000005
1291,16.199999999999996,8.100000000000009
1292,20.700000000000003,16.700000000000003
1293,18.90000000000001,11.700000000000005
1294,1.7999999999999972,2.6999999999999886
1295,2.299999999999997,4.5
1296,8.100000000000001,7.200000000000003
1297,7.199999999999996,10.799999999999995
1298,4.5,8.599999999999994
1299,2.700000000000003,2.299999999999997
1300,4.5,6.299999999999997
1301,3.5999999999999943,6.799999999999997
1302,3.5999999999999943,30.6
1303,6.300000000000011,22.099999999999994
1304,14.0,23.0
1305,1.4000000000000057,19.8
1306,11.299999999999995,30.6
1307,11.299999999999995,12.6
1308,18.0,7.200000000000003
1309,5.399999999999999,2.700000000000003
1310,6.299999999999997,2.700000000000003
1311,8.100000000000009,1.8000000000000045
1312,1.7999999999999972,1.8000000000000045
1313,2.700000000000003,9.0
1314,2.700000000000003,17.099999999999994
1315,2.700000000000003,6.299999999999997
1316,12.599999999999994,38.7
1317,8.100000000000009,3.5999999999999943
1318,3.6000000000000085,3.200000000000003
1319,6.299999999999997,1.4000000000000057
1320,3.5999999999999943,18.89999999999999
1321,4.5,4.5
1322,2.299999999999997,31.5
1323,4.099999999999994,20.7
1324,2.700000000000003,4.5
1325,11.700000000000005,24.300000000000004
1326,10.799999999999995,12.200000000000005
1327,13.5,6.799999999999997
1328,8.100000000000009,2.299999999999997
1329,15.299999999999995,7.700000000000003
1330,9.900000000000006,6.799999999999997
1331,3.6000000000000085,8.099999999999994
1332,5.399999999999992,13.099999999999994
1333,2.700000000000003,3.6000000000000085
1334,1.7999999999999972,32.4
1335,3.5999999999999943,22.500000000000007
1336,1.7999999999999972,24.3
1337,2.700000000000003,18.0
1338,3.5999999999999943,19.800000000000004
1339,1.7999999999999972,9.900000000000006
1340,1.7999999999999972,9.0
1341,2.6999999999999886,9.0
1342,5.399999999999992,16.200000000000003
1343,7.200000000000003,8.100000000000009
1344,9.0,6.299999999999997
1345,10.800000000000011,9.0
1346,11.700000000000005,10.799999999999995
1347,4.5,17.599999999999994
1348,5.399999999999992,9.0
1349,4.5,5.400000000000006
1350,2.700000000000003,11.700000000000005
1351,6.299999999999997,14.4
1352,3.6000000000000085,24.8
1353,7.200000000000003,29.700000000000003
1354,4.5,8.099999999999994
1355,3.6000000000000085,9.899999999999991
1356,2.700000000000003,8.099999999999994
1357,4.5,8.099999999999994
1358,4.5,4.5
1359,5.400000000000006,16.700000000000003
1360,9.899999999999991,7.200000000000003
1361,18.89999999999999,2.700000000000003
1362,9.9,4.5
1363,13.5,3.6000000000000085
1364,8.100000000000001,2.700000000000003
1365,9.900000000000006,2.700000000000003
1366,9.0,1.7999999999999972
1367,17.1,1.7999999999999972
1368,7.199999999999996,3.5999999999999943
1369,14.4,3.5999999999999943
1370,20.3,11.700000000000005
1371,6.299999999999997,35.099999999999994
1372,6.799999999999997,29.7
1373,17.099999999999994,30.200000000000003
1374,7.199999999999989,9.0
1375,5.400000000000006,2.700000000000003
1376,6.299999999999997,8.599999999999994
1377,4.5,14.0
1378,12.200000000000005,18.5
1379,13.5,26.099999999999994
1380,17.599999999999994,11.700000000000005
1381,5.400000000000006,7.200000000000003
1382,4.5,6.299999999999997
1383,9.0,11.299999999999995
1384,7.700000000000003,8.099999999999994
1385,4.099999999999994,6.300000000000011
1386,4.099999999999994,7.199999999999989
1387,5.400000000000006,3.6000000000000085
1388,4.5,4.5
1389,6.299999999999997,32.4
1390,9.5,14.399999999999991
1391,9.5,20.7
1392,4.099999999999994,31.5
1393,6.299999999999997,9.9
1394,5.399999999999992,9.9
1395,8.599999999999994,35.6
1396,10.400000000000006,23.39999999999999
1397,14.900000000000006,9.900000000000006
1398,5.399999999999992,15.300000000000004
1399,4.5,7.199999999999996
1400,3.6000000000000085,5.399999999999992
1401,4.5,4.500000000000007
1402,3.5999999999999943,8.099999999999994
1403,8.099999999999994,9.0
1404,6.299999999999997,27.5
1405,5.399999999999992,32.0
1406,4.5,10.800000000000004
1407,4.5,6.299999999999997
1408,8.100000000000009,12.599999999999994
1409,3.6000000000000014,39.2
1410,5.399999999999999,28.8
1411,3.6000000000000014,39.2
1412,2.700000000000003,34.7
1413,5.400000000000006,25.2
1414,5.400000000000006,40.1
1415,8.099999999999994,35.99999999999999
1416,10.800000000000004,38.7
1417,3.5999999999999943,37.8
1418,5.399999999999999,26.999999999999996
1419,14.900000000000006,5.399999999999999
1420,5.900000000000006,21.599999999999994
1421,12.200000000000005,14.400000000000006
1422,3.6000000000000085,9.0
1423,5.399999999999992,14.0
1424,7.199999999999989,9.0
1425,5.399999999999992,28.4
1426,3.5999999999999943,4.5
1427,4.5,5.900000000000006
1428,10.799999999999995,5.0
1429,6.299999999999997,3.200000000000003
1430,7.200000000000003,6.799999999999997
1431,8.099999999999994,5.400000000000006
1432,9.900000000000006,4.5
1433,2.6999999999999886,5.0
1434,9.0,12.200000000000005
1435,7.199999999999989,8.599999999999994
1436,9.5,37.4
1437,16.700000000000003,7.700000000000003
1438,9.899999999999991,20.3
1439,10.400000000000006,29.3
1440,5.900000000000006,26.1
1441,14.4,20.3
1442,4.5,34.7
1443,7.200000000000003,38.3
1444,15.299999999999995,28.4
1445,10.799999999999995,27.90000000000001
1446,19.40000000000001,29.3
1447,6.799999999999997,29.3
1448,9.900000000000006,25.200000000000003
1449,9.5,37.4
1450,18.9,38.3
1451,11.699999999999996,17.099999999999994
1452,21.599999999999994,19.8
1453,5.399999999999999,12.599999999999994
1454,2.700000000000003,4.5
1455,4.5,2.700000000000003
1456,2.699999999999996,2.700000000000003
1457,18.0,11.299999999999995
1458,17.1,24.300000000000004
1459,9.000000000000007,2.6999999999999886
1460,5.399999999999999,3.5999999999999943
1461,2.699999999999996,14.900000000000006
1462,13.5,34.7
1463,4.5,11.700000000000005
1464,4.5,13.499999999999991
1465,11.699999999999989,7.199999999999989
1466,4.5,20.700000000000003
1467,7.200000000000003,13.5
1468,7.200000000000003,15.299999999999995
1469,3.5999999999999943,31.5
1470,4.5,18.90000000000001
1471,16.200000000000003,17.10000000000001
1472,21.200000000000003,14.399999999999991
1473,3.200000000000003,9.0
1474,4.5,6.299999999999997
1475,6.299999999999997,7.200000000000003
1476,4.099999999999994,13.5
1477,6.799999999999997,15.299999999999995
1478,3.5999999999999943,9.900000000000006
1479,3.5999999999999943,22.099999999999994
1480,3.5999999999999943,20.700000000000003
1481,4.5,21.599999999999994
1482,9.0,9.0
1483,4.5,0.0
1484,3.6000000000000085,26.1
1485,2.700000000000003,32.0
1486,7.200000000000003,38.3
1487,4.5,13.5
1488,6.299999999999997,36.5
1489,16.200000000000003,33.8
1490,6.299999999999997,38.3
1491,0.8999999999999986,39.2
1492,2.699999999999996,27.9
1493,4.5,5.399999999999999
1494,3.6000000000000014,4.5
1495,1.7999999999999972,2.700000000000003
1496,1.8000000000000045,3.6000000000000014
1497,3.6000000000000014,1.8000000000000045
1498,3.6000000000000014,2.700000000000003
1499,1.8000000000000045,3.6000000000000014
1500,2.700000000000003,2.700000000000003
1501,1.8000000000000045,5.399999999999999
1502,11.699999999999996,2.699999999999996
1503,4.5,3.6000000000000014
1504,7.700000000000003,3.6000000000000014
1505,16.700000000000003,2.700000000000003
1506,9.5,3.6000000000000014
1507,6.300000000000011,4.5
1508,3.5999999999999943,19.8
1509,5.900000000000006,14.400000000000006
1510,15.799999999999995,8.100000000000001
1511,7.200000000000003,10.799999999999995
1512,13.5,9.900000000000006
1513,17.599999999999994,12.6
1514,2.700000000000003,9.900000000000006
1515,3.6000000000000085,11.299999999999995
1516,3.6000000000000085,10.400000000000006
1517,4.5,26.6
1518,2.700000000000003,37.4
1519,2.6999999999999886,18.5
1520,5.900000000000006,28.4
1521,10.799999999999995,21.200000000000003
1522,5.400000000000006,23.0
1523,4.5,12.600000000000009
1524,11.700000000000005,32.4
1525,19.8,26.6
1526,6.299999999999997,28.8
1527,7.200000000000003,32.9
1528,3.5999999999999943,22.099999999999994
1529,2.700000000000003,12.6
1530,2.700000000000003,23.40000000000001
1531,2.700000000000003,36.0
1532,6.299999999999997,13.5
1533,2.700000000000003,10.800000000000004
1534,2.700000000000003,33.8
1535,1.7999999999999972,18.5
1536,5.400000000000006,9.5
1537,2.700000000000003,38.7
1538,1.7999999999999972,13.099999999999994
1539,1.7999999999999972,21.60000000000001
1540,0.5,10.400000000000006
1541,1.4000000000000057,7.199999999999996
1542,2.299999999999997,5.399999999999999
1543,1.7999999999999972,3.6000000000000014
1544,1.7999999999999972,3.6000000000000014
1545,1.4000000000000057,4.5
1546,1.4000000000000057,2.700000000000003
1547,1.4000000000000057,2.700000000000003
1548,1.4000000000000057,3.6000000000000014
1549,0.0,2.700000000000003
1550,2.299999999999997,2.700000000000003
1551,1.4000000000000057,5.399999999999999
1552,3.200000000000003,3.6000000000000014
1553,2.700000000000003,0.8999999999999986
1554,3.5999999999999943,3.6000000000000014
1555,1.7999999999999972,2.700000000000003
1556,5.0,2.699999999999996
1557,3.5999999999999943,3.6000000000000014
1558,3.5999999999999943,2.700000000000003
1559,3.5999999999999943,5.400000000000006
1560,1.7999999999999972,17.999999999999993
1561,1.7999999999999972,12.6
1562,1.7999999999999972,6.300000000000004
1563,4.5,7.200000000000003
1564,1.7999999999999972,4.5
1565,2.6999999999999886,9.0
1566,3.5999999999999943,8.099999999999994
1567,1.7999999999999972,7.200000000000003
1568,4.5,8.099999999999994
1569,2.6999999999999886,9.0
1570,3.5999999999999943,12.6
1571,1.7999999999999972,32.9
1572,2.6999999999999886,14.900000000000006
1573,5.400000000000006,15.799999999999995
1574,4.099999999999994,9.5
1575,4.5,14.399999999999991
1576,2.700000000000003,12.599999999999994
1577,2.6999999999999886,9.0
1578,1.7999999999999972,17.599999999999994
1579,2.700000000000003,10.400000000000006
1580,2.6999999999999886,17.599999999999994
1581,2.700000000000003,15.799999999999995
1582,6.299999999999997,8.599999999999994
1583,2.700000000000003,23.0
1584,2.6999999999999886,19.40000000000001
1585,0.8999999999999915,11.299999999999995
1586,2.299999999999997,4.099999999999994
1587,1.7999999999999972,3.200000000000003
1588,1.7999999999999972,21.200000000000003
1589,1.7999999999999972,21.200000000000003
1590,4.099999999999994,28.8
1591,3.5999999999999943,6.300000000000004
1592,9.0,4.5
1593,5.399999999999992,3.6000000000000014
1594,8.099999999999994,12.599999999999994
1595,19.40000000000001,7.200000000000003
1596,12.200000000000005,14.4
1597,2.700000000000003,8.100000000000001
1598,6.799999999999997,6.299999999999997
1599,1.7999999999999972,8.100000000000001
1600,4.5,7.199999999999996
1601,2.700000000000003,2.700000000000003
1602,1.7999999999999972,4.5
1603,5.399999999999992,9.5
1604,2.6999999999999886,7.200000000000003
1605,4.5,2.299999999999997
1606,1.7999999999999972,1.4000000000000057
1607,2.6999999999999886,0.5
1608,5.0,2.299999999999997
1609,5.400000000000006,4.5
1610,17.599999999999994,5.900000000000006
1611,8.599999999999994,6.299999999999997
1612,9.0,10.400000000000006
1613,18.0,9.0
1614,17.599999999999994,18.90000000000001
1615,18.0,18.0
1616,20.3,17.099999999999994
1617,14.0,18.89999999999999
1618,12.600000000000009,5.399999999999999
1619,1.7999999999999972,1.7999999999999972
1620,4.5,5.399999999999999
1621,3.6000000000000085,7.199999999999996
1622,5.400000000000006,1.8000000000000045
1623,3.5999999999999943,8.100000000000001
1624,4.5,4.5
1625,3.6000000000000085,4.5
1626,5.399999999999992,3.5999999999999943
1627,4.5,3.6000000000000014
1628,6.299999999999997,4.5
1629,5.400000000000006,5.399999999999999
1630,3.6000000000000085,5.399999999999999
1631,1.7999999999999972,5.399999999999999
1632,5.399999999999992,3.6000000000000014
1633,6.299999999999997,12.599999999999994
1634,6.299999999999997,7.200000000000003
1635,4.5,3.5999999999999943
1636,6.299999999999997,10.800000000000004
1637,5.399999999999992,26.999999999999996
1638,5.400000000000006,12.200000000000005
1639,4.5,5.900000000000006
1640,8.100000000000001,7.700000000000003
1641,15.299999999999995,7.199999999999989
1642,13.5,6.799999999999997
1643,6.300000000000011,9.5
1644,2.700000000000003,9.900000000000006
1645,8.099999999999994,14.399999999999991
1646,3.5999999999999943,13.5
1647,8.100000000000001,9.0
1648,3.6000000000000014,9.900000000000006
1649,6.299999999999997,18.90000000000001
1650,8.100000000000001,14.399999999999991
1651,5.399999999999999,17.1
1652,7.199999999999996,39.2
1653,3.6000000000000014,16.700000000000003
1654,5.400000000000006,15.799999999999995
1655,19.8,15.299999999999995
1656,16.200000000000003,14.0
1657,16.700000000000003,12.200000000000005
1658,3.5999999999999943,14.900000000000006
1659,5.0,14.0
1660,2.299999999999997,19.40000000000001
1661,2.700000000000003,14.399999999999991
1662,3.5999999999999943,20.3
1663,3.5999999999999943,19.40000000000001
1664,7.199999999999989,23.40000000000001
1665,3.5999999999999943,16.700000000000003
1666,13.099999999999994,20.3
1667,11.700000000000005,14.0
1668,9.5,11.700000000000005
1669,6.799999999999997,19.40000000000001
1670,5.0,18.5
1671,4.099999999999994,14.900000000000006
1672,2.299999999999997,14.400000000000006
1673,1.4000000000000057,17.599999999999994
1674,5.900000000000006,24.8
1675,6.799999999999997,26.10000000000001
1676,14.0,14.900000000000006
1677,9.5,10.799999999999995
1678,6.799999999999997,9.899999999999991
1679,2.299999999999997,11.699999999999996
1680,4.099999999999994,12.600000000000009
1681,6.799999999999997,12.599999999999994
1682,9.900000000000006,11.700000000000005
1683,14.0,12.599999999999994
1684,18.0,16.200000000000003
1685,7.200000000000003,6.799999999999997
1686,13.5,6.300000000000011
1687,9.899999999999991,5.400000000000006
1688,18.0,3.200000000000003
1689,17.599999999999994,4.5
1690,17.599999999999994,1.8000000000000114
1691,4.5,20.3
1692,2.700000000000003,5.399999999999992
1693,12.600000000000009,9.900000000000006
1694,15.299999999999995,11.700000000000005
1695,4.099999999999994,3.6000000000000085
1696,5.0,12.600000000000009
1697,2.299999999999997,12.599999999999994
1698,5.900000000000006,8.100000000000001
1699,15.299999999999995,15.299999999999995
1700,20.3,11.699999999999989
1701,16.700000000000003,11.700000000000005
1702,1.4000000000000057,4.5
1703,2.299999999999997,18.5
1704,2.299999999999997,6.799999999999997
1705,1.4000000000000057,27.5
1706,3.200000000000003,13.099999999999994
1707,3.5999999999999943,25.700000000000003
1708,3.5999999999999943,13.499999999999991
1709,3.5999999999999943,22.500000000000007
1710,2.700000000000003,23.0
1711,4.5,19.40000000000001
1712,4.5,27.5
1713,8.099999999999994,23.39999999999999
1714,4.5,17.999999999999993
1715,12.200000000000005,20.700000000000003
1716,18.0,28.4
1717,7.200000000000003,28.800000000000004
1718,8.100000000000009,15.799999999999995
1719,4.5,14.400000000000006
1720,3.5999999999999943,14.399999999999991
1721,4.5,15.300000000000004
1722,2.299999999999997,23.90000000000001
1723,0.5,14.400000000000006
1724,1.4000000000000057,4.5
1725,3.200000000000003,10.799999999999995
1726,2.299999999999997,3.6000000000000085
1727,3.200000000000003,1.7999999999999972
1728,2.699999999999996,2.700000000000003
1729,2.700000000000003,3.6000000000000085
1730,2.700000000000003,2.700000000000003
1731,6.299999999999997,3.6000000000000014
1732,4.5,5.399999999999999
1733,3.5999999999999943,9.9
1734,15.299999999999995,9.0
1735,8.099999999999994,5.400000000000006
1736,3.6000000000000085,3.5999999999999943
1737,13.5,4.5
1738,6.299999999999997,6.299999999999997
1739,16.700000000000003,4.5
1740,16.200000000000003,6.300000000000011
1741,8.099999999999994,4.5
1742,8.099999999999994,25.700000000000003
1743,6.300000000000011,10.799999999999995
1744,6.299999999999997,15.799999999999995
1745,8.099999999999994,38.3
1746,9.5,14.900000000000006
1747,14.0,14.399999999999991
1748,14.900000000000006,12.200000000000005
1749,20.3,9.5
1750,7.700000000000003,11.700000000000005
1751,9.5,13.099999999999994
1752,9.5,10.400000000000006
1753,1.4000000000000057,9.5
1754,3.200000000000003,2.699999999999996
1755,18.0,4.5
1756,14.0,2.700000000000003
1757,5.399999999999999,14.400000000000006
1758,4.500000000000007,5.399999999999999
1759,5.400000000000006,11.700000000000005
1760,6.299999999999997,3.5999999999999943
1761,5.400000000000006,15.300000000000011
1762,5.400000000000006,3.5999999999999943
1763,5.400000000000006,2.700000000000003
1764,4.5,6.300000000000011
1765,2.700000000000003,4.5
1766,5.399999999999992,18.89999999999999
1767,4.5,4.5
1768,5.400000000000006,3.6000000000000085
1769,2.6999999999999886,8.099999999999994
1770,4.500000000000007,4.5
1771,1.7999999999999972,0.9000000000000057
1772,1.7999999999999972,3.5999999999999943
1773,1.7999999999999972,7.200000000000003
1774,2.700000000000003,11.699999999999996
1775,1.8000000000000114,13.5
1776,5.399999999999992,8.099999999999994
1777,3.5999999999999943,11.700000000000005
1778,3.6000000000000085,7.200000000000003
1779,1.7999999999999972,9.899999999999991
1780,2.6999999999999886,6.300000000000011
1781,2.700000000000003,14.400000000000006
1782,3.5999999999999943,7.199999999999989
1783,2.700000000000003,9.900000000000006
1784,2.6999999999999886,14.400000000000006
1785,4.5,12.599999999999994
1786,2.700000000000003,9.900000000000006
1787,3.5999999999999943,16.19999999999999
1788,3.5999999999999943,5.400000000000006
1789,5.399999999999992,2.700000000000003
1790,2.6999999999999886,3.200000000000003
1791,3.6000000000000085,18.90000000000001
1792,2.700000000000003,3.5999999999999943
1793,3.5999999999999943,4.5
1794,3.5999999999999943,2.700000000000003
1795,2.700000000000003,4.5
1796,11.299999999999995,36.9
1797,3.6000000000000085,9.900000000000006
1798,6.299999999999997,14.400000000000006
1799,3.6000000000000085,19.8
1800,3.5999999999999943,10.799999999999995
1801,1.8000000000000114,9.0
1802,2.700000000000003,6.299999999999997
1803,1.7999999999999972,9.899999999999991
1804,2.6999999999999886,9.0
1805,2.700000000000003,16.200000000000003
1806,2.700000000000003,13.5
1807,1.7999999999999972,23.40000000000001
1808,1.7999999999999972,25.2
1809,1.7999999999999972,31.5
1810,1.7999999999999972,18.5
1811,1.7999999999999972,16.200000000000003
1812,1.8000000000000045,3.5999999999999943
1813,4.5,5.399999999999992
1814,2.700000000000003,9.899999999999991
1815,1.8000000000000045,15.299999999999995
1816,3.6000000000000014,6.299999999999997
1817,4.5,3.6000000000000085
1818,4.5,5.400000000000006
1819,2.699999999999996,5.400000000000006
1820,3.5999999999999943,9.9
1821,2.699999999999996,4.5
1822,2.699999999999996,9.000000000000007
1823,2.699999999999996,6.299999999999997
1824,1.7999999999999972,8.099999999999994
1825,1.7999999999999972,8.100000000000009
1826,1.7999999999999972,5.399999999999992
1827,1.8000000000000045,4.5
1828,1.8000000000000045,10.799999999999995
1829,1.8000000000000045,2.700000000000003
1830,2.700000000000003,2.700000000000003
1831,2.700000000000003,5.399999999999992
1832,1.8000000000000045,4.5
1833,0.9000000000000057,6.300000000000004
1834,0.8999999999999986,13.500000000000009
1835,1.7999999999999972,10.799999999999995
1836,2.699999999999996,16.200000000000003
1837,2.700000000000003,14.400000000000006
1838,1.7999999999999972,2.700000000000003
1839,1.7999999999999972,1.7999999999999972
1840,1.7999999999999972,2.700000000000003
1841,1.7999999999999972,5.399999999999992
1842,0.8999999999999986,2.700000000000003
1843,0.8999999999999986,4.5
1844,1.8000000000000045,3.6000000000000014
1845,4.5,3.6000000000000014
1846,14.400000000000006,1.8000000000000045
1847,5.399999999999992,4.500000000000007
1848,2.699999999999996,1.7999999999999972
1849,5.399999999999999,3.6000000000000014
1850,2.699999999999996,2.700000000000003
1851,2.699999999999996,2.699999999999996
1852,1.8000000000000045,1.8000000000000045
1853,0.9000000000000057,2.699999999999996
1854,1.8000000000000045,3.5999999999999943
1855,2.699999999999996,1.7999999999999972
1856,1.8000000000000045,1.7999999999999972
1857,2.700000000000003,1.7999999999999972
1858,2.700000000000003,3.5999999999999943
1859,1.7999999999999972,0.8999999999999986
1860,2.699999999999996,2.700000000000003
1861,1.8000000000000045,3.5999999999999943
1862,0.9000000000000057,3.5999999999999943
1863,2.700000000000003,3.6000000000000014
1864,2.700000000000003,3.5999999999999943
1865,3.5999999999999943,0.8999999999999986
1866,3.6000000000000014,0.8999999999999986
1867,0.8999999999999986,0.8999999999999986
1868,1.8000000000000045,1.7999999999999972
1869,2.699999999999996,1.7999999999999972
1870,2.699999999999996,0.8999999999999986
1871,4.5,6.299999999999997
1872,4.5,2.699999999999996
1873,1.8000000000000045,1.8000000000000045
1874,1.8000000000000045,0.8999999999999986
1875,3.6000000000000014,7.199999999999996
1876,0.8999999999999986,4.5
1877,4.5,2.699999999999996
1878,2.700000000000003,1.7999999999999972
1879,2.700000000000003,1.7999999999999972
1880,2.700000000000003,1.7999999999999972
1881,1.8000000000000045,3.6000000000000014
1882,1.8000000000000045,4.5
1883,1.8000000000000045,1.7999999999999972
1884,2.699999999999996,0.8999999999999986
1885,3.6000000000000014,3.5999999999999943
1886,3.6000000000000014,2.700000000000003
1887,5.399999999999999,3.6000000000000014
1888,6.299999999999997,6.299999999999997
1889,3.6000000000000014,2.699999999999996
1890,5.400000000000006,5.399999999999999
1891,2.699999999999996,2.700000000000003
1892,2.699999999999996,4.499999999999993
1893,6.299999999999997,12.6
1894,1.7999999999999972,13.099999999999994
1895,5.399999999999999,7.700000000000003
1896,2.699999999999996,3.200000000000003
1897,4.5,7.700000000000003
1898,1.8000000000000045,28.4
1899,3.6000000000000014,14.900000000000006
1900,4.5,13.5
1901,0.8999999999999986,18.5
1902,17.10000000000001,24.3
1903,13.5,20.3
1904,11.700000000000005,30.200000000000003
1905,18.90000000000001,21.599999999999994
1906,21.200000000000003,13.5
1907,16.200000000000003,14.0
1908,7.200000000000003,11.700000000000005
1909,3.6000000000000014,12.200000000000005
1910,0.8999999999999986,16.19999999999999
1911,1.8000000000000045,24.3
1912,3.599999999999998,14.399999999999991
1913,2.700000000000003,6.300000000000011
1914,1.8000000000000007,3.6000000000000085
1915,0.8999999999999986,6.299999999999997
1916,1.8000000000000007,1.8000000000000114
1917,3.6000000000000014,4.5
1918,6.299999999999997,3.6000000000000014
1919,18.0,25.200000000000003
1920,2.700000000000003,23.4
1921,5.400000000000006,13.500000000000009
1922,2.700000000000003,17.099999999999994
1923,2.700000000000003,6.299999999999997
1924,1.7999999999999972,1.7999999999999972
1925,2.700000000000003,0.8999999999999986
1926,7.199999999999996,5.399999999999999
1927,4.5,21.60000000000001
1928,1.7999999999999972,26.1
1929,3.6000000000000014,15.299999999999995
1930,5.399999999999999,28.4
1931,4.5,16.199999999999996
1932,2.700000000000003,14.4
1933,1.8000000000000045,22.5
1934,0.8999999999999986,14.400000000000006
1935,2.700000000000003,6.299999999999997
1936,2.700000000000003,5.399999999999999
1937,8.100000000000001,15.300000000000004
1938,14.399999999999991,27.9
1939,4.5,9.900000000000006
1940,6.300000000000004,6.299999999999997
1941,3.6000000000000014,28.8
1942,5.399999999999999,7.200000000000003
1943,8.100000000000001,17.599999999999994
1944,3.6000000000000014,7.200000000000003
1945,1.7999999999999972,7.200000000000003
1946,2.699999999999996,29.700000000000003
1947,3.6000000000000014,12.6
1948,3.6000000000000014,9.900000000000006
1949,2.700000000000003,3.6000000000000014
1950,1.8000000000000045,6.299999999999997
1951,1.8000000000000045,0.8999999999999986
1952,1.7999999999999972,2.699999999999996
1953,1.7999999999999972,4.5
1954,3.6000000000000014,2.699999999999996
1955,1.7999999999999972,2.700000000000003
1956,2.699999999999996,6.299999999999997
1957,1.7999999999999972,18.9
1958,3.6000000000000014,10.799999999999995
1959,4.5,5.399999999999999
1960,4.5,9.9
1961,5.399999999999999,28.8
1962,13.5,14.400000000000006
1963,6.299999999999997,19.8
1964,4.5,13.5
1965,7.199999999999999,17.10000000000001
1966,7.199999999999999,9.899999999999991
1967,6.300000000000004,21.599999999999994
1968,5.399999999999999,22.099999999999994
1969,4.500000000000007,27.9
1970,5.399999999999992,22.099999999999994
1971,7.200000000000003,0.9000000000000057
1972,8.999999999999993,24.300000000000004
1973,17.10000000000001,25.200000000000003
1974,9.0,6.300000000000004
1975,19.40000000000001,35.1
1976,5.900000000000006,32.39999999999999
1977,17.599999999999994,19.8
1978,13.5,19.8
1979,10.799999999999995,29.7
1980,13.099999999999994,17.1
1981,7.199999999999989,26.099999999999994
1982,6.299999999999997,18.9
1983,4.5,15.299999999999995
1984,3.5999999999999943,17.099999999999994
1985,20.700000000000003,27.0
1986,15.799999999999995,13.5
1987,12.600000000000009,38.7
1988,17.599999999999994,27.0
1989,21.60000000000001,6.299999999999997
1990,18.0,2.699999999999996
1991,13.5,8.100000000000001
1992,9.0,5.399999999999999
1993,2.700000000000003,12.599999999999994
1994,3.5999999999999943,3.6000000000000014
1995,2.6999999999999886,2.699999999999996
1996,3.5999999999999943,0.8999999999999986
1997,3.6000000000000085,1.7999999999999972
1998,2.700000000000003,2.699999999999996
1999,0.8999999999999915,4.5
2000,3.6000000000000085,1.8000000000000045
2001,5.399999999999992,0.9000000000000057
2002,4.5,1.8000000000000045
2003,11.700000000000005,1.8000000000000045
2004,9.0,3.6000000000000014
2005,2.6999999999999886,21.6
2006,1.7999999999999972,26.999999999999996
2007,3.5999999999999943,5.399999999999999
2008,2.6999999999999886,2.699999999999996
2009,14.0,2.700000000000003
2010,13.5,1.8000000000000045
2011,3.5999999999999943,0.8999999999999986
2012,3.5999999999999943,3.6000000000000014
2013,2.700000000000003,0.8999999999999986
2014,2.6999999999999886,1.7999999999999972
2015,2.700000000000003,2.699999999999996
2016,3.5999999999999943,7.200000000000003
2017,1.7999999999999972,4.5
2018,2.6999999999999886,1.7999999999999972
2019,0.8999999999999915,1.8000000000000045
2020,2.700000000000003,1.8000000000000045
2021,3.5999999999999943,2.700000000000003
2022,1.7999999999999972,3.6000000000000014
2023,1.7999999999999972,2.700000000000003
2024,1.7999999999999972,1.8000000000000045
2025,3.5999999999999943,0.8999999999999986
2026,2.700000000000003,32.400000000000006
2027,3.5999999999999943,5.399999999999999
2028,1.7999999999999972,4.5
2029,1.7999999999999972,3.6000000000000014
2030,2.700000000000003,2.700000000000003
2031,3.5999999999999943,1.8000000000000045
2032,2.6999999999999886,4.5
2033,3.5999999999999943,11.700000000000005
2034,3.6000000000000085,16.700000000000003
2035,1.7999999999999972,15.299999999999995
2036,1.7999999999999972,12.200000000000005
2037,2.700000000000003,12.599999999999994
2038,1.8000000000000114,14.400000000000006
2039,2.700000000000003,19.40000000000001
2040,1.7999999999999972,15.799999999999995
2041,3.5999999999999943,17.599999999999994
2042,2.700000000000003,14.900000000000006
2043,1.7999999999999972,13.099999999999994
2044,2.700000000000003,18.0
2045,4.5,23.90000000000001
2046,6.299999999999997,21.599999999999994
2047,3.5999999999999943,22.5
2048,3.5999999999999943,26.6
2049,1.7999999999999972,15.299999999999995
2050,2.700000000000003,20.3
2051,1.7999999999999972,19.40000000000001
2052,0.9000000000000057,18.5
2053,1.7999999999999972,21.200000000000003
2054,2.6999999999999886,29.3
2055,0.9000000000000057,27.5
2056,3.5999999999999943,28.8
2057,2.700000000000003,20.3
2058,1.8000000000000114,6.300000000000011
2059,2.700000000000003,6.799999999999997
2060,1.8000000000000114,5.400000000000006
2061,9.899999999999991,10.400000000000006
2062,1.7999999999999972,12.200000000000005
2063,4.5,6.799999999999997
2064,1.7999999999999972,7.700000000000003
2065,1.7999999999999972,2.6999999999999886
2066,8.100000000000009,7.700000000000003
2067,2.6999999999999886,11.299999999999995
2068,2.6999999999999886,1.7999999999999972
2069,0.9000000000000057,2.700000000000003
2070,1.7999999999999972,8.599999999999994
2071,2.700000000000003,7.700000000000003
2072,3.6000000000000085,1.4000000000000057
2073,2.700000000000003,1.4000000000000057
2074,7.200000000000003,2.700000000000003
2075,3.200000000000003,7.200000000000003
2076,5.0,3.200000000000003
2077,11.299999999999995,5.0
2078,13.099999999999994,11.299999999999995
2079,6.799999999999997,13.099999999999994
2080,15.299999999999995,6.799999999999997
2081,15.799999999999995,15.299999999999995
2082,5.399999999999992,15.799999999999995
2083,14.399999999999991,25.2
2084,5.399999999999992,23.0
2085,1.7999999999999972,34.2
2086,3.6000000000000085,31.1
2087,4.5,39.6
2088,3.5999999999999943,34.2
2089,1.7999999999999972,3.6000000000000085
2090,4.5,1.7999999999999972
2091,1.7999999999999972,2.6999999999999886
2092,1.7999999999999972,5.399999999999992
2093,2.6999999999999886,4.5
2094,1.7999999999999972,4.5
2095,3.5999999999999943,2.700000000000003
2096,2.700000000000003,1.7999999999999972
2097,5.400000000000006,1.7999999999999972
2098,1.8000000000000114,10.400000000000006
2099,3.5999999999999943,5.900000000000006
2100,3.6000000000000085,10.400000000000006
2101,2.700000000000003,30.6
2102,8.100000000000009,9.900000000000006
2103,2.6999999999999886,8.100000000000001
2104,2.700000000000003,10.799999999999995
2105,2.700000000000003,6.299999999999997
2106,2.700000000000003,5.399999999999992
2107,1.7999999999999972,9.0
2108,2.6999999999999886,13.5
2109,3.5999999999999943,3.5999999999999943
2110,2.700000000000003,3.6000000000000085
2111,4.5,21.60000000000001
2112,3.5999999999999943,14.4
2113,1.7999999999999972,27.9
2114,9.0,28.800000000000004
2115,4.5,28.8
2116,3.5999999999999943,24.300000000000004
2117,3.5999999999999943,25.200000000000003
2118,5.400000000000006,7.199999999999989
2119,3.5999999999999943,4.5
2120,4.5,8.100000000000009
2121,7.200000000000003,1.7999999999999972
2122,5.399999999999992,8.099999999999994
2123,4.5,19.8
2124,5.399999999999992,14.0
2125,6.300000000000011,8.100000000000009
2126,9.900000000000006,20.7
2127,2.699999999999996,6.799999999999997
2128,14.399999999999991,8.599999999999994
2129,2.700000000000003,6.799999999999997
2130,8.100000000000009,19.40000000000001
2131,6.299999999999997,14.900000000000006
2132,4.5,20.3
2133,20.3,5.900000000000006
2134,16.199999999999996,6.799999999999997
2135,5.400000000000006,11.700000000000005
2136,2.6999999999999886,8.099999999999994
2137,5.400000000000006,9.5
2138,3.5999999999999943,9.900000000000006
2139,18.0,2.299999999999997
2140,7.200000000000003,6.799999999999997
2141,8.100000000000009,2.299999999999997
2142,17.599999999999994,5.900000000000006
2143,19.40000000000001,6.799999999999997
2144,11.700000000000005,4.5
2145,13.5,7.200000000000003
2146,17.599999999999994,8.099999999999994
2147,11.700000000000005,11.299999999999995
2148,3.6000000000000085,8.599999999999994
2149,3.6000000000000085,7.200000000000003
2150,13.5,8.599999999999994
2151,4.5,8.100000000000009
2152,2.700000000000003,9.5
2153,2.6999999999999886,6.799999999999997
2154,2.6999999999999886,5.0
2155,5.399999999999992,21.200000000000003
2156,1.7999999999999972,20.3
2157,4.5,5.400000000000006
2158,1.7999999999999972,3.200000000000003
2159,5.399999999999992,16.700000000000003
2160,2.700000000000003,18.5
2161,2.700000000000003,18.5
2162,2.6999999999999886,8.100000000000001
2163,1.7999999999999972,9.900000000000006
2164,5.400000000000006,10.800000000000004
2165,3.5999999999999943,10.799999999999995
2166,3.5999999999999943,10.799999999999995
2167,3.6000000000000085,16.200000000000003
2168,3.5999999999999943,20.700000000000003
2169,5.399999999999992,3.6000000000000014
2170,3.5999999999999943,7.200000000000003
2171,3.6000000000000085,8.099999999999994
2172,4.5,5.399999999999999
2173,3.5999999999999943,19.40000000000001
2174,6.299999999999997,25.200000000000003
2175,5.400000000000006,20.7
2176,6.300000000000004,6.300000000000004
2177,5.399999999999992,8.099999999999994
2178,3.5999999999999943,11.700000000000005
2179,3.5999999999999943,6.300000000000011
2180,5.399999999999999,7.199999999999989
2181,3.6000000000000014,19.8
2182,3.5999999999999943,25.200000000000003
2183,4.5,9.0
2184,2.699999999999996,8.100000000000009
2185,2.699999999999996,19.40000000000001
2186,4.499999999999993,5.900000000000006
2187,2.700000000000003,21.200000000000003
2188,5.399999999999999,27.0
2189,5.399999999999992,8.599999999999994
2190,5.399999999999999,8.100000000000009
2191,6.299999999999997,8.599999999999994
2192,6.300000000000004,15.799999999999995
2193,2.700000000000003,15.799999999999995
2194,5.399999999999992,15.799999999999995
2195,3.6000000000000014,5.0
2196,8.099999999999994,13.099999999999994
2197,4.5,13.099999999999994
2198,5.399999999999992,33.3
2199,5.399999999999992,12.600000000000009
2200,2.700000000000003,9.5
2201,7.200000000000003,8.599999999999994
2202,3.5999999999999943,6.799999999999997
2203,5.400000000000006,7.700000000000003
2204,3.6000000000000085,9.900000000000006
2205,2.700000000000003,5.399999999999992
2206,4.500000000000007,8.099999999999994
2207,3.6000000000000014,4.5
2208,5.399999999999999,10.800000000000004
2209,5.400000000000006,6.299999999999997
2210,2.699999999999996,20.3
2211,4.5,4.5
2212,1.7999999999999972,5.400000000000006
2213,3.6000000000000085,3.5999999999999943
2214,5.399999999999999,2.700000000000003
2215,2.699999999999996,5.400000000000006
2216,6.299999999999997,3.5999999999999943
2217,11.700000000000005,3.5999999999999943
2218,8.099999999999994,4.5
2219,18.0,4.5
2220,3.5999999999999943,3.6000000000000014
2221,4.5,5.399999999999999
2222,8.099999999999994,6.299999999999997
2223,5.399999999999992,5.399999999999999
2224,3.6000000000000085,2.700000000000003
2225,5.400000000000006,2.700000000000003
2226,2.700000000000003,3.6000000000000014
2227,3.6000000000000085,10.799999999999995
2228,6.300000000000011,13.5
2229,2.700000000000003,13.5
2230,5.400000000000006,6.299999999999997
2231,16.200000000000003,7.200000000000003
2232,7.199999999999989,9.900000000000006
2233,5.400000000000006,20.700000000000003
2234,1.7999999999999972,15.300000000000004
2235,8.099999999999994,11.699999999999989
2236,6.299999999999997,10.799999999999995
2237,3.5999999999999943,5.399999999999992
2238,4.5,4.5
2239,3.5999999999999943,3.6000000000000085
2240,3.5999999999999943,2.700000000000003
2241,4.5,6.299999999999997
2242,3.5999999999999943,4.5
2243,1.7999999999999972,6.300000000000011
2244,4.5,24.3
2245,1.7999999999999972,33.8
2246,2.700000000000003,22.5
2247,1.7999999999999972,20.3
2248,2.700000000000003,23.0
2249,5.399999999999992,11.699999999999989
2250,4.5,26.999999999999996
2251,2.6999999999999886,40.1
2252,2.6999999999999886,32.39999999999999
2253,3.5999999999999943,40.49999999999999
2254,4.5,30.599999999999994
2255,5.399999999999992,34.2
2256,3.5999999999999943,30.6
2257,0.5,21.6
2258,14.900000000000006,24.3
2259,9.900000000000006,32.39999999999999
2260,11.700000000000005,18.90000000000001
2261,18.89999999999999,14.400000000000006
2262,6.299999999999997,10.800000000000011
2263,5.399999999999992,9.5
2264,2.700000000000003,6.799999999999997
2265,4.5,25.2
2266,2.700000000000003,27.90000000000001
2267,5.399999999999992,28.4
2268,1.7999999999999972,25.700000000000003
2269,3.5999999999999943,35.6
2270,2.6999999999999886,26.099999999999994
2271,4.5,26.1
2272,18.90000000000001,23.39999999999999
2273,16.700000000000003,13.5
2274,2.299999999999997,18.9
2275,0.5,11.700000000000005
2276,1.4000000000000057,18.90000000000001
2277,4.099999999999994,27.89999999999999
2278,5.900000000000006,24.8
2279,15.799999999999995,4.5
2280,13.5,3.5999999999999943
2281,2.6999999999999886,10.400000000000006
2282,3.6000000000000085,12.200000000000005
2283,1.7999999999999972,3.200000000000003
2284,1.8000000000000114,31.1
2285,2.700000000000003,20.7
2286,3.5999999999999943,2.700000000000003
2287,2.700000000000003,16.19999999999999
2288,1.7999999999999972,21.200000000000003
2289,1.7999999999999972,10.400000000000006
2290,2.700000000000003,32.9
2291,2.6999999999999886,18.90000000000001
2292,3.5999999999999943,8.599999999999994
2293,2.700000000000003,26.1
2294,2.700000000000003,30.599999999999994
2295,5.900000000000006,21.599999999999994
2296,9.0,20.3
2297,14.0,17.599999999999994
2298,11.700000000000005,12.200000000000005
2299,2.700000000000003,16.200000000000003
2300,2.700000000000003,32.9
2301,2.700000000000003,16.700000000000003
2302,2.700000000000003,18.89999999999999
2303,1.8000000000000114,4.5
2304,2.700000000000003,11.700000000000005
2305,6.299999999999997,3.5999999999999943
2306,5.400000000000006,3.5999999999999943
2307,3.6000000000000085,4.5
2308,4.5,2.700000000000003
2309,6.299999999999997,19.800000000000004
2310,5.900000000000006,27.0
2311,5.400000000000006,5.0
2312,2.700000000000003,5.900000000000006
2313,1.7999999999999972,8.599999999999994
2314,3.5999999999999943,7.200000000000003
2315,4.5,5.399999999999992
2316,2.700000000000003,5.400000000000006
2317,1.7999999999999972,0.9000000000000057
2318,0.9000000000000057,14.400000000000006
2319,5.400000000000006,32.400000000000006
2320,2.700000000000003,4.5
2321,3.5999999999999943,30.6
2322,1.7999999999999972,32.9
2323,2.700000000000003,8.099999999999994
2324,4.5,9.0
2325,2.700000000000003,29.7
2326,4.5,9.9
2327,1.8000000000000114,9.900000000000006
2328,3.5999999999999943,28.8
2329,2.700000000000003,31.1
2330,2.700000000000003,5.400000000000006
2331,4.5,27.5
2332,3.6000000000000085,8.100000000000009
2333,5.399999999999992,10.799999999999995
2334,16.199999999999996,5.0
2335,13.5,5.0
2336,7.199999999999996,5.399999999999992
2337,9.000000000000007,16.200000000000003
2338,2.700000000000003,10.799999999999995
2339,3.5999999999999943,14.400000000000006
2340,5.400000000000006,19.80000000000001
2341,6.299999999999997,15.799999999999995
2342,2.700000000000003,34.2
2343,8.100000000000001,37.4
2344,5.399999999999999,35.6
2345,5.400000000000006,30.6
2346,6.299999999999997,36.5
2347,12.599999999999994,15.299999999999995
2348,4.5,15.799999999999995
2349,4.5,24.3
2350,9.900000000000006,1.7999999999999972
2351,1.4000000000000057,1.7999999999999972
2352,18.90000000000001,17.599999999999994
2353,14.400000000000006,3.5999999999999943
2354,8.599999999999994,16.700000000000003
2355,2.6999999999999886,7.200000000000003
2356,3.6000000000000085,15.799999999999995
2357,6.299999999999997,17.999999999999993
2358,1.7999999999999972,14.400000000000006
2359,2.700000000000003,6.299999999999997
2360,2.700000000000003,2.700000000000003
2361,2.6999999999999886,2.6999999999999886
2362,1.7999999999999972,8.599999999999994
2363,1.7999999999999972,7.700000000000003
2364,4.5,11.299999999999995
2365,11.700000000000005,15.799999999999995
2366,2.700000000000003,16.700000000000003
2367,3.5999999999999943,13.099999999999994
2368,1.7999999999999972,14.0
2369,1.7999999999999972,10.799999999999995
2370,2.700000000000003,8.099999999999994
2371,3.5999999999999943,8.100000000000009
2372,4.5,7.200000000000003
2373,5.399999999999992,8.100000000000009
2374,8.099999999999994,8.599999999999994
2375,5.400000000000006,5.900000000000006
2376,3.6000000000000085,3.5999999999999943
2377,2.700000000000003,15.299999999999995
2378,1.7999999999999972,3.5999999999999943
2379,3.5999999999999943,14.399999999999991
2380,2.6999999999999886,12.599999999999994
2381,2.700000000000003,7.700000000000003
2382,3.5999999999999943,6.299999999999997
2383,3.5999999999999943,10.799999999999995
2384,8.099999999999994,7.700000000000003
2385,1.7999999999999972,5.400000000000006
2386,4.5,22.5
2387,14.0,8.999999999999993
2388,8.100000000000009,37.8
2389,8.100000000000009,33.8
2390,6.299999999999997,6.299999999999997
2391,9.900000000000006,3.6000000000000085
2392,4.5,2.700000000000003
2393,4.5,2.700000000000003
2394,2.700000000000003,27.0
2395,3.6000000000000085,9.900000000000006
2396,2.700000000000003,16.200000000000003
2397,2.700000000000003,3.5999999999999943
2398,3.6000000000000085,2.6999999999999886
2399,3.5999999999999943,2.6999999999999886
2400,1.7999999999999972,4.5
2401,6.299999999999997,2.700000000000003
2402,3.5999999999999943,3.6000000000000014
2403,4.5,15.299999999999995
2404,5.400000000000006,7.200000000000003
2405,5.0,17.1
2406,19.40000000000001,6.300000000000004
2407,13.5,2.700000000000003
2408,10.400000000000006,14.400000000000006
2409,4.099999999999994,13.5
2410,7.200000000000003,10.799999999999995
2411,6.299999999999997,18.0
2412,9.5,16.200000000000003
2413,5.400000000000006,27.9
2414,4.5,13.5
2415,3.6000000000000085,19.8
2416,9.0,15.799999999999995
2417,21.200000000000003,32.0
2418,19.40000000000001,17.099999999999994
2419,13.5,5.0
2420,9.899999999999991,12.200000000000005
2421,7.199999999999989,4.5
2422,8.100000000000009,3.5999999999999943
2423,10.400000000000006,3.6000000000000085
2424,9.899999999999991,4.5
2425,7.700000000000003,17.099999999999994
2426,14.0,9.0
2427,21.599999999999994,6.299999999999997
2428,20.3,6.299999999999997
2429,17.099999999999994,13.5
2430,18.90000000000001,8.099999999999994
2431,15.799999999999995,19.40000000000001
2432,11.700000000000005,9.0
2433,16.700000000000003,11.699999999999989
2434,7.200000000000003,27.9
2435,3.6000000000000014,19.8
2436,1.7999999999999972,11.699999999999996
2437,0.8999999999999986,8.100000000000009
2438,1.7999999999999972,27.89999999999999
2439,0.8999999999999986,8.099999999999994
2440,1.7999999999999972,5.900000000000006
2441,1.7999999999999972,3.6000000000000085
2442,1.8000000000000045,3.5999999999999943
2443,1.8000000000000045,8.100000000000009
2444,0.8999999999999986,15.299999999999995
2445,4.5,17.599999999999994
2446,1.7999999999999972,13.5
2447,2.699999999999996,34.7
2448,0.8999999999999986,13.5
2449,1.7999999999999972,11.700000000000005
2450,1.7999999999999972,32.9
2451,1.7999999999999972,39.2
2452,1.7999999999999972,34.2
2453,1.7999999999999972,8.599999999999994
2454,1.7999999999999972,5.400000000000006
2455,1.7999999999999972,4.5
2456,1.8000000000000045,3.5999999999999943
2457,1.7999999999999972,2.6999999999999886
2458,1.7999999999999972,2.700000000000003
2459,1.7999999999999972,1.8000000000000114
2460,1.7999999999999972,2.700000000000003
2461,2.699999999999996,11.700000000000005
2462,1.7999999999999972,4.5
2463,1.7999999999999972,3.6000000000000085
2464,1.7999999999999972,1.7999999999999972
2465,0.8999999999999986,12.599999999999994
2466,2.700000000000003,17.599999999999994
2467,4.5,12.599999999999994
2468,3.5999999999999943,3.5999999999999943
2469,5.399999999999992,4.5
2470,5.399999999999992,1.7999999999999972
2471,3.6000000000000085,2.700000000000003
2472,6.300000000000011,22.099999999999994
2473,1.7999999999999972,15.799999999999995
2474,13.5,5.900000000000006
2475,3.6000000000000014,2.299999999999997
2476,5.400000000000006,2.299999999999997
2477,5.399999999999999,3.5999999999999943
2478,17.1,1.4000000000000057
2479,9.900000000000006,13.499999999999991
2480,6.299999999999997,9.0
2481,1.7999999999999972,14.4
2482,1.7999999999999972,14.900000000000006
2483,3.5999999999999943,15.799999999999995
2484,3.6000000000000085,7.200000000000003
2485,1.7999999999999972,17.10000000000001
2486,2.699999999999996,3.6000000000000085
2487,3.5999999999999943,6.299999999999997
2488,5.400000000000006,19.40000000000001
2489,4.5,7.200000000000003
2490,6.299999999999997,5.399999999999992
2491,5.0,3.200000000000003
2492,6.299999999999997,3.200000000000003
2493,9.899999999999991,2.700000000000003
2494,12.599999999999994,5.0
2495,4.5,4.099999999999994
2496,4.5,12.599999999999994
2497,3.5999999999999943,13.099999999999994
2498,1.7999999999999972,13.5
2499,7.200000000000003,7.200000000000003
2500,14.399999999999991,4.5
2501,4.099999999999994,2.6999999999999886
2502,16.200000000000003,5.400000000000006
2503,7.200000000000003,1.8000000000000114
2504,4.5,2.700000000000003
2505,2.6999999999999886,23.39999999999999
2506,5.900000000000006,13.099999999999994
2507,19.40000000000001,24.3
2508,14.400000000000006,14.4
2509,4.499999999999993,2.700000000000003
2510,5.399999999999992,1.7999999999999972
2511,4.5,11.699999999999996
2512,5.400000000000006,4.5
2513,3.6000000000000085,0.8999999999999986
2514,4.5,2.700000000000003
2515,4.5,3.6000000000000014
2516,2.700000000000003,2.700000000000003
2517,1.7999999999999972,39.6
2518,2.6999999999999886,10.400000000000006
2519,2.700000000000003,6.799999999999997
2520,1.7999999999999972,6.299999999999997
2521,1.7999999999999972,18.5
2522,2.700000000000003,24.8
2523,1.7999999999999972,20.700000000000003
2524,2.6999999999999886,8.099999999999994
2525,2.700000000000003,33.8
2526,9.899999999999991,8.099999999999994
2527,3.6000000000000085,18.89999999999999
2528,1.7999999999999972,9.899999999999991
2529,0.8999999999999915,9.900000000000006
2530,1.7999999999999972,11.700000000000005
2531,2.6999999999999886,8.599999999999994
2532,2.700000000000003,5.900000000000006
2533,1.7999999999999972,7.700000000000003
2534,1.7999999999999972,6.799999999999997
2535,16.200000000000003,12.200000000000005
2536,16.200000000000003,11.299999999999995
2537,8.999999999999993,20.3
2538,3.6000000000000085,19.8
2539,1.7999999999999972,17.999999999999993
2540,5.400000000000006,29.700000000000003
2541,1.7999999999999972,7.700000000000003
2542,2.700000000000003,5.900000000000006
2543,0.9000000000000057,10.799999999999995
2544,0.9000000000000057,14.0
2545,3.6000000000000085,10.799999999999995
2546,3.5999999999999943,12.200000000000005
2547,1.7999999999999972,10.400000000000006
2548,11.700000000000005,36.5
2549,17.599999999999994,37.4
2550,9.0,5.900000000000006
2551,11.299999999999995,33.3
2552,0.0,27.5
2553,0.5,35.6
2554,3.5999999999999943,7.200000000000003
2555,4.099999999999994,7.199999999999996
2556,13.499999999999991,3.5999999999999943
2557,9.000000000000007,27.90000000000001
2558,9.0,7.700000000000003
2559,9.0,9.5
2560,13.099999999999994,9.5
2561,8.099999999999994,4.5
2562,3.5999999999999943,10.799999999999995
2563,8.100000000000009,17.599999999999994
2564,3.5999999999999943,13.5
2565,7.199999999999989,6.299999999999997
2566,3.5999999999999943,6.299999999999997
2567,3.6000000000000085,3.6000000000000085
2568,2.700000000000003,3.6000000000000085
2569,2.700000000000003,1.7999999999999972
2570,3.5999999999999943,6.299999999999997
2571,2.700000000000003,10.400000000000006
2572,5.399999999999992,3.200000000000003
2573,5.900000000000006,2.299999999999997
2574,1.4000000000000057,20.3
2575,6.799999999999997,5.400000000000006
2576,1.4000000000000057,19.40000000000001
2577,4.099999999999994,8.599999999999994
2578,4.5,5.400000000000006
2579,3.5999999999999943,7.700000000000003
2580,18.0,5.900000000000006
2581,11.699999999999989,5.0
2582,3.6000000000000085,1.4000000000000057
2583,1.7999999999999972,4.099999999999994
2584,7.200000000000003,6.299999999999997
2585,17.099999999999994,11.700000000000005
2586,16.700000000000003,6.300000000000011
2587,13.099999999999994,18.9
2588,17.099999999999994,33.8
2589,10.799999999999995,28.4
2590,15.799999999999995,35.1
2591,17.10000000000001,14.4
2592,7.700000000000003,14.4
2593,15.299999999999995,12.599999999999994
2594,10.400000000000006,20.700000000000003
2595,18.90000000000001,9.900000000000006
2596,16.700000000000003,25.2
2597,14.400000000000006,17.10000000000001
2598,19.8,20.7
2599,10.799999999999995,18.0
2600,18.0,11.299999999999995
2601,20.3,5.900000000000006
2602,13.099999999999994,9.5
2603,5.900000000000006,6.799999999999997
2604,5.0,6.799999999999997
2605,4.5,7.700000000000003
2606,20.700000000000003,4.5
2607,6.299999999999997,6.799999999999997
2608,9.0,5.900000000000006
2609,10.799999999999995,5.0
2610,8.100000000000009,7.700000000000003
2611,9.899999999999991,4.5
2612,14.400000000000006,
2613,17.599999999999994,
2614,21.200000000000003,
2615,7.700000000000003,
2616,14.0,
2617,18.0,
2618,9.899999999999991,
2619,9.900000000000006,
2620,10.800000000000011,
2621,11.700000000000005,
2622,8.599999999999994,
2623,16.19999999999999,
2624,14.0,
2625,15.299999999999995,
2626,20.3,
2627,18.5,
2628,11.700000000000005,
2629,9.899999999999991,
2630,8.099999999999994,
2631,9.5,
2632,15.299999999999995,
2633,14.400000000000006,
2634,14.0,
2635,14.400000000000006,
2636,13.5,
2637,4.099999999999994,
2638,13.099999999999994,
2639,13.5,
2640,6.299999999999997,
2641,7.200000000000003,
2642,4.5,
2643,3.6000000000000085,
2644,5.400000000000006,
2645,5.400000000000006,
2646,2.700000000000003,
2647,2.700000000000003,
2648,20.700000000000003,
2649,6.299999999999997,
2650,13.5,
2651,3.5999999999999943,
2652,4.5,
2653,2.700000000000003,
2654,1.8000000000000045,
2655,2.700000000000003,
2656,3.6000000000000014,
2657,2.699999999999996,
2658,1.8000000000000045,
2659,3.6000000000000014,
2660,0.8999999999999986,
2661,4.5,
2662,1.7999999999999972,
2663,2.699999999999996,
2664,3.6000000000000014,
2665,5.399999999999999,
2666,2.700000000000003,
2667,1.7999999999999972,
2668,4.5,
2669,1.7999999999999972,
2670,4.5,
2671,8.099999999999994,
2672,9.0,
2673,13.5,
2674,2.699999999999996,
2675,14.0,
2676,12.600000000000009,
2677,8.099999999999994,
2678,7.200000000000003,
2679,10.799999999999995,
2680,2.700000000000003,
2681,2.700000000000003,
2682,2.700000000000003,
2683,4.5,
2684,2.700000000000003,
2685,7.200000000000003,
2686,20.3,
2687,14.900000000000006,
2688,18.90000000000001,
2689,4.499999999999993,
2690,3.5999999999999943,
2691,3.5999999999999943,
2692,3.6000000000000014,
2693,6.300000000000004,
2694,3.5999999999999943,
2695,5.399999999999999,
2696,4.499999999999993,
2697,3.6000000000000014,
2698,3.5999999999999943,
2699,4.5,
2700,2.699999999999996,
2701,3.6000000000000014,
2702,2.699999999999996,
2703,11.700000000000005,
2704,3.5999999999999943,
2705,5.399999999999999,
2706,4.499999999999993,
2707,4.5,
2708,18.0,
2709,17.099999999999994,
