,움직임_1,움직임_0
0,4.406,6.118
1,4.346,5.996
2,4.202,5.321
3,4.287,4.705
4,4.194,5.445
5,4.395,5.003
6,4.26,4.641
7,4.417,6.522
8,4.337,6.624
9,4.362,6.067
10,4.046,6.857
11,3.987,4.78
12,3.913,4.837
13,3.9,4.358
14,3.902,4.583
15,4.225,5.668
16,3.982,5.624
17,3.914,6.904
18,3.887,5.34
19,3.932,4.818
20,3.948,4.63
21,4.031,4.64
22,4.019,4.757
23,3.968,5.119
24,3.947,5.314
25,3.914,7.342
26,3.821,6.526
27,3.714,7.889
28,3.855,5.44
29,3.906,8.776
30,3.948,2.193
31,3.989,5.333
32,3.958,5.507
33,4.023,5.302
34,3.907,4.836
35,3.864,6.592
36,3.914,5.734
37,3.921,4.715
38,3.877,4.768
39,3.867,5.114
40,3.87,4.921
41,6.332,4.89
42,4.422,5.099
43,4.356,5.122
44,4.209,5.412
45,4.312,7.265
46,4.109,5.205
47,4.156,9.257
48,4.225,5.914
49,5.75,6.791
50,5.384,5.399
51,5.408,4.921
52,4.498,6.404
53,3.938,5.575
54,4.17,4.588
55,4.123,4.234
56,4.303,5.775
57,4.07,5.179
58,4.169,7.206
59,4.335,5.411
60,4.111,5.905
61,4.398,5.074
62,4.176,5.169
63,4.213,4.714
64,4.131,4.543
65,4.761,4.275
66,4.327,4.394
67,4.331,4.407
68,4.284,4.324
69,4.236,4.495
70,4.436,4.837
71,4.415,9.709
72,4.309,5.33
73,4.322,4.792
74,4.295,4.678
75,4.371,4.941
76,4.361,4.315
77,4.319,4.546
78,4.274,7.65
79,4.277,4.749
80,4.306,5.507
81,4.408,4.501
82,4.978,5.414
83,4.239,5.354
84,3.966,4.574
85,3.748,4.902
86,3.827,4.313
87,3.668,5.004
88,3.811,4.553
89,3.623,5.43
90,3.66,5.314
91,3.718,4.007
92,3.829,6.044
93,3.747,5.4
94,3.736,4.569
95,3.817,4.765
96,3.678,4.352
97,3.757,4.381
98,3.959,5.76
99,3.699,5.774
100,3.73,5.135
101,3.767,4.887
102,3.82,4.759
103,3.891,6.792
104,3.87,6.16
105,3.861,4.812
106,3.988,5.289
107,3.812,5.164
108,4.15,5.12
109,4.011,5.148
110,4.034,6.918
111,3.972,7.142
112,3.823,3.073
113,3.93,5.611
114,3.943,5.864
115,3.964,6.32
116,3.838,8.579
117,3.881,6.216
118,3.771,5.612
119,3.894,6.588
120,3.84,6.897
121,3.853,5.166
122,5.79,7.037
123,4.655,8.243
124,4.589,6.41
125,4.898,6.911
126,4.457,8.487
127,4.543,5.72
128,4.669,5.122
129,4.473,4.81
130,4.43,4.664
131,4.193,4.845
132,4.258,5.123
133,4.128,4.864
134,4.128,4.869
135,4.079,5.333
136,4.291,5.09
137,4.185,7.507
138,4.462,6.472
139,4.215,7.36
140,4.96,6.436
141,4.478,4.678
142,5.038,6.251
143,4.405,4.305
144,4.434,8.726
145,4.698,6.675
146,4.231,8.333
147,4.473,8.815
148,4.409,6.287
149,3.922,6.667
150,5.203,7.291
151,4.469,7.43
152,4.312,5.095
153,4.249,4.078
154,4.335,4.324
155,4.325,5.084
156,4.443,5.074
157,4.182,4.5
158,4.165,3.905
159,4.333,6.082
160,4.301,6.476
161,4.475,6.521
162,4.359,6.137
163,6.119,5.584
164,5.737,6.927
165,4.007,6.152
166,4.467,3.405
167,3.625,5.157
168,3.753,4.266
169,3.659,6.059
170,3.67,6.889
171,3.493,5.018
172,3.651,4.88
173,3.647,5.149
174,3.675,6.045
175,3.504,6.995
176,4.869,4.543
177,7.55,4.404
178,4.936,4.367
179,4.53,4.192
180,4.98,6.2
181,4.139,4.818
182,4.334,5.75
183,4.3,5.237
184,4.061,4.229
185,4.531,3.726
186,3.88,3.788
187,4.736,4.005
188,4.471,3.92
189,3.854,4.103
190,4.372,4.073
191,4.235,3.959
192,4.35,3.756
193,7.19,3.889
194,4.534,3.925
195,3.973,3.908
196,4.137,3.859
197,3.799,3.905
198,3.871,3.878
199,4.286,3.705
200,4.651,3.875
201,4.266,7.115
202,4.344,4.055
203,5.197,4.686
204,4.596,4.011
205,2.461,3.966
206,4.764,4.913
207,4.556,5.2
208,4.357,4.699
209,4.378,4.896
210,4.607,4.871
211,4.43,4.715
212,5.019,4.378
213,5.804,3.885
214,4.617,4.878
215,4.713,5.811
216,5.298,5.246
217,2.058,4.811
218,4.873,4.682
219,5.613,5.155
220,5.213,4.548
221,6.013,4.792
222,5.671,4.646
223,4.989,4.83
224,7.406,6.577
225,6.115,5.014
226,5.379,4.514
227,3.717,4.81
228,3.187,5.023
229,3.399,5.1
230,3.228,4.206
231,3.298,4.007
232,3.334,3.848
233,3.319,3.934
234,3.225,3.776
235,3.297,3.901
236,3.401,4.016
237,3.471,3.953
238,3.418,4.012
239,3.36,4.581
240,3.263,4.547
241,3.219,4.766
242,3.279,4.086
243,3.27,3.871
244,3.288,3.899
245,3.373,3.976
246,3.258,5.439
247,3.437,4.084
248,3.345,4.196
249,3.251,4.044
250,3.278,4.613
251,3.313,4.856
252,3.257,4.244
253,3.308,4.175
254,3.326,3.981
255,3.279,4.019
256,3.261,4.049
257,3.238,4.009
258,3.231,4.094
259,3.382,4.107
260,3.335,3.665
261,3.308,3.828
262,3.294,3.702
263,3.347,3.899
264,6.236,3.594
265,4.962,3.668
266,3.814,3.691
267,3.555,3.746
268,3.57,3.655
269,3.601,3.691
270,3.55,3.876
271,3.62,3.764
272,3.569,4.277
273,3.562,4.256
274,3.669,4.204
275,3.687,3.913
276,3.642,3.963
277,3.578,3.748
278,3.605,3.787
279,3.592,3.898
280,3.571,3.893
281,3.615,3.816
282,3.624,3.843
283,3.643,3.922
284,3.652,3.632
285,3.729,3.898
286,3.827,3.686
287,3.643,4.01
288,3.669,3.676
289,3.577,3.739
290,3.532,3.658
291,3.534,3.653
292,3.546,3.714
293,3.555,3.775
294,3.48,7.089
295,3.497,5.118
296,3.533,6.871
297,3.581,4.984
298,3.514,5.688
299,3.533,4.259
300,3.53,3.037
301,3.529,2.292
302,3.552,2.873
303,3.626,2.7
304,3.471,4.035
305,3.524,5.826
306,4.637,4.888
307,3.213,4.84
308,3.402,5.062
309,3.303,4.704
310,3.458,6.086
311,3.304,7.15
312,3.326,5.661
313,3.388,4.643
314,3.346,5.217
315,3.351,5.249
316,3.333,5.532
317,3.278,7.026
318,3.333,5.674
319,3.328,7.526
320,3.27,5.91
321,3.401,5.753
322,3.485,6.502
323,3.264,5.764
324,3.303,5.358
325,3.314,5.494
326,3.198,4.354
327,3.24,4.112
328,3.212,4.568
329,3.356,4.275
330,3.314,3.941
331,3.494,4.288
332,3.315,4.405
333,3.305,8.532
334,3.297,2.204
335,3.284,6.589
336,3.332,4.107
337,3.308,5.906
338,3.3,4.79
339,3.288,6.17
340,3.315,6.886
341,3.285,6.635
342,3.351,7.492
343,3.371,8.733
344,3.294,6.045
345,3.43,7.978
346,3.369,5.753
347,4.132,4.877
348,3.394,5.963
349,3.354,5.263
350,3.395,5.844
351,3.354,6.073
352,3.244,6.056
353,3.393,4.721
354,3.365,7.233
355,3.214,6.346
356,3.417,5.34
357,3.392,6.824
358,3.408,5.109
359,3.281,5.777
360,3.361,7.796
361,3.37,7.541
362,3.413,6.956
363,3.449,5.871
364,3.377,5.813
365,3.384,5.347
366,3.415,5.548
367,3.372,5.467
368,3.363,5.573
369,3.448,5.762
370,3.357,6.811
371,3.389,5.953
372,3.369,5.595
373,3.36,5.015
374,3.349,5.1
375,3.341,4.959
376,3.36,4.833
377,3.365,4.998
378,3.397,4.748
379,3.396,4.376
380,3.358,4.761
381,3.364,4.594
382,3.37,4.479
383,3.382,4.846
384,3.389,5.0
385,3.378,5.432
386,3.384,4.622
387,3.387,4.659
388,5.621,4.901
389,5.091,4.936
390,5.492,4.708
391,5.378,4.195
392,5.993,4.833
393,2.27,4.419
394,6.157,4.678
395,4.883,4.817
396,5.53,4.482
397,4.443,4.848
398,4.79,5.134
399,5.201,4.765
400,4.467,4.912
401,4.3,6.143
402,4.449,6.468
403,4.414,5.895
404,4.768,6.149
405,4.319,5.986
406,4.565,6.452
407,4.412,5.511
408,5.108,5.447
409,4.669,5.726
410,4.705,6.032
411,4.63,6.576
412,4.517,7.3
413,4.977,5.538
414,4.875,9.33
415,4.583,7.8
416,4.44,9.101
417,4.469,7.38
418,4.856,6.8
419,4.841,8.969
420,4.919,6.469
421,4.597,5.995
422,4.446,9.209
423,4.317,7.248
424,4.303,8.782
425,2.688,7.068
426,2.554,6.9
427,3.382,8.69
428,3.222,7.037
429,3.236,6.789
430,3.213,6.194
431,3.35,5.941
432,3.703,6.431
433,3.671,6.687
434,4.161,7.35
435,5.018,8.787
436,4.713,7.134
437,3.762,6.249
438,3.615,5.003
439,3.919,5.58
440,3.809,6.254
441,3.701,4.786
442,3.624,5.989
443,3.863,6.157
444,3.919,6.03
445,3.837,6.169
446,4.242,6.498
447,4.314,7.012
448,3.938,6.597
449,4.996,5.691
450,4.031,6.084
451,4.806,6.407
452,4.137,5.02
453,4.003,5.102
454,3.74,5.815
455,4.176,4.348
456,3.982,6.211
457,3.889,5.461
458,4.183,4.646
459,3.798,4.856
460,3.967,7.046
461,3.92,5.358
462,4.021,7.205
463,3.886,4.902
464,4.549,4.581
465,5.113,5.089
466,4.94,7.549
467,4.273,9.428
468,3.721,6.403
469,5.251,6.545
470,1.577,7.333
471,4.811,6.103
472,4.081,6.758
473,4.029,6.409
474,4.157,6.417
475,4.032,6.719
476,4.172,5.926
477,4.21,5.994
478,4.238,6.407
479,4.147,6.2
480,4.113,6.602
481,4.184,7.45
482,4.303,6.186
483,4.204,5.831
484,4.265,5.661
485,4.208,5.727
486,4.112,5.816
487,4.066,5.517
488,4.211,5.549
489,4.206,5.463
490,4.404,5.46
491,5.232,6.01
492,6.239,6.109
493,4.675,5.706
494,4.475,5.147
495,4.29,5.115
496,4.358,5.353
497,4.37,5.548
498,4.375,5.22
499,4.415,5.497
500,4.515,5.237
501,4.425,6.358
502,5.253,7.784
503,5.358,8.301
504,6.734,6.25
505,5.428,6.18
506,4.626,5.233
507,3.864,6.638
508,4.132,6.505
509,3.948,4.979
510,4.081,4.938
511,3.84,5.674
512,3.764,6.218
513,3.873,6.469
514,3.88,7.257
515,3.932,5.759
516,4.012,6.54
517,3.926,7.073
518,3.983,6.777
519,4.08,6.888
520,3.981,6.375
521,4.564,6.145
522,7.103,6.359
523,7.323,6.408
524,4.32,5.825
525,4.379,6.803
526,4.35,6.912
527,4.554,6.537
528,6.501,6.219
529,5.919,5.832
530,6.435,6.982
531,6.831,6.135
532,5.675,6.506
533,4.968,6.744
534,4.292,7.162
535,3.657,5.64
536,3.573,6.725
537,3.574,5.987
538,3.673,7.387
539,3.764,8.629
540,3.68,8.962
541,3.507,7.629
542,3.58,9.978
543,3.595,6.996
544,6.599,6.936
545,5.612,6.35
546,5.284,6.524
547,4.355,5.496
548,4.44,6.176
549,4.325,4.907
550,4.435,5.189
551,4.387,5.851
552,4.493,6.821
553,4.613,6.134
554,4.29,7.011
555,4.687,7.283
556,5.894,5.254
557,5.892,5.939
558,4.893,4.095
559,4.98,4.13
560,5.606,4.3
561,5.979,4.419
562,5.379,5.475
563,5.082,5.939
564,5.101,5.766
565,5.792,7.113
566,4.566,6.01
567,4.542,6.887
568,4.481,5.879
569,4.189,5.108
570,4.273,4.874
571,4.148,4.299
572,4.194,4.642
573,4.202,4.84
574,4.245,6.256
575,4.257,8.496
576,4.222,9.713
577,4.167,7.421
578,4.241,7.058
579,4.209,6.612
580,4.203,6.342
581,4.121,5.428
582,4.093,7.202
583,4.355,6.117
584,5.666,6.14
585,4.81,7.117
586,4.246,5.718
587,4.057,4.982
588,3.931,5.079
589,3.798,4.577
590,3.718,4.135
591,3.854,4.298
592,3.802,4.04
593,3.717,4.316
594,3.761,4.341
595,3.904,5.37
596,3.973,9.843
597,3.666,6.744
598,3.682,7.806
599,3.758,7.938
600,3.736,6.791
601,3.807,7.258
602,3.768,6.767
603,3.686,8.462
604,3.732,8.469
605,3.816,7.791
606,3.821,8.348
607,3.768,7.147
608,3.768,7.512
609,3.98,7.591
610,3.957,7.74
611,3.995,6.162
612,3.913,5.722
613,4.165,6.372
614,3.974,7.311
615,3.674,8.967
616,3.928,7.024
617,3.903,6.811
618,3.854,6.337
619,3.94,4.76
620,3.929,5.684
621,3.991,4.885
622,4.02,6.082
623,4.203,5.963
624,4.147,6.897
625,3.904,5.555
626,4.175,6.577
627,4.251,6.632
628,3.372,6.522
629,5.381,5.96
630,1.826,5.258
631,2.536,6.841
632,2.521,8.38
633,5.525,6.051
634,7.311,5.67
635,6.48,5.876
636,5.626,5.827
637,5.32,6.89
638,5.811,7.533
639,5.85,9.394
640,6.932,8.311
641,5.817,8.336
642,5.308,6.118
643,6.13,5.698
644,5.462,5.947
645,6.061,6.376
646,5.857,5.638
647,5.986,5.586
648,7.548,5.839
649,6.157,7.786
650,5.333,6.303
651,5.343,5.801
652,3.488,5.214
653,4.842,6.165
654,2.528,8.401
655,7.265,7.019
656,3.602,5.557
657,6.941,7.355
658,4.847,7.161
659,4.705,5.674
660,4.863,6.634
661,4.647,3.359
662,5.709,5.98
663,5.667,7.109
664,4.823,6.886
665,5.074,7.49
666,5.72,7.13
667,5.395,7.111
668,6.532,6.086
669,4.319,7.945
670,7.137,7.249
671,5.166,6.282
672,4.932,7.171
673,5.354,6.248
674,4.859,7.46
675,4.899,6.933
676,2.867,7.567
677,5.728,6.492
678,2.471,6.62
679,2.114,6.845
680,5.649,5.235
681,6.647,9.258
682,3.336,8.727
683,4.6,6.586
684,1.598,6.267
685,1.873,6.433
686,2.804,6.924
687,4.687,6.152
688,4.009,6.491
689,2.841,9.11
690,2.224,8.029
691,7.076,7.172
692,7.373,5.682
693,6.917,6.837
694,2.565,5.22
695,6.313,5.347
696,6.011,5.73
697,2.386,5.721
698,5.757,4.531
699,4.55,5.144
700,4.635,5.333
701,4.168,5.5
702,6.512,6.27
703,3.771,5.634
704,3.025,6.756
705,2.841,6.337
706,4.86,9.041
707,5.529,6.299
708,5.847,5.558
709,4.433,6.201
710,4.121,6.023
711,4.162,5.594
712,4.199,6.47
713,4.296,5.148
714,4.187,6.077
715,4.035,4.942
716,4.11,6.01
717,4.067,6.342
718,4.094,5.238
719,4.085,6.176
720,4.291,6.138
721,4.345,6.014
722,4.439,6.048
723,5.351,4.416
724,4.961,6.495
725,4.44,6.541
726,4.44,4.575
727,4.278,5.041
728,4.269,8.847
729,4.198,5.655
730,4.336,4.872
731,4.246,4.71
732,4.031,4.468
733,4.288,4.116
734,4.324,5.911
735,4.251,5.283
736,4.297,5.68
737,4.237,5.633
738,4.436,5.911
739,4.359,5.417
740,4.297,5.543
741,4.274,6.636
742,4.262,6.955
743,5.013,8.949
744,6.137,8.395
745,5.243,7.702
746,4.708,7.091
747,4.726,7.177
748,4.843,7.024
749,4.17,6.403
750,4.148,6.769
751,3.867,5.981
752,3.717,5.542
753,3.728,7.268
754,3.859,6.617
755,3.761,5.622
756,3.987,7.294
757,4.062,8.103
758,3.916,7.049
759,4.042,7.681
760,4.121,7.592
761,4.254,6.491
762,4.365,7.458
763,4.144,7.286
764,4.02,7.708
765,3.965,8.215
766,3.883,8.735
767,3.986,6.765
768,4.035,6.475
769,3.87,7.784
770,3.891,5.722
771,3.967,7.548
772,4.105,8.709
773,3.872,10.034
774,4.031,5.346
775,4.738,5.07
776,6.033,5.237
777,4.335,4.852
778,4.019,5.003
779,3.925,7.906
780,4.054,6.745
781,3.812,6.89
782,3.796,5.98
783,3.785,5.586
784,3.709,5.801
785,3.741,6.097
786,3.793,6.162
787,3.838,7.264
788,4.035,6.508
789,4.941,8.739
790,4.238,5.838
791,4.081,5.836
792,4.238,5.642
793,4.1,5.512
794,3.74,6.641
795,3.733,6.551
796,3.701,8.568
797,3.874,8.337
798,4.05,6.245
799,4.349,6.427
800,3.98,5.789
801,3.946,6.192
802,3.992,5.568
803,3.831,5.642
804,3.562,5.79
805,3.764,5.464
806,3.598,5.736
807,3.589,5.554
808,3.544,5.438
809,3.588,5.513
810,3.561,5.783
811,3.626,6.15
812,3.676,5.817
813,3.752,5.786
814,4.538,5.827
815,4.597,5.278
816,3.923,5.836
817,4.058,5.454
818,3.91,4.964
819,3.821,5.238
820,3.751,5.414
821,3.852,5.749
822,3.783,6.774
823,3.913,6.868
824,3.734,5.971
825,3.973,6.765
826,4.015,6.322
827,3.914,5.42
828,4.036,5.142
829,4.18,5.515
830,4.041,5.306
831,5.361,5.342
832,4.921,5.137
833,6.952,5.178
834,4.64,5.393
835,3.958,5.24
836,4.085,5.311
837,4.18,5.482
838,4.238,5.424
839,4.681,6.191
840,4.242,5.275
841,4.388,4.955
842,4.248,5.289
843,4.18,4.664
844,4.234,5.002
845,4.289,5.357
846,4.381,5.054
847,4.627,5.213
848,4.578,5.372
849,4.398,4.775
850,4.311,5.04
851,4.362,4.935
852,4.455,4.728
853,4.372,5.06
854,4.401,5.098
855,4.386,5.044
856,4.398,5.313
857,4.332,5.117
858,4.281,4.823
859,4.304,5.118
860,4.298,5.085
861,4.334,5.166
862,4.733,5.259
863,4.613,5.412
864,4.89,5.59
865,4.37,5.093
866,4.315,5.45
867,4.319,5.215
868,4.499,5.249
869,4.325,5.424
870,4.454,5.585
871,6.108,5.273
872,4.343,5.513
873,4.072,5.4
874,4.214,5.183
875,5.267,5.458
876,4.971,5.404
877,4.987,5.713
878,5.498,4.695
879,6.057,4.766
880,5.872,5.566
881,4.359,6.412
882,4.937,7.539
883,4.811,7.191
884,4.447,7.374
885,4.689,7.237
886,4.895,7.204
887,5.012,8.082
888,4.753,7.118
889,4.861,8.813
890,4.662,8.02
891,4.753,6.981
892,4.638,7.139
893,4.606,7.067
894,4.955,6.713
895,5.187,7.441
896,4.84,7.19
897,4.69,6.691
898,4.64,6.393
899,4.618,6.531
900,4.635,6.732
901,4.698,7.197
902,4.675,8.839
903,4.631,9.589
904,4.658,5.448
905,4.73,5.561
906,4.721,6.166
907,4.785,7.108
908,4.698,5.267
909,4.716,6.576
910,4.856,5.833
911,4.795,5.849
912,4.931,6.055
913,4.84,5.4
914,6.714,5.288
915,4.499,5.941
916,6.0,5.651
917,5.357,5.575
918,4.631,5.542
919,6.697,5.271
920,4.486,5.409
921,6.247,5.381
922,6.075,5.282
923,5.193,5.388
924,4.975,5.235
925,4.815,5.18
926,4.725,6.158
927,4.723,5.599
928,4.576,5.459
929,4.58,6.24
930,4.769,5.093
931,4.813,5.49
932,4.879,5.087
933,4.914,5.685
934,4.922,5.615
935,4.732,5.589
936,4.791,6.845
937,5.531,5.751
938,5.034,5.63
939,5.103,5.429
940,5.096,6.22
941,5.51,6.017
942,5.234,5.558
943,4.952,5.738
944,5.088,5.553
945,4.642,5.958
946,4.961,5.594
947,4.852,5.47
948,4.859,5.61
949,4.559,5.24
950,4.668,5.986
951,4.863,6.597
952,5.006,5.196
953,5.969,4.849
954,5.411,6.998
955,6.535,4.913
956,5.609,5.256
957,5.408,5.2
958,5.688,5.731
959,6.323,6.182
960,5.012,4.411
961,5.621,5.595
962,5.18,6.348
963,6.006,5.225
964,6.073,5.236
965,6.807,5.052
966,2.947,5.15
967,1.96,5.418
968,7.376,5.239
969,5.424,5.405
970,5.705,5.248
971,5.951,5.349
972,5.896,5.327
973,5.221,5.518
974,4.977,4.831
975,4.611,5.043
976,4.592,5.076
977,4.639,4.877
978,4.707,4.81
979,4.669,5.596
980,4.645,5.391
981,5.01,5.614
982,5.438,5.801
983,5.401,6.583
984,5.423,4.837
985,5.315,5.446
986,5.592,5.071
987,6.85,6.147
988,6.747,5.567
989,6.193,4.955
990,6.113,4.97
991,5.696,7.896
992,5.702,6.728
993,6.237,5.137
994,6.817,5.025
995,6.477,5.402
996,7.321,5.413
997,4.584,5.263
998,5.084,5.795
999,1.965,6.524
1000,6.231,5.978
1001,6.15,6.994
1002,5.468,4.808
1003,4.458,5.708
1004,4.578,5.569
1005,4.37,6.436
1006,5.12,5.151
1007,6.618,4.608
1008,4.581,9.644
1009,4.351,8.527
1010,4.653,6.222
1011,5.736,5.936
1012,6.257,6.699
1013,5.18,6.467
1014,4.529,5.981
1015,4.516,5.986
1016,4.754,5.659
1017,1.982,6.946
1018,7.19,5.884
1019,6.077,5.989
1020,5.558,6.496
1021,5.302,5.749
1022,6.43,7.657
1023,7.024,7.063
1024,6.276,5.752
1025,6.633,5.792
1026,6.128,4.734
1027,5.385,5.554
1028,6.88,6.184
1029,7.267,5.552
1030,6.974,6.099
1031,6.665,5.917
1032,6.527,6.605
1033,5.709,7.018
1034,1.683,5.776
1035,5.52,5.888
1036,6.438,9.242
1037,5.633,5.917
1038,5.279,6.758
1039,5.323,6.614
1040,5.18,6.792
1041,7.366,7.09
1042,6.893,6.238
1043,5.685,6.155
1044,2.991,6.338
1045,5.744,8.1
1046,6.369,8.829
1047,5.978,7.258
1048,6.538,6.55
1049,6.101,6.955
1050,5.062,5.259
1051,5.661,6.777
1052,2.877,7.703
1053,5.269,7.821
1054,5.851,8.232
1055,6.493,6.982
1056,5.208,9.67
1057,5.489,7.879
1058,5.556,3.062
1059,6.062,2.518
1060,4.837,8.118
1061,5.803,4.657
1062,6.334,2.613
1063,5.746,3.755
1064,6.015,7.09
1065,5.268,6.843
1066,5.099,7.152
1067,5.518,8.707
1068,5.259,2.655
1069,5.445,3.631
1070,5.613,2.357
1071,2.308,7.295
1072,4.683,4.122
1073,6.176,4.373
1074,6.6,9.602
1075,4.771,9.633
1076,4.691,2.936
1077,5.405,6.991
1078,5.339,3.09
1079,6.659,7.06
1080,6.629,9.027
1081,6.994,5.367
1082,4.871,6.452
1083,4.489,7.563
1084,4.036,6.958
1085,4.381,5.047
1086,3.745,4.579
1087,4.196,4.599
1088,3.66,5.73
1089,4.071,6.052
1090,4.057,4.663
1091,3.837,6.885
1092,5.081,9.609
1093,4.352,2.188
1094,4.121,7.918
1095,4.012,6.122
1096,3.81,6.017
1097,3.583,4.809
1098,3.99,5.135
1099,3.385,4.573
1100,3.855,5.038
1101,4.012,5.218
1102,4.442,6.808
1103,4.921,4.707
1104,6.025,6.249
1105,5.851,5.851
1106,4.742,5.754
1107,4.617,6.424
1108,4.637,5.284
1109,4.828,5.904
1110,4.635,5.576
1111,4.513,6.86
1112,4.158,5.58
1113,4.12,5.456
1114,4.279,7.553
1115,4.45,6.113
1116,4.065,4.911
1117,4.497,4.942
1118,4.601,3.092
1119,4.283,7.224
1120,4.767,8.062
1121,6.654,5.631
1122,5.685,6.923
1123,5.572,6.489
1124,4.466,8.395
1125,4.528,2.456
1126,4.2,4.507
1127,4.455,3.081
1128,4.349,8.308
1129,4.15,3.651
1130,4.293,9.641
1131,4.312,4.864
1132,3.866,3.132
1133,4.311,5.543
1134,4.151,7.551
1135,4.202,8.296
1136,4.508,8.787
1137,3.87,8.811
1138,3.716,3.939
1139,3.808,4.571
1140,3.715,5.07
1141,3.736,2.437
1142,3.74,3.262
1143,3.83,7.468
1144,3.864,4.812
1145,3.893,5.126
1146,3.728,5.195
1147,3.68,6.693
1148,3.847,4.125
1149,3.898,9.831
1150,3.659,3.265
1151,3.69,7.783
1152,3.934,6.435
1153,3.722,5.394
1154,3.845,7.576
1155,3.967,7.345
1156,3.927,2.64
1157,3.883,8.301
1158,4.04,8.217
1159,3.663,5.193
1160,3.618,4.356
1161,3.62,3.916
1162,3.658,3.788
1163,5.191,3.88
1164,4.158,4.315
1165,4.266,6.865
1166,4.153,4.78
1167,4.188,5.161
1168,4.136,5.084
1169,4.232,5.641
1170,4.416,5.19
1171,3.932,5.388
1172,3.711,5.07
1173,3.665,4.501
1174,3.591,4.395
1175,3.946,4.41
1176,4.602,4.548
1177,4.154,4.785
1178,3.779,4.716
1179,3.603,6.374
1180,3.59,5.483
1181,3.512,5.803
1182,3.531,3.732
1183,3.51,3.488
1184,3.445,4.102
1185,3.431,3.579
1186,3.28,3.582
1187,3.549,3.653
1188,3.999,3.808
1189,3.486,3.776
1190,3.67,3.726
1191,3.35,3.676
1192,3.505,3.719
1193,3.382,3.862
1194,3.458,3.655
1195,3.738,3.661
1196,3.699,3.904
1197,3.59,4.165
1198,3.406,4.522
1199,3.497,7.011
1200,3.681,5.29
1201,3.763,5.463
1202,3.617,3.405
1203,3.686,3.584
1204,6.171,3.623
1205,5.975,3.374
1206,7.163,3.718
1207,5.969,3.757
1208,5.402,3.544
1209,5.682,3.385
1210,5.323,3.811
1211,6.608,3.529
1212,5.651,3.507
1213,5.137,3.438
1214,4.918,3.672
1215,6.908,3.492
1216,4.873,3.837
1217,5.105,3.714
1218,5.674,3.754
1219,6.764,3.445
1220,5.804,3.805
1221,5.205,3.449
1222,6.157,3.653
1223,4.827,3.693
1224,5.233,3.483
1225,5.139,3.407
1226,5.923,3.459
1227,4.902,3.711
1228,4.838,3.387
1229,4.91,3.625
1230,4.76,3.606
1231,4.134,3.763
1232,4.366,3.724
1233,4.392,3.649
1234,4.544,3.641
1235,4.313,3.434
1236,4.19,3.35
1237,4.332,4.047
1238,4.695,3.599
1239,3.958,3.505
1240,4.136,3.675
1241,4.147,3.462
1242,3.958,3.615
1243,6.328,3.267
1244,7.207,3.967
1245,5.14,8.447
1246,5.568,6.973
1247,5.669,7.913
1248,5.664,6.887
1249,4.633,7.008
1250,5.035,6.81
1251,4.52,6.745
1252,4.453,9.401
1253,4.571,6.985
1254,4.434,8.267
1255,4.304,9.051
1256,4.321,7.937
1257,4.228,7.792
1258,4.763,7.357
1259,4.438,7.18
1260,4.719,8.037
1261,4.506,7.674
1262,5.397,8.337
1263,4.418,7.46
1264,4.46,7.369
1265,4.951,9.647
1266,5.057,7.202
1267,5.01,7.518
1268,4.527,9.963
1269,4.65,8.741
1270,5.145,8.146
1271,4.497,7.455
1272,4.348,7.554
1273,4.491,8.246
1274,5.458,7.144
1275,5.175,6.298
1276,5.087,6.583
1277,7.052,7.095
1278,7.441,6.371
1279,5.655,6.275
1280,4.922,6.271
1281,4.69,5.986
1282,4.563,5.627
1283,4.584,6.059
1284,4.577,6.602
1285,4.764,5.8
1286,6.868,6.727
1287,5.285,7.334
1288,4.635,6.646
1289,4.942,5.719
1290,4.515,5.615
1291,4.803,6.167
1292,5.853,6.24
1293,5.567,6.361
1294,4.626,5.363
1295,4.936,6.458
1296,7.199,5.362
1297,2.855,6.697
1298,6.862,5.445
1299,6.684,5.07
1300,7.03,6.456
1301,6.77,7.466
1302,4.709,6.172
1303,5.584,6.274
1304,4.784,8.956
1305,4.767,8.962
1306,5.18,9.666
1307,4.855,9.365
1308,5.002,8.206
1309,5.189,7.55
1310,4.985,7.834
1311,5.132,7.56
1312,5.307,8.3
1313,4.916,8.677
1314,4.924,8.966
1315,4.934,8.355
1316,4.8,8.262
1317,4.947,6.321
1318,5.326,7.709
1319,4.736,7.251
1320,4.658,9.066
1321,5.383,9.001
1322,5.691,7.35
1323,6.5,7.55
1324,5.934,8.313
1325,5.317,7.809
1326,5.448,6.898
1327,5.375,6.617
1328,5.467,6.051
1329,5.952,8.321
1330,5.724,9.819
1331,5.922,6.673
1332,7.148,5.218
1333,4.859,5.209
1334,4.77,5.415
1335,4.824,5.151
1336,6.543,5.305
1337,3.997,5.696
1338,4.182,5.449
1339,4.263,5.328
1340,4.298,7.916
1341,4.672,9.353
1342,4.686,7.595
1343,4.61,8.147
1344,4.869,6.672
1345,4.28,5.786
1346,4.482,5.764
1347,5.165,6.626
1348,6.153,6.456
1349,6.235,7.557
1350,6.757,5.965
1351,4.881,6.288
1352,4.1,6.436
1353,4.592,7.167
1354,4.193,5.296
1355,4.093,6.888
1356,4.188,7.209
1357,3.905,6.887
1358,3.936,5.657
1359,6.003,6.024
1360,4.942,5.82
1361,4.813,6.078
1362,4.685,5.513
1363,4.558,5.764
1364,4.722,6.584
1365,4.721,6.574
1366,4.569,5.534
1367,4.631,6.144
1368,4.759,6.676
1369,6.121,6.382
1370,4.351,6.216
1371,4.816,6.316
1372,3.551,7.103
1373,5.394,6.433
1374,5.174,6.618
1375,4.831,6.044
1376,4.602,6.07
1377,4.65,5.956
1378,5.09,5.585
1379,4.789,7.169
1380,4.772,9.967
1381,4.793,7.967
1382,4.705,8.092
1383,4.728,7.314
1384,4.794,6.908
1385,4.875,7.836
1386,4.85,5.897
1387,4.756,6.114
1388,4.825,5.594
1389,5.078,6.216
1390,5.251,6.546
1391,5.052,6.411
1392,4.984,7.919
1393,4.914,7.873
1394,4.625,5.55
1395,7.597,5.751
1396,4.776,6.225
1397,4.749,8.596
1398,4.657,7.036
1399,4.722,7.157
1400,4.865,9.391
1401,7.11,8.587
1402,5.641,8.695
1403,4.957,6.11
1404,6.921,7.414
1405,4.029,5.835
1406,4.752,6.166
1407,4.159,6.597
1408,4.482,7.427
1409,5.245,7.451
1410,5.333,5.775
1411,4.525,5.867
1412,4.499,5.358
1413,4.391,6.521
1414,4.494,9.655
1415,4.559,6.394
1416,6.073,5.715
1417,4.622,8.861
1418,4.525,7.481
1419,5.319,8.437
1420,5.13,7.288
1421,4.566,6.489
1422,4.778,5.983
1423,4.665,7.673
1424,5.536,6.715
1425,6.783,7.403
1426,6.555,7.538
1427,6.644,7.151
1428,6.28,7.33
1429,6.308,8.475
1430,6.083,6.946
1431,5.798,8.304
1432,5.769,9.052
1433,5.685,9.181
1434,5.751,7.272
1435,5.685,7.388
1436,5.759,7.383
1437,5.674,9.197
1438,5.571,8.551
1439,5.928,6.474
1440,7.466,5.134
1441,6.299,6.271
1442,6.925,8.767
1443,5.44,8.363
1444,7.162,7.516
1445,6.173,7.507
1446,5.031,6.632
1447,5.629,7.303
1448,5.25,8.001
1449,4.866,7.506
1450,4.948,7.005
1451,5.189,7.138
1452,5.462,6.702
1453,5.205,6.354
1454,5.342,7.098
1455,5.0,6.993
1456,4.799,7.533
1457,4.971,6.82
1458,4.999,7.295
1459,5.321,7.175
1460,4.861,7.047
1461,4.415,6.241
1462,4.827,7.638
1463,4.954,7.475
1464,5.3,5.207
1465,5.139,4.541
1466,5.073,5.016
1467,4.992,6.36
1468,5.099,6.842
1469,4.732,6.157
1470,5.018,9.46
1471,4.925,7.618
1472,4.783,6.305
1473,4.42,7.987
1474,4.218,8.01
1475,5.087,6.153
1476,4.145,5.939
1477,4.255,5.835
1478,5.284,5.55
1479,5.334,6.086
1480,4.438,6.099
1481,4.83,7.16
1482,4.437,8.438
1483,4.405,6.336
1484,4.056,7.385
1485,4.235,7.649
1486,5.276,8.313
1487,6.113,7.213
1488,5.828,6.51
1489,5.457,7.895
1490,5.696,7.953
1491,6.313,9.328
1492,6.015,9.76
1493,4.485,8.896
1494,4.221,7.307
1495,5.096,7.263
1496,4.777,8.537
1497,4.617,8.54
1498,4.625,9.993
1499,5.042,9.03
1500,4.68,6.851
1501,4.684,9.701
1502,4.894,9.913
1503,5.071,9.996
1504,4.62,8.427
1505,4.274,9.377
1506,4.25,8.32
1507,4.764,6.84
1508,5.256,7.865
1509,4.941,7.982
1510,5.197,6.982
1511,4.817,6.465
1512,5.03,5.881
1513,4.885,8.467
1514,5.617,8.526
1515,4.822,8.552
1516,5.061,8.696
1517,4.808,9.193
1518,5.277,8.774
1519,5.383,8.325
1520,4.876,9.43
1521,4.704,7.814
1522,4.866,5.932
1523,5.351,6.479
1524,5.171,6.549
1525,5.249,6.035
1526,5.215,6.487
1527,4.892,6.851
1528,5.06,6.871
1529,4.742,8.164
1530,5.783,5.774
1531,6.472,9.401
1532,6.18,5.613
1533,7.519,6.11
1534,6.117,6.415
1535,5.456,5.432
1536,5.253,5.129
1537,4.748,4.432
1538,4.799,4.461
1539,5.031,4.86
1540,4.802,4.5
1541,4.8,5.063
1542,4.541,4.748
1543,4.958,5.047
1544,5.803,4.512
1545,4.537,5.122
1546,4.786,5.525
1547,4.343,4.224
1548,4.322,3.605
1549,4.978,4.669
1550,4.559,4.98
1551,4.967,7.654
1552,4.865,6.986
1553,4.993,6.022
1554,4.726,4.615
1555,4.683,5.858
1556,5.021,5.188
1557,4.839,6.674
1558,4.732,6.217
1559,4.308,6.075
1560,5.146,6.035
1561,4.776,6.914
1562,5.019,6.802
1563,5.369,6.257
1564,5.362,5.592
1565,6.328,6.874
1566,5.568,5.853
1567,5.581,5.435
1568,5.556,4.644
1569,5.664,5.789
1570,5.505,5.216
1571,5.994,6.922
1572,6.205,8.223
1573,5.418,6.133
1574,5.126,5.475
1575,5.224,6.204
1576,5.003,5.876
1577,5.254,6.145
1578,5.368,5.996
1579,5.625,5.92
1580,5.419,7.64
1581,5.184,7.181
1582,5.621,5.132
1583,5.254,5.447
1584,5.298,5.052
1585,5.446,5.6
1586,5.456,5.582
1587,5.477,4.667
1588,5.243,4.436
1589,5.433,6.787
1590,5.503,5.982
1591,5.171,7.058
1592,5.359,5.615
1593,5.696,5.419
1594,5.673,4.239
1595,5.411,5.106
1596,5.717,8.724
1597,5.587,8.302
1598,5.683,5.498
1599,5.962,8.433
1600,5.638,7.256
1601,5.683,6.78
1602,5.613,7.544
1603,5.593,6.577
1604,5.654,6.514
1605,5.394,6.094
1606,5.683,6.842
1607,5.641,6.467
1608,5.806,8.619
1609,5.544,7.296
1610,5.409,6.139
1611,5.53,8.005
1612,5.987,7.433
1613,6.71,7.299
1614,6.33,6.022
1615,5.802,5.653
1616,5.662,5.757
1617,5.395,7.183
1618,6.506,6.478
1619,5.667,8.675
1620,6.046,7.753
1621,5.801,6.115
1622,6.315,7.961
1623,5.577,7.678
1624,6.929,8.031
1625,7.148,7.223
1626,7.039,8.5
1627,6.304,9.128
1628,6.199,8.2
1629,6.511,8.111
1630,6.473,8.931
1631,5.48,7.243
1632,4.298,6.961
1633,6.132,6.008
1634,6.405,7.892
1635,5.648,9.373
1636,5.858,8.302
1637,5.619,6.175
1638,5.539,7.009
1639,5.588,6.418
1640,5.854,6.273
1641,5.53,6.754
1642,5.75,7.081
1643,5.558,6.11
1644,7.074,5.168
1645,5.814,5.218
1646,5.528,5.585
1647,5.476,5.662
1648,5.208,6.26
1649,7.04,6.406
1650,6.204,6.158
1651,4.681,5.076
1652,4.279,5.234
1653,4.769,6.225
1654,5.021,6.014
1655,5.904,6.33
1656,6.854,5.484
1657,7.608,6.372
1658,6.309,7.408
1659,6.74,6.798
1660,5.195,7.714
1661,5.442,7.219
1662,5.438,5.742
1663,5.598,4.913
1664,5.416,5.222
1665,5.225,5.018
1666,4.827,5.273
1667,6.024,6.015
1668,4.948,4.955
1669,4.729,5.844
1670,4.818,5.46
1671,4.554,4.772
1672,4.452,5.056
1673,7.565,5.819
1674,5.505,5.727
1675,5.865,4.895
1676,5.749,5.497
1677,4.674,5.391
1678,4.554,5.355
1679,6.656,4.403
1680,5.357,5.976
1681,4.976,5.232
1682,5.281,4.665
1683,4.899,4.721
1684,5.981,6.505
1685,6.772,8.787
1686,4.624,7.796
1687,4.439,5.195
1688,4.158,7.528
1689,4.663,7.829
1690,5.38,8.4
1691,5.551,7.967
1692,6.678,7.734
1693,5.989,7.724
1694,5.807,5.39
1695,6.32,7.051
1696,5.746,6.959
1697,5.725,6.718
1698,5.764,5.705
1699,5.797,6.413
1700,5.825,6.617
1701,5.767,6.746
1702,5.876,6.665
1703,5.515,6.28
1704,5.882,7.161
1705,5.779,7.193
1706,5.555,8.28
1707,5.598,8.522
1708,5.584,5.045
1709,6.189,7.599
1710,5.893,7.399
1711,5.919,7.087
1712,5.976,6.09
1713,5.867,6.322
1714,5.831,6.378
1715,5.82,6.048
1716,5.705,7.993
1717,6.174,6.531
1718,5.408,6.029
1719,5.478,7.723
1720,5.679,5.448
1721,5.506,6.932
1722,5.507,8.554
1723,5.497,8.217
1724,5.486,7.725
1725,5.798,7.786
1726,5.508,5.996
1727,5.485,8.328
1728,5.48,9.489
1729,5.531,7.61
1730,5.696,6.643
1731,5.462,6.797
1732,5.438,6.155
1733,5.348,5.87
1734,5.478,5.809
1735,5.564,5.765
1736,5.461,7.026
1737,5.803,9.207
1738,5.654,7.364
1739,5.623,6.903
1740,5.673,6.556
1741,5.803,6.224
1742,6.06,6.562
1743,7.004,6.162
1744,7.03,5.998
1745,5.332,5.946
1746,5.11,6.112
1747,6.985,6.158
1748,6.722,7.426
1749,6.112,5.527
1750,5.757,8.388
1751,6.012,6.513
1752,6.286,6.771
1753,5.737,6.704
1754,5.892,8.217
1755,5.607,6.451
1756,5.805,6.06
1757,5.754,6.949
1758,6.042,5.408
1759,6.886,4.665
1760,6.746,5.606
1761,5.511,6.907
1762,7.163,6.643
1763,6.365,6.217
1764,6.475,6.529
1765,7.469,5.977
1766,6.739,5.838
1767,7.322,6.653
1768,6.799,6.759
1769,4.572,9.828
1770,4.662,5.835
1771,4.616,5.226
1772,4.593,5.355
1773,4.71,6.087
1774,4.585,5.476
1775,4.741,5.129
1776,6.799,5.142
1777,6.689,5.723
1778,6.018,5.356
1779,6.431,5.105
1780,5.995,4.712
1781,7.489,4.605
1782,6.589,4.976
1783,6.048,5.565
1784,5.919,5.027
1785,6.437,4.991
1786,6.216,4.94
1787,6.004,5.187
1788,6.25,5.025
1789,6.489,5.16
1790,6.224,5.325
1791,6.186,5.013
1792,6.24,4.808
1793,6.407,5.24
1794,6.014,4.578
1795,5.914,4.554
1796,5.96,4.295
1797,6.005,3.902
1798,6.209,3.887
1799,6.158,3.604
1800,6.124,4.381
1801,6.656,3.961
1802,6.232,4.378
1803,6.16,3.976
1804,6.124,4.147
1805,6.511,4.2
1806,5.906,4.227
1807,5.727,4.258
1808,5.949,3.727
1809,5.977,3.895
1810,6.401,3.959
1811,6.063,3.945
1812,5.629,4.111
1813,5.402,3.964
1814,5.635,3.601
1815,6.082,3.905
1816,5.977,4.131
1817,5.993,3.657
1818,6.041,4.57
1819,6.089,3.527
1820,5.825,3.956
1821,5.733,3.934
1822,5.72,3.726
1823,5.708,3.831
1824,5.795,4.108
1825,6.272,4.105
1826,6.027,4.094
1827,5.941,3.733
1828,5.989,3.514
1829,7.486,3.476
1830,6.81,3.672
1831,7.206,3.376
1832,6.925,4.294
1833,5.73,3.891
1834,5.245,3.971
1835,6.095,3.849
1836,5.267,3.802
1837,4.812,6.168
1838,5.386,6.205
1839,5.097,5.466
1840,5.039,5.18
1841,5.879,5.04
1842,5.365,5.203
1843,5.16,5.73
1844,5.508,5.166
1845,5.543,5.344
1846,4.995,5.059
1847,5.55,5.149
1848,5.768,5.362
1849,5.368,5.384
1850,5.735,5.437
1851,5.419,5.254
1852,7.049,5.526
1853,4.685,5.114
1854,4.814,5.428
1855,6.709,5.283
1856,6.303,5.342
1857,5.349,5.575
1858,5.424,5.512
1859,5.249,5.252
1860,5.435,5.142
1861,6.144,5.368
1862,6.056,4.964
1863,5.423,5.121
1864,5.249,5.49
1865,5.129,6.445
1866,4.969,6.858
1867,4.56,6.202
1868,4.621,5.62
1869,4.367,6.258
1870,4.657,6.521
1871,5.726,5.62
1872,4.38,5.6
1873,4.15,5.562
1874,4.638,6.168
1875,4.412,6.327
1876,4.348,5.775
1877,4.293,5.944
1878,3.438,6.825
1879,3.892,6.16
1880,4.075,6.229
1881,3.566,6.358
1882,3.558,5.926
1883,3.756,6.327
1884,5.024,6.364
1885,3.825,6.438
1886,3.724,6.149
1887,4.023,5.607
1888,3.326,5.969
1889,3.955,6.164
1890,3.366,5.041
1891,3.192,5.294
1892,4.604,5.18
1893,5.823,4.982
1894,3.71,6.68
1895,3.677,6.337
1896,6.217,7.095
1897,5.305,7.014
1898,3.77,6.855
1899,5.401,7.398
1900,3.256,6.794
1901,3.248,5.434
1902,3.071,5.817
1903,3.148,5.907
1904,3.125,5.22
1905,3.197,5.338
1906,3.347,5.367
1907,3.91,5.53
1908,5.421,5.778
1909,4.08,6.13
1910,5.253,5.38
1911,4.04,5.31
1912,4.206,5.824
1913,3.8,5.615
1914,4.288,5.838
1915,4.005,5.383
1916,4.291,5.358
1917,3.899,5.247
1918,3.481,5.48
1919,4.149,5.548
1920,3.496,5.598
1921,3.852,6.007
1922,3.941,6.652
1923,3.975,6.777
1924,3.992,5.527
1925,4.057,7.227
1926,4.304,6.061
1927,4.27,6.835
1928,4.16,6.534
1929,4.206,6.87
1930,3.904,6.624
1931,3.752,8.315
1932,3.898,7.574
1933,3.889,8.929
1934,3.622,6.96
1935,3.715,6.275
1936,3.954,6.454
1937,3.867,7.836
1938,3.921,7.381
1939,3.793,6.957
1940,3.937,5.941
1941,3.7,5.643
1942,3.534,5.643
1943,3.956,6.031
1944,3.916,6.457
1945,3.531,5.311
1946,4.183,6.282
1947,3.911,6.343
1948,3.851,5.253
1949,3.619,5.584
1950,3.73,6.122
1951,3.75,5.916
1952,3.442,6.773
1953,3.865,6.578
1954,3.76,6.358
1955,4.171,5.868
1956,3.626,5.815
1957,3.369,6.841
1958,3.212,6.196
1959,3.395,5.847
1960,6.524,6.547
1961,7.505,7.01
1962,7.388,6.035
1963,6.042,6.755
1964,5.511,6.567
1965,3.91,6.21
1966,5.184,6.139
1967,4.925,5.955
1968,7.321,5.714
1969,5.642,4.94
1970,5.38,5.544
1971,6.196,5.64
1972,4.638,5.518
1973,6.563,5.973
1974,5.843,6.104
1975,4.518,5.635
1976,5.218,6.076
1977,4.604,6.108
1978,4.379,6.385
1979,4.52,5.009
1980,4.324,5.052
1981,4.649,5.693
1982,4.634,5.851
1983,4.466,5.562
1984,4.533,5.587
1985,4.565,5.618
1986,4.308,6.613
1987,4.998,5.066
1988,4.421,5.69
1989,4.266,6.065
1990,4.343,5.314
1991,4.527,4.777
1992,4.574,4.972
1993,4.285,5.403
1994,4.216,4.928
1995,4.625,5.024
1996,4.419,5.456
1997,5.069,5.601
1998,4.437,5.102
1999,4.443,4.577
2000,4.247,5.288
2001,4.107,5.746
2002,4.119,9.333
2003,4.247,6.891
2004,4.49,6.586
2005,4.181,6.519
2006,4.006,5.85
2007,4.257,6.33
2008,4.212,6.088
2009,3.867,6.321
2010,3.719,6.175
2011,3.977,6.147
2012,3.957,6.468
2013,3.59,5.861
2014,4.042,5.359
2015,3.956,5.796
2016,4.171,6.117
2017,4.278,5.858
2018,3.978,9.468
2019,3.985,8.559
2020,3.806,7.399
2021,3.822,6.479
2022,3.811,7.244
2023,3.87,6.109
2024,3.903,5.921
2025,3.905,5.862
2026,3.936,6.189
2027,4.004,6.092
2028,4.085,5.865
2029,4.083,5.733
2030,3.901,5.709
2031,4.069,5.421
2032,3.914,6.196
2033,3.917,6.06
2034,4.07,6.093
2035,4.073,5.706
2036,4.108,5.783
2037,3.857,6.217
2038,4.179,6.164
2039,3.968,6.623
2040,3.979,5.93
2041,4.115,5.985
2042,4.102,6.063
2043,4.096,5.956
2044,3.937,6.049
2045,3.977,6.355
2046,3.584,9.89
2047,3.939,7.489
2048,3.707,6.139
2049,3.719,8.114
2050,3.955,6.219
2051,3.941,5.515
2052,3.827,5.581
2053,4.056,5.891
2054,4.041,5.707
2055,4.561,8.881
2056,5.865,6.81
2057,4.908,7.045
2058,6.068,7.91
2059,4.788,8.906
2060,4.769,6.906
2061,4.786,6.492
2062,4.448,7.035
2063,4.167,9.89
2064,4.718,6.309
2065,4.436,4.082
2066,5.087,5.021
2067,5.475,9.73
2068,5.594,9.99
2069,5.864,6.817
2070,5.932,7.954
2071,4.879,6.964
2072,5.216,8.156
2073,4.86,8.434
2074,4.481,9.84
2075,5.238,7.229
2076,5.678,7.756
2077,4.857,8.547
2078,7.277,8.279
2079,5.165,8.642
2080,4.405,9.432
2081,4.275,9.026
2082,4.109,7.135
2083,4.226,5.656
2084,4.1,6.045
2085,4.115,5.968
2086,4.125,5.992
2087,4.178,6.053
2088,4.18,5.832
2089,4.048,8.29
2090,4.388,5.742
2091,4.076,6.812
2092,4.195,8.027
2093,4.172,7.103
2094,4.282,8.442
2095,4.123,9.636
2096,3.956,8.557
2097,4.132,6.743
2098,4.612,6.204
2099,3.984,9.621
2100,3.58,6.734
2101,3.803,7.528
2102,5.201,5.793
2103,4.122,7.92
2104,3.926,8.148
2105,3.798,8.163
2106,3.953,9.929
2107,3.899,6.962
2108,4.316,9.632
2109,5.734,8.236
2110,5.593,6.454
2111,4.302,7.743
2112,4.199,9.593
2113,4.114,8.054
2114,3.977,6.317
2115,3.965,8.196
2116,4.166,7.783
2117,4.123,6.736
2118,4.065,9.21
2119,4.086,8.031
2120,4.16,4.151
2121,4.04,7.287
2122,4.002,6.496
2123,4.033,3.138
2124,4.118,9.129
2125,4.174,4.832
2126,4.122,6.899
2127,4.418,5.494
2128,4.073,4.352
2129,4.113,7.606
2130,4.289,10.044
2131,4.116,2.904
2132,3.917,3.857
2133,4.557,4.038
2134,3.845,3.579
2135,3.922,3.64
2136,3.893,4.192
2137,3.977,4.209
2138,4.017,4.134
2139,3.902,3.655
2140,4.035,3.983
2141,4.059,4.181
2142,4.29,3.548
2143,3.981,3.525
2144,4.255,3.703
2145,3.704,3.715
2146,3.715,4.3
2147,3.093,4.304
2148,3.277,4.692
2149,3.355,3.974
2150,3.214,4.213
2151,3.394,3.854
2152,3.266,4.77
2153,3.636,4.509
2154,3.619,4.062
2155,3.386,3.633
2156,3.506,4.457
2157,3.194,4.928
2158,3.332,3.563
2159,3.526,5.381
2160,3.569,4.694
2161,3.668,4.419
2162,3.455,5.331
2163,3.71,4.654
2164,3.58,4.751
2165,3.361,4.518
2166,3.324,4.79
2167,3.438,4.742
2168,3.508,5.144
2169,3.617,4.321
2170,3.715,4.276
2171,3.862,3.648
2172,3.816,4.696
2173,4.086,4.291
2174,3.891,4.035
2175,3.686,4.016
2176,3.689,4.39
2177,3.7,6.215
2178,3.671,5.041
2179,3.413,4.748
2180,3.83,6.508
2181,3.764,4.106
2182,5.367,3.766
2183,4.9,3.5
2184,5.367,3.804
2185,5.093,3.615
2186,4.908,3.636
2187,4.787,3.269
2188,4.807,3.617
2189,5.019,3.86
2190,5.286,3.858
2191,4.607,3.642
2192,4.734,3.896
2193,4.85,3.621
2194,4.761,3.348
2195,4.59,3.604
2196,4.689,3.512
2197,4.761,3.459
2198,4.503,3.411
2199,4.778,3.373
2200,4.474,3.632
2201,4.447,3.396
2202,4.403,3.317
2203,4.478,3.526
2204,4.539,3.374
2205,4.566,3.438
2206,4.776,3.116
2207,4.41,5.101
2208,4.436,5.493
2209,4.495,5.103
2210,4.383,4.958
2211,4.696,5.164
2212,4.536,5.183
2213,4.601,6.284
2214,4.727,5.049
2215,4.437,5.483
2216,4.25,5.641
2217,4.483,5.32
2218,4.549,5.666
2219,4.816,5.644
2220,4.454,6.286
2221,4.696,4.861
2222,4.745,4.684
2223,4.476,4.747
2224,4.745,5.373
2225,4.281,5.306
2226,3.783,6.787
2227,4.025,5.811
2228,4.342,8.236
2229,4.827,6.112
2230,4.035,6.461
2231,7.088,6.977
2232,5.425,7.793
2233,4.524,7.685
2234,4.106,8.091
2235,4.31,9.383
2236,4.443,7.196
2237,4.529,7.914
2238,4.241,9.063
2239,3.913,7.72
2240,3.915,7.112
2241,4.192,7.511
2242,3.913,7.766
2243,3.837,7.473
2244,3.883,10.029
2245,3.853,8.005
2246,4.101,9.207
2247,4.009,9.198
2248,4.017,9.961
2249,3.957,7.733
2250,3.952,7.962
2251,4.061,8.243
2252,4.021,9.289
2253,3.935,7.485
2254,3.927,7.769
2255,3.952,7.226
2256,3.968,7.246
2257,3.936,7.058
2258,4.04,6.929
2259,3.827,6.989
2260,4.121,6.784
2261,4.383,7.986
2262,4.255,7.032
2263,4.01,5.549
2264,3.871,5.855
2265,3.954,6.166
2266,4.058,5.872
2267,4.055,8.798
2268,3.951,7.475
2269,3.899,6.744
2270,3.989,6.187
2271,4.117,6.084
2272,4.228,6.432
2273,4.294,5.841
2274,6.912,6.524
2275,4.604,6.583
2276,4.353,6.406
2277,4.577,6.098
2278,4.896,5.709
2279,4.811,5.833
2280,4.194,6.12
2281,4.242,5.996
2282,4.375,6.625
2283,4.335,6.394
2284,4.106,7.487
2285,4.058,7.532
2286,4.38,6.753
2287,4.245,7.578
2288,4.11,7.128
2289,4.015,8.006
2290,3.989,6.756
2291,4.067,7.437
2292,4.067,6.232
2293,4.305,5.776
2294,4.126,6.898
2295,4.22,6.195
2296,4.408,7.02
2297,4.428,7.749
2298,4.765,8.8
2299,4.702,7.659
2300,4.106,5.924
2301,4.334,5.977
2302,3.928,6.65
2303,4.114,6.973
2304,3.912,7.379
2305,4.083,6.569
2306,4.391,5.95
2307,4.767,5.471
2308,4.408,5.747
2309,4.311,5.438
2310,4.397,5.642
2311,4.418,5.641
2312,4.251,5.73
2313,3.934,6.128
2314,3.905,6.11
2315,7.173,6.331
2316,6.187,5.944
2317,6.576,7.177
2318,6.137,6.492
2319,6.026,5.279
2320,5.643,6.062
2321,6.404,7.537
2322,6.339,7.764
2323,5.624,6.048
2324,6.871,6.271
2325,5.613,6.947
2326,6.175,7.426
2327,6.887,6.394
2328,6.101,7.763
2329,6.943,6.261
2330,6.033,6.824
2331,5.145,6.477
2332,4.943,7.268
2333,5.872,6.424
2334,6.791,6.841
2335,5.969,7.247
2336,7.043,6.737
2337,6.637,6.897
2338,6.679,6.363
2339,6.795,5.767
2340,5.797,5.783
2341,5.881,6.15
2342,4.516,5.63
2343,7.509,5.52
2344,6.732,5.914
2345,6.972,5.514
2346,6.213,5.13
2347,5.645,5.639
2348,6.941,5.959
2349,4.529,5.56
2350,4.536,5.809
2351,4.497,5.87
2352,4.644,5.851
2353,4.378,5.181
2354,4.358,5.078
2355,4.113,4.927
2356,4.586,5.351
2357,4.291,5.638
2358,5.797,5.368
2359,5.373,5.906
2360,5.359,5.581
2361,6.231,6.237
2362,5.748,5.862
2363,5.117,5.266
2364,5.195,5.284
2365,4.397,5.575
2366,5.967,5.084
2367,5.55,5.182
2368,6.95,5.648
2369,5.739,5.579
2370,6.264,5.311
2371,5.505,5.254
2372,5.072,5.079
2373,6.038,5.269
2374,6.408,5.827
2375,6.249,5.191
2376,6.536,6.364
2377,7.225,5.182
2378,6.45,5.167
2379,5.693,6.246
2380,5.177,7.317
2381,5.954,6.752
2382,5.321,5.199
2383,5.578,6.88
2384,5.463,7.007
2385,5.722,6.937
2386,5.493,7.36
2387,4.967,6.681
2388,4.924,7.417
2389,6.555,4.696
2390,6.466,5.354
2391,5.917,5.509
2392,5.872,6.847
2393,5.875,7.077
2394,5.477,7.223
2395,5.041,7.049
2396,5.232,6.823
2397,5.566,7.948
2398,4.973,5.555
2399,5.608,5.194
2400,5.415,5.418
2401,5.089,6.157
2402,5.91,5.18
2403,5.102,5.084
2404,5.743,5.435
2405,5.762,6.089
2406,5.321,5.882
2407,5.367,5.301
2408,5.085,4.852
2409,5.592,6.005
2410,5.123,6.469
2411,6.765,5.556
2412,4.98,6.88
2413,5.571,6.969
2414,5.678,6.607
2415,5.316,6.469
2416,5.006,5.574
2417,5.725,7.28
2418,5.815,7.677
2419,6.835,6.103
2420,5.331,7.296
2421,5.488,8.837
2422,5.782,5.812
2423,5.151,7.171
2424,5.821,6.717
2425,5.678,7.273
2426,7.498,7.124
2427,5.553,5.544
2428,4.671,7.232
2429,4.802,6.278
2430,5.28,7.153
2431,5.232,5.728
2432,4.696,6.179
2433,5.391,7.221
2434,4.194,5.273
2435,4.135,5.115
2436,4.607,5.503
2437,4.06,5.554
2438,4.404,6.723
2439,4.772,4.632
2440,4.911,4.946
2441,5.386,5.579
2442,4.897,7.311
2443,4.451,6.447
2444,5.007,6.081
2445,4.246,6.779
2446,4.04,7.411
2447,4.726,8.22
2448,4.749,8.368
2449,5.382,6.279
2450,4.623,7.202
2451,4.75,7.033
2452,4.66,6.517
2453,4.71,6.07
2454,4.977,6.39
2455,4.576,6.598
2456,4.226,6.488
2457,5.468,7.52
2458,7.023,6.748
2459,3.702,6.917
2460,3.25,6.184
2461,3.256,5.977
2462,3.251,7.33
2463,3.327,8.172
2464,3.303,5.992
2465,3.337,9.541
2466,3.38,4.63
2467,3.433,4.681
2468,3.38,5.767
2469,3.391,5.196
2470,3.478,5.2
2471,3.377,7.688
2472,3.386,8.58
2473,3.376,5.678
2474,3.366,4.832
2475,3.411,5.196
2476,3.39,5.889
2477,3.433,5.673
2478,3.408,5.021
2479,3.829,4.801
2480,3.861,4.858
2481,3.318,4.991
2482,3.29,9.268
2483,3.31,6.172
2484,3.368,8.676
2485,4.909,6.313
2486,3.288,6.404
2487,3.33,6.889
2488,3.387,7.681
2489,3.335,6.872
2490,3.47,6.885
2491,3.362,6.902
2492,3.321,6.824
2493,3.322,6.114
2494,3.348,7.875
2495,3.422,6.239
2496,3.416,7.899
2497,3.381,7.869
2498,3.399,6.425
2499,3.404,6.287
2500,3.36,5.65
2501,4.046,7.628
2502,3.686,6.113
2503,3.59,6.88
2504,3.644,6.286
2505,3.596,8.513
2506,3.548,8.345
2507,3.529,7.014
2508,3.507,6.648
2509,3.625,7.129
2510,3.607,8.029
2511,3.586,7.163
2512,3.59,8.222
2513,3.684,7.909
2514,3.748,7.809
2515,3.774,8.394
2516,3.795,9.441
2517,3.78,7.711
2518,3.551,9.833
2519,3.544,7.594
2520,3.558,8.884
2521,3.716,6.616
2522,3.871,9.285
2523,3.671,5.943
2524,3.672,7.584
2525,3.685,7.754
2526,3.674,5.768
2527,3.705,5.084
2528,3.625,7.008
2529,3.641,6.417
2530,3.686,8.564
2531,3.601,8.673
2532,3.583,7.669
2533,3.575,9.568
2534,3.573,6.444
2535,3.454,3.54
2536,3.505,3.453
2537,3.434,3.329
2538,3.453,3.433
2539,3.44,3.454
2540,3.479,3.228
2541,3.507,3.116
2542,3.483,3.318
2543,4.789,3.091
2544,4.568,3.116
2545,3.652,3.09
2546,3.537,3.311
2547,3.372,3.212
2548,3.381,3.307
2549,3.389,3.198
2550,3.378,3.667
2551,3.382,3.642
2552,3.388,3.505
2553,3.389,3.424
2554,3.446,3.393
2555,3.39,3.231
2556,3.385,3.312
2557,3.405,3.239
2558,3.431,3.677
2559,3.454,3.724
2560,3.434,3.302
2561,3.696,3.455
2562,3.439,3.397
2563,3.438,3.6
2564,3.481,3.713
2565,3.449,4.012
2566,3.482,3.779
2567,3.436,4.097
2568,3.415,4.115
2569,3.499,3.666
2570,3.431,4.152
2571,3.419,4.134
2572,3.415,3.609
2573,3.395,3.992
2574,3.391,4.066
2575,3.39,3.747
2576,3.397,4.08
2577,3.421,3.877
2578,3.398,4.996
2579,3.398,9.463
2580,3.412,5.929
2581,3.442,7.863
2582,3.478,7.511
2583,3.45,5.922
2584,5.113,6.176
2585,4.141,6.275
2586,4.082,6.643
2587,3.968,7.025
2588,4.011,6.903
2589,4.107,6.796
2590,3.978,6.855
2591,4.131,7.135
2592,4.251,6.967
2593,4.076,7.047
2594,4.25,6.553
2595,5.656,6.88
2596,3.947,6.53
2597,4.069,6.199
2598,4.13,6.511
2599,4.121,7.186
2600,3.996,6.262
2601,4.07,5.745
2602,3.875,5.885
2603,3.873,6.46
2604,3.863,6.323
2605,3.905,6.276
2606,3.854,6.758
2607,3.888,6.523
2608,3.937,6.508
2609,3.946,6.652
2610,3.933,5.968
2611,4.067,6.718
2612,3.915,6.132
2613,3.932,6.974
2614,3.953,6.497
2615,3.979,6.206
2616,4.162,7.516
2617,3.977,7.641
2618,4.191,6.581
2619,4.216,5.92
2620,4.178,5.902
2621,4.146,6.443
2622,4.209,6.936
2623,4.382,6.405
2624,4.132,6.925
2625,4.174,6.394
2626,4.682,6.385
2627,4.022,6.363
2628,4.239,5.835
2629,4.042,7.392
2630,4.283,7.277
2631,4.549,7.73
2632,4.298,7.056
2633,4.119,7.309
2634,4.205,7.627
2635,4.008,5.49
2636,4.214,5.281
2637,4.389,5.744
2638,4.307,4.751
2639,4.245,7.91
2640,4.223,4.734
2641,4.198,4.725
2642,4.124,5.713
2643,4.167,5.195
2644,6.826,4.834
2645,2.122,4.615
2646,4.461,5.123
2647,4.222,4.64
2648,4.267,5.045
2649,4.348,5.538
2650,4.188,4.553
2651,4.339,5.36
2652,4.178,7.455
2653,4.159,7.598
2654,4.254,6.086
2655,4.207,5.734
2656,4.321,8.37
2657,4.207,6.701
2658,4.221,7.474
2659,4.278,7.438
2660,4.143,7.125
2661,4.164,6.09
2662,4.248,6.04
2663,4.172,6.554
2664,4.316,5.868
2665,4.32,5.221
2666,4.206,4.748
2667,4.197,4.976
2668,4.211,5.103
2669,5.075,5.014
2670,4.707,4.741
2671,4.14,4.712
2672,4.576,5.273
2673,3.991,5.365
2674,4.29,4.689
2675,4.667,4.875
2676,4.412,4.786
2677,4.802,4.805
2678,4.445,4.689
2679,4.482,5.295
2680,4.266,5.676
2681,4.295,5.047
2682,4.266,4.766
2683,4.319,5.677
2684,4.458,4.691
2685,4.616,5.354
2686,4.394,5.311
2687,4.388,5.136
2688,4.426,5.472
2689,4.362,4.965
2690,4.504,5.19
2691,4.373,4.636
2692,4.327,4.731
2693,4.384,5.172
2694,4.664,5.408
2695,4.64,5.677
2696,4.347,5.08
2697,4.185,4.961
2698,4.059,5.897
2699,4.076,5.288
2700,4.263,5.437
2701,4.092,5.336
2702,4.133,5.034
2703,4.166,5.597
2704,4.221,5.655
2705,4.122,5.974
2706,4.237,5.485
2707,4.228,5.109
2708,4.254,5.559
2709,4.096,4.971
2710,4.283,4.997
2711,5.431,5.033
2712,4.079,4.966
2713,4.156,4.818
2714,4.201,7.394
2715,4.256,6.016
2716,3.999,6.27
2717,4.065,7.067
2718,4.034,6.398
2719,4.213,6.36
2720,4.419,6.756
2721,4.299,6.782
2722,4.033,6.123
2723,4.112,6.988
2724,4.275,6.325
2725,4.113,6.786
2726,4.331,7.082
2727,4.562,7.151
2728,4.245,7.16
2729,4.184,6.462
2730,4.256,6.66
2731,4.066,5.827
2732,4.125,6.568
2733,4.21,5.586
2734,4.034,6.862
2735,4.058,6.505
2736,4.37,8.219
2737,4.424,6.513
2738,4.006,6.25
2739,4.333,7.231
2740,4.072,8.818
2741,4.039,8.034
2742,4.33,7.302
2743,4.286,7.958
2744,4.104,7.497
2745,4.148,6.073
2746,4.2,5.233
2747,4.269,5.18
2748,4.068,5.465
2749,4.341,5.047
2750,4.292,4.998
2751,4.199,7.206
2752,4.274,5.641
2753,4.78,5.45
2754,4.943,6.008
2755,4.183,6.765
2756,5.984,6.693
2757,6.059,6.624
2758,5.298,5.93
2759,6.952,6.766
2760,5.027,6.696
2761,5.046,6.427
2762,4.22,5.904
2763,4.146,6.598
2764,4.523,6.557
2765,4.368,7.26
2766,4.307,6.77
2767,4.156,6.962
2768,4.133,7.44
2769,4.42,8.116
2770,4.412,6.088
2771,4.612,7.197
2772,4.612,8.824
2773,4.657,8.591
2774,4.402,7.557
2775,4.387,8.108
2776,4.235,8.93
2777,4.506,7.77
2778,4.166,8.067
2779,4.272,7.042
2780,4.294,6.983
2781,4.249,6.358
2782,4.587,6.07
2783,4.231,6.003
2784,4.289,6.664
2785,4.331,6.017
2786,4.404,6.376
2787,4.404,7.353
2788,4.462,8.583
2789,4.303,5.968
2790,4.622,5.459
2791,4.935,4.974
2792,4.881,5.105
2793,4.815,4.985
2794,4.693,5.178
2795,4.587,5.52
2796,4.376,5.163
2797,4.283,6.341
2798,4.446,4.932
2799,4.945,6.133
2800,6.876,5.151
2801,7.519,5.311
2802,4.468,5.314
2803,4.892,4.762
2804,4.731,5.014
2805,4.815,6.047
2806,4.388,6.119
2807,4.38,9.605
2808,4.313,8.856
2809,4.492,6.803
2810,4.765,5.358
2811,4.706,4.825
2812,4.434,4.826
2813,5.223,6.449
2814,4.216,6.663
2815,3.987,6.123
2816,3.959,5.628
2817,3.978,5.686
2818,3.978,5.695
2819,3.836,8.882
2820,3.746,6.617
2821,3.766,6.955
2822,3.784,7.118
2823,4.017,5.306
2824,3.779,4.818
2825,3.685,5.061
2826,3.792,4.55
2827,4.121,5.831
2828,3.598,8.668
2829,3.699,6.713
2830,3.947,8.67
2831,4.069,7.316
2832,3.993,6.366
2833,4.051,7.521
2834,3.853,6.112
2835,4.489,5.795
2836,5.595,5.452
2837,1.878,5.371
2838,6.169,5.962
2839,5.429,4.164
2840,5.804,3.686
2841,5.51,3.757
2842,5.624,5.793
2843,6.495,9.997
2844,6.69,9.581
2845,6.482,9.083
2846,5.156,6.872
2847,4.941,7.86
2848,5.287,7.227
2849,5.631,4.627
2850,5.347,3.78
2851,4.822,3.83
2852,4.984,3.719
2853,6.62,6.156
2854,5.119,7.555
2855,5.007,6.575
2856,5.1,5.442
2857,5.296,6.602
2858,5.148,7.604
2859,5.915,6.812
2860,6.122,6.861
2861,4.926,6.151
2862,4.872,6.602
2863,6.621,6.772
2864,6.473,8.654
2865,7.202,6.494
2866,4.202,6.901
2867,3.765,9.288
2868,4.082,6.796
2869,4.329,8.498
2870,3.843,6.821
2871,4.116,6.831
2872,4.012,6.428
2873,4.028,6.58
2874,4.124,6.357
2875,4.038,7.409
2876,4.233,6.504
2877,4.05,6.207
2878,3.962,6.607
2879,4.019,6.447
2880,4.211,5.636
2881,4.241,6.78
2882,4.15,7.828
2883,4.192,4.965
2884,4.265,4.405
2885,4.236,4.49
2886,4.281,4.797
2887,4.275,5.145
2888,4.211,4.894
2889,5.19,4.91
2890,3.8,4.62
2891,3.789,4.353
2892,3.69,4.476
2893,3.704,4.41
2894,4.832,4.268
2895,5.4,4.15
2896,3.977,5.173
2897,3.874,5.305
2898,3.826,4.417
2899,3.819,4.24
2900,3.891,8.195
2901,3.867,6.906
2902,3.817,9.215
2903,3.824,9.149
2904,3.814,6.117
2905,3.824,5.543
2906,3.934,6.499
2907,4.014,9.385
2908,5.941,7.304
2909,4.553,8.21
2910,4.561,7.738
2911,4.769,7.698
2912,4.892,9.462
2913,4.806,8.349
2914,4.858,7.838
2915,4.741,8.586
2916,4.589,8.224
2917,4.736,7.938
2918,4.486,6.987
2919,4.491,9.934
2920,4.487,8.145
2921,4.473,9.044
2922,4.474,9.357
2923,4.673,9.854
2924,4.665,7.575
2925,4.999,9.567
2926,5.002,8.636
2927,4.596,8.603
2928,4.636,8.779
2929,4.622,8.304
2930,4.61,8.915
2931,4.613,9.078
2932,4.651,6.267
2933,4.598,6.383
2934,4.705,6.816
2935,5.333,6.466
2936,5.773,7.117
2937,3.993,6.085
2938,3.942,7.808
2939,3.774,6.358
2940,3.582,6.347
2941,3.628,6.473
2942,3.65,6.481
2943,3.783,6.372
2944,3.935,6.035
2945,4.031,8.728
2946,3.855,8.237
2947,3.958,5.263
2948,3.85,6.984
2949,5.037,5.563
2950,5.27,5.319
2951,4.786,9.287
2952,5.112,6.64
2953,4.62,8.439
2954,4.569,8.849
2955,4.847,8.765
2956,4.784,7.512
2957,3.729,6.662
2958,3.675,5.867
2959,3.628,6.856
2960,3.555,6.344
2961,3.528,6.635
2962,3.553,7.35
2963,3.552,6.265
2964,3.578,9.025
2965,3.504,6.809
2966,3.492,8.38
2967,3.504,5.684
2968,3.54,6.335
2969,3.54,8.48
2970,3.713,7.498
2971,3.729,9.35
2972,3.675,5.136
2973,3.605,7.14
2974,3.594,7.078
2975,3.57,7.558
2976,3.61,7.145
2977,3.66,6.831
2978,3.72,6.003
2979,3.691,6.016
2980,3.646,6.544
2981,3.648,6.977
2982,3.694,6.698
2983,3.653,5.194
2984,3.653,5.007
2985,3.631,5.541
2986,3.622,4.768
2987,3.678,5.296
2988,3.582,4.525
2989,3.628,4.765
2990,6.209,4.167
2991,5.365,4.954
2992,4.513,
2993,4.313,
2994,6.096,
2995,6.801,
2996,6.771,
2997,5.688,
2998,7.403,
2999,5.149,
3000,4.964,
3001,4.059,
3002,3.57,
3003,3.642,
3004,3.693,
3005,3.578,
3006,3.497,
3007,3.521,
3008,3.596,
3009,3.37,
3010,4.247,
3011,6.215,
3012,4.934,
3013,5.198,
3014,5.774,
3015,4.376,
3016,4.214,
3017,4.077,
3018,4.14,
3019,4.362,
3020,4.399,
3021,5.44,
3022,4.836,
3023,3.955,
3024,3.625,
3025,3.647,
3026,3.37,
3027,3.334,
3028,3.36,
3029,6.311,
3030,3.825,
3031,3.85,
3032,4.5,
3033,3.94,
3034,3.432,
3035,3.434,
3036,3.377,
3037,3.586,
3038,3.443,
3039,3.556,
3040,3.942,
3041,5.472,
3042,4.531,
3043,6.46,
3044,5.981,
3045,7.195,
3046,6.206,
3047,6.609,
3048,6.059,
3049,2.617,
3050,5.136,
3051,3.944,
3052,3.609,
3053,3.546,
3054,3.413,
3055,3.437,
3056,3.387,
3057,3.338,
3058,3.433,
3059,3.513,
3060,3.488,
3061,3.478,
3062,5.455,
3063,5.546,
3064,4.336,
3065,4.076,
3066,5.876,
3067,1.578,
3068,1.612,
3069,2.367,
3070,1.85,
3071,2.523,
3072,7.523,
3073,5.55,
3074,5.13,
3075,4.266,
3076,4.218,
3077,4.042,
3078,4.249,
3079,7.223,
3080,5.701,
3081,4.195,
3082,3.842,
3083,4.6,
3084,3.887,
3085,3.916,
3086,3.633,
3087,3.62,
3088,3.313,
3089,3.255,
3090,3.314,
3091,3.25,
3092,3.694,
3093,6.903,
3094,3.702,
3095,3.5,
3096,3.467,
3097,3.537,
3098,3.435,
3099,3.639,
3100,3.804,
3101,3.706,
3102,3.735,
3103,3.795,
3104,3.742,
3105,3.901,
3106,3.952,
3107,3.701,
3108,3.68,
3109,3.644,
3110,4.531,
3111,4.941,
3112,3.983,
3113,3.769,
3114,3.536,
3115,3.822,
3116,3.644,
3117,4.732,
3118,4.55,
3119,2.492,
3120,6.592,
3121,6.917,
3122,6.474,
3123,6.565,
3124,5.417,
3125,6.288,
3126,6.196,
3127,3.828,
3128,3.581,
3129,3.375,
3130,3.544,
3131,3.636,
3132,3.824,
3133,3.711,
3134,3.617,
3135,3.288,
3136,3.27,
3137,3.344,
3138,3.253,
3139,3.225,
3140,3.447,
3141,3.759,
3142,3.69,
3143,3.343,
3144,3.314,
3145,3.264,
3146,3.289,
3147,3.369,
3148,3.496,
