,움직임(z축 X)_1,움직임(z축 X)_0
0,2.502,2.957
1,2.494,2.837
2,2.491,2.869
3,2.499,2.652
4,2.437,2.714
5,2.518,2.661
6,2.439,2.53
7,2.526,2.794
8,2.52,2.95
9,2.454,2.83
10,2.419,2.908
11,2.423,2.587
12,2.424,2.507
13,2.416,2.492
14,2.419,2.513
15,2.42,2.695
16,2.403,2.629
17,2.393,3.001
18,2.4,2.544
19,2.403,2.533
20,2.404,2.476
21,2.398,2.483
22,2.404,2.546
23,2.419,2.578
24,2.417,2.717
25,2.414,3.201
26,2.414,3.179
27,2.336,3.263
28,2.406,2.777
29,2.411,3.787
30,2.406,2.522
31,2.408,2.568
32,2.403,2.549
33,2.405,2.536
34,2.404,3.004
35,2.403,2.758
36,2.401,2.427
37,2.402,2.584
38,2.401,2.543
39,2.402,2.576
40,2.4,2.576
41,3.23,2.656
42,2.422,2.674
43,2.411,2.683
44,2.406,3.107
45,2.39,3.837
46,2.392,2.984
47,2.39,2.571
48,2.41,2.564
49,2.799,3.535
50,2.523,2.475
51,2.35,2.566
52,2.423,2.566
53,2.338,2.534
54,2.369,2.457
55,2.374,2.597
56,2.382,2.579
57,2.362,2.586
58,2.374,2.65
59,2.377,2.726
60,2.39,2.541
61,2.392,2.663
62,2.394,2.48
63,2.399,2.488
64,2.335,2.438
65,2.625,2.439
66,2.446,2.432
67,2.427,2.435
68,2.429,2.453
69,2.427,2.623
70,2.433,3.213
71,2.459,2.599
72,2.424,2.524
73,2.423,2.521
74,2.421,2.594
75,2.422,2.395
76,2.419,2.405
77,2.416,3.405
78,2.417,2.504
79,2.398,2.746
80,2.391,2.483
81,2.397,2.889
82,2.691,2.691
83,2.442,2.424
84,2.365,2.551
85,2.348,2.381
86,2.355,2.699
87,2.332,2.522
88,2.341,2.855
89,2.321,2.986
90,2.321,2.426
91,2.325,3.209
92,2.32,2.936
93,2.327,2.505
94,2.327,2.578
95,2.343,2.424
96,2.32,2.526
97,2.331,3.01
98,2.399,3.075
99,2.328,2.709
100,2.333,2.688
101,2.325,2.666
102,2.326,3.425
103,2.33,3.103
104,2.331,2.636
105,2.33,2.877
106,2.399,2.88
107,2.331,2.817
108,2.407,2.723
109,2.4,3.148
110,2.392,3.37
111,2.402,2.926
112,2.32,2.952
113,2.387,2.998
114,2.317,3.161
115,2.324,2.867
116,2.31,2.814
117,2.31,2.906
118,2.308,2.977
119,2.311,4.328
120,2.314,3.259
121,2.313,3.022
122,2.884,3.101
123,2.568,4.111
124,2.626,2.926
125,2.639,2.813
126,2.59,2.809
127,2.603,2.984
128,2.61,2.981
129,2.625,2.962
130,2.588,2.936
131,2.538,2.881
132,2.546,3.188
133,2.531,2.914
134,2.526,3.773
135,2.522,3.382
136,2.541,3.467
137,2.528,4.227
138,2.166,3.618
139,2.431,3.298
140,2.415,3.784
141,2.442,4.144
142,2.348,2.831
143,2.439,3.56
144,2.442,3.609
145,2.405,3.791
146,2.425,2.599
147,2.405,1.623
148,2.405,2.89
149,2.428,2.734
150,2.395,2.811
151,2.637,2.646
152,2.469,2.533
153,2.396,2.867
154,2.396,3.07
155,2.428,3.243
156,2.414,3.067
157,2.517,3.02
158,2.36,3.01
159,2.373,3.033
160,2.438,2.696
161,2.44,2.491
162,2.695,2.817
163,2.414,3.101
164,2.632,3.014
165,2.262,2.886
166,2.319,2.897
167,2.372,3.183
168,2.214,3.341
169,2.249,2.62
170,2.228,2.605
171,2.229,2.688
172,2.233,2.605
173,2.23,2.864
174,2.239,2.611
175,2.232,2.585
176,2.23,2.564
177,2.349,2.438
178,2.501,2.445
179,2.468,2.494
180,2.425,2.45
181,2.443,2.532
182,2.426,2.688
183,2.449,2.629
184,2.426,2.569
185,2.422,2.506
186,2.442,2.58
187,2.384,2.59
188,2.416,2.522
189,2.427,2.511
190,2.401,2.526
191,2.43,2.495
192,2.376,2.474
193,2.402,2.478
194,3.092,3.411
195,2.609,2.66
196,2.548,2.688
197,2.588,2.625
198,2.506,2.664
199,2.534,2.799
200,2.589,2.717
201,2.812,2.689
202,2.463,2.67
203,2.573,2.775
204,2.777,2.763
205,2.737,2.684
206,2.548,2.596
207,2.514,2.667
208,2.522,2.709
209,2.535,2.645
210,2.611,2.636
211,2.547,2.751
212,2.641,2.778
213,2.915,2.742
214,2.587,2.663
215,2.622,2.71
216,2.772,2.709
217,2.8,3.091
218,2.889,2.783
219,3.205,2.806
220,2.76,2.869
221,2.775,3.033
222,2.612,2.872
223,2.479,2.81
224,2.405,2.62
225,2.383,2.631
226,2.387,2.66
227,2.389,2.642
228,2.329,2.649
229,2.383,2.653
230,2.381,2.655
231,2.38,2.666
232,2.378,2.784
233,2.376,2.839
234,2.314,2.959
235,2.313,2.785
236,2.378,2.756
237,2.383,2.759
238,2.381,2.79
239,2.379,3.402
240,2.38,2.766
241,2.38,2.857
242,2.38,2.793
243,2.381,2.959
244,2.387,2.833
245,2.379,2.78
246,2.378,2.768
247,2.319,2.678
248,2.385,2.69
249,2.386,2.757
250,2.388,2.77
251,2.387,2.809
252,2.389,2.725
253,2.391,2.558
254,2.334,2.653
255,2.333,2.578
256,2.334,2.726
257,2.402,2.479
258,2.403,2.481
259,2.402,2.493
260,2.339,2.493
261,2.332,2.491
262,3.031,2.49
263,2.764,2.507
264,2.47,2.571
265,2.434,2.662
266,2.43,2.687
267,2.438,2.663
268,2.439,2.584
269,2.432,2.585
270,2.432,2.51
271,2.431,2.517
272,2.433,2.518
273,2.436,2.528
274,2.436,2.462
275,2.439,2.524
276,2.441,2.527
277,2.442,2.496
278,2.446,2.515
279,2.447,2.497
280,2.44,2.517
281,2.44,2.524
282,2.443,2.508
283,2.446,2.503
284,2.453,2.493
285,2.44,2.499
286,2.432,2.501
287,2.428,4.237
288,2.431,3.08
289,2.433,2.711
290,2.435,3.384
291,2.436,2.597
292,2.435,2.642
293,2.432,3.401
294,2.433,2.549
295,2.434,2.452
296,2.424,2.441
297,2.425,2.457
298,2.428,2.443
299,2.432,3.116
300,2.46,2.8
301,2.444,2.62
302,2.434,2.453
303,2.432,2.609
304,2.606,2.706
305,2.373,2.718
306,2.369,2.86
307,2.362,2.704
308,2.362,3.628
309,2.365,2.873
310,2.374,2.798
311,2.374,3.084
312,2.377,2.719
313,2.386,2.782
314,2.387,2.698
315,2.39,2.558
316,2.393,2.529
317,2.396,2.774
318,2.331,2.654
319,2.399,2.443
320,2.397,2.612
321,2.399,2.744
322,2.397,4.253
323,2.394,3.895
324,2.327,3.358
325,2.33,3.808
326,2.328,3.062
327,2.395,3.215
328,2.395,3.271
329,2.54,3.929
330,2.397,4.091
331,2.399,3.29
332,2.399,3.336
333,2.331,2.696
334,2.4,3.026
335,2.395,2.781
336,2.394,3.245
337,2.395,3.248
338,2.397,3.416
339,2.396,2.575
340,2.398,3.073
341,2.394,3.215
342,2.391,3.014
343,2.394,2.826
344,2.387,3.044
345,2.619,2.879
346,2.395,3.342
347,2.391,3.926
348,2.383,3.797
349,2.384,4.299
350,2.382,3.37
351,2.385,3.603
352,2.388,3.384
353,2.389,3.371
354,2.386,3.11
355,2.39,3.1
356,2.394,3.095
357,2.33,3.123
358,2.396,3.042
359,2.397,3.445
360,2.395,2.992
361,2.395,3.064
362,2.395,2.687
363,2.397,3.136
364,2.395,3.018
365,2.397,3.077
366,2.397,3.148
367,2.407,2.902
368,2.389,2.529
369,2.394,2.601
370,2.394,2.606
371,2.393,2.55
372,2.391,2.726
373,2.389,2.873
374,2.391,3.23
375,2.39,2.937
376,2.39,2.869
377,2.391,3.095
378,2.383,3.084
379,2.385,2.987
380,2.381,2.613
381,2.381,3.02
382,2.381,2.665
383,2.382,2.797
384,2.381,2.611
385,2.383,2.536
386,2.891,3.087
387,2.567,3.248
388,2.789,3.112
389,3.157,3.237
390,2.504,3.441
391,2.493,3.338
392,2.509,3.075
393,2.832,3.079
394,3.307,3.069
395,2.714,3.066
396,2.501,2.924
397,2.506,2.859
398,2.439,3.045
399,2.485,2.874
400,2.503,3.19
401,2.515,3.188
402,2.452,2.746
403,2.45,3.77
404,2.447,3.483
405,2.453,3.657
406,2.461,3.407
407,2.538,3.079
408,2.466,3.172
409,2.484,3.121
410,2.458,3.745
411,2.457,2.986
412,2.461,3.996
413,2.456,3.182
414,2.461,3.317
415,2.469,3.217
416,2.444,3.455
417,2.428,3.344
418,2.428,3.364
419,2.463,3.238
420,2.47,3.288
421,2.46,3.31
422,2.438,3.522
423,2.435,3.463
424,2.433,3.023
425,2.42,3.287
426,2.342,3.628
427,2.328,3.08
428,2.309,2.688
429,2.312,2.885
430,2.325,3.402
431,2.426,2.68
432,2.308,2.965
433,2.554,3.08
434,2.722,2.819
435,2.841,3.067
436,2.399,3.046
437,2.307,2.956
438,2.314,3.127
439,2.356,2.987
440,2.305,3.041
441,2.302,3.097
442,2.311,3.058
443,2.298,2.975
444,2.289,2.782
445,2.377,2.734
446,2.434,2.957
447,2.387,3.029
448,2.748,2.857
449,2.392,2.858
450,2.351,3.286
451,2.36,2.414
452,2.413,3.122
453,2.383,2.912
454,2.406,2.705
455,2.396,2.832
456,2.328,3.101
457,2.408,4.096
458,2.388,3.426
459,2.457,3.3
460,2.451,3.489
461,2.451,3.561
462,2.449,3.477
463,2.534,3.598
464,2.8,3.458
465,2.446,3.441
466,2.429,3.534
467,2.763,3.414
468,2.688,3.448
469,2.445,3.418
470,2.43,3.677
471,2.435,3.531
472,2.429,3.271
473,2.43,3.133
474,2.428,3.143
475,2.434,3.373
476,2.44,3.251
477,2.433,3.244
478,2.42,3.252
479,2.417,3.249
480,2.415,3.26
481,2.419,3.235
482,2.406,3.333
483,2.403,3.259
484,2.407,3.151
485,2.401,3.149
486,2.398,3.268
487,2.414,3.257
488,2.576,3.143
489,2.872,3.255
490,2.508,3.134
491,2.497,3.341
492,2.468,3.628
493,2.445,3.378
494,2.448,3.077
495,2.441,3.134
496,2.445,3.018
497,2.535,3.16
498,2.473,3.171
499,2.698,2.973
500,2.608,2.959
501,2.494,3.022
502,3.229,3.049
503,2.085,3.143
504,2.078,3.304
505,2.064,3.188
506,2.073,3.312
507,2.07,3.46
508,2.074,3.485
509,2.079,3.397
510,2.157,3.094
511,2.16,3.234
512,2.082,3.283
513,2.083,3.376
514,2.086,3.149
515,2.084,3.339
516,2.085,3.177
517,2.086,3.415
518,2.16,3.199
519,2.115,3.019
520,2.311,3.24
521,2.742,3.07
522,2.604,3.191
523,2.605,3.155
524,2.606,3.274
525,2.615,3.043
526,3.093,3.216
527,2.658,3.202
528,2.962,3.38
529,2.896,3.737
530,2.981,3.313
531,2.527,3.483
532,2.42,3.829
533,2.444,3.548
534,2.442,3.728
535,2.455,3.506
536,2.461,3.454
537,2.474,3.317
538,2.456,3.408
539,2.454,3.174
540,2.454,3.35
541,2.451,2.978
542,3.27,3.095
543,3.133,3.139
544,3.14,3.426
545,3.152,2.716
546,2.649,2.575
547,2.63,2.037
548,2.577,1.945
549,2.57,1.909
550,2.558,1.882
551,2.565,1.853
552,2.569,1.855
553,2.575,1.867
554,2.586,2.28
555,2.694,2.217
556,2.787,2.148
557,2.972,2.675
558,2.85,2.105
559,2.732,2.642
560,2.732,2.104
561,2.757,1.957
562,2.807,2.045
563,2.738,1.871
564,2.757,1.981
565,2.732,2.011
566,2.743,2.236
567,2.732,2.607
568,2.724,2.504
569,2.726,2.69
570,2.724,2.498
571,2.723,3.138
572,2.72,2.132
573,2.716,2.063
574,2.718,2.009
575,2.725,2.686
576,2.719,2.511
577,2.718,2.443
578,2.716,2.624
579,2.713,2.212
580,2.709,2.073
581,2.71,2.032
582,2.708,2.043
583,2.708,1.913
584,2.731,1.962
585,2.905,1.878
586,2.634,1.998
587,2.626,1.954
588,2.633,1.96
589,2.778,2.5
590,2.37,2.857
591,2.371,3.301
592,2.384,2.474
593,2.382,2.303
594,2.39,2.807
595,2.397,2.599
596,2.4,2.602
597,2.408,2.49
598,2.411,2.87
599,2.418,2.833
600,2.379,2.668
601,2.388,2.488
602,2.378,2.438
603,2.374,2.431
604,2.386,2.799
605,2.373,2.631
606,2.377,2.357
607,2.368,2.274
608,2.389,2.334
609,2.375,2.457
610,2.37,2.805
611,2.37,2.747
612,2.382,4.102
613,2.393,2.23
614,2.448,2.289
615,2.383,2.107
616,2.367,2.043
617,2.365,2.17
618,2.354,2.774
619,2.362,2.481
620,2.358,2.497
621,2.367,2.372
622,2.361,2.346
623,2.363,2.367
624,2.362,2.365
625,2.371,2.004
626,2.374,2.027
627,2.378,2.243
628,2.366,2.356
629,2.39,2.452
630,2.373,2.334
631,2.829,2.328
632,2.38,2.29
633,2.275,2.378
634,2.819,2.549
635,2.141,3.216
636,2.153,2.907
637,2.21,2.63
638,2.426,2.325
639,2.91,2.493
640,2.398,2.483
641,2.238,2.486
642,2.571,2.413
643,2.242,2.173
644,2.488,2.379
645,2.359,2.884
646,2.147,2.413
647,2.315,2.265
648,2.863,2.201
649,2.24,2.457
650,2.028,2.611
651,2.023,2.323
652,3.313,2.26
653,2.735,2.715
654,1.908,2.51
655,1.9,2.448
656,2.007,2.667
657,1.99,2.281
658,2.425,2.406
659,2.368,2.405
660,1.899,2.315
661,1.954,2.254
662,2.274,2.342
663,2.198,2.24
664,2.641,2.408
665,3.133,2.288
666,2.557,2.232
667,2.457,2.531
668,2.34,2.236
669,2.32,2.288
670,2.328,2.325
671,2.316,2.545
672,2.323,2.405
673,3.093,2.542
674,3.042,2.281
675,3.055,2.28
676,1.939,3.397
677,2.673,3.463
678,2.443,3.857
679,2.8,2.861
680,2.315,2.874
681,2.1,2.963
682,2.191,2.99
683,1.989,2.925
684,1.864,2.901
685,1.914,2.673
686,1.937,2.933
687,1.946,3.313
688,1.922,2.646
689,1.873,2.83
690,1.875,2.513
691,1.877,2.644
692,1.878,2.743
693,1.877,2.662
694,1.931,2.265
695,1.932,2.585
696,1.882,2.774
697,2.145,2.862
698,1.809,2.841
699,1.811,2.758
700,1.815,3.059
701,1.824,2.806
702,1.83,3.312
703,1.833,2.843
704,1.883,2.443
705,1.887,2.581
706,1.836,2.538
707,1.903,2.49
708,1.917,2.574
709,1.884,2.646
710,1.833,2.422
711,1.833,2.494
712,1.838,2.774
713,1.887,2.668
714,1.88,2.811
715,1.833,2.64
716,1.885,2.404
717,2.056,2.32
718,1.891,2.549
719,1.888,2.396
720,1.889,2.549
721,1.883,2.455
722,2.08,2.295
723,1.856,2.477
724,1.915,2.697
725,1.913,2.946
726,1.855,3.28
727,1.859,2.878
728,1.916,2.808
729,1.867,2.793
730,1.898,2.478
731,1.944,2.731
732,1.94,3.061
733,1.943,3.051
734,1.958,2.899
735,2.028,3.014
736,2.074,2.95
737,1.926,2.762
738,1.915,2.407
739,1.956,2.698
740,1.893,2.553
741,1.896,3.213
742,1.953,3.288
743,1.898,3.166
744,1.895,3.159
745,1.897,3.257
746,1.955,3.02
747,1.896,2.693
748,1.953,2.683
749,2.122,2.649
750,2.038,2.5
751,1.937,2.898
752,1.93,2.889
753,1.934,2.732
754,1.937,2.959
755,1.885,3.037
756,1.937,2.535
757,1.939,2.826
758,1.886,2.893
759,1.887,3.017
760,1.941,2.79
761,1.942,3.027
762,1.99,3.308
763,2.059,3.497
764,1.879,3.65
765,1.931,3.343
766,1.934,2.559
767,1.98,2.629
768,1.946,2.423
769,1.881,2.327
770,1.882,2.703
771,1.939,3.217
772,1.95,2.499
773,1.911,2.522
774,1.956,2.534
775,1.895,2.498
776,1.886,2.45
777,1.94,2.753
778,1.886,2.734
779,1.907,2.739
780,1.839,2.615
781,1.887,2.507
782,1.885,2.577
783,1.884,2.558
784,1.885,2.644
785,1.905,2.571
786,1.897,2.599
787,1.896,2.841
788,1.958,2.681
789,1.986,2.432
790,1.942,2.404
791,1.949,2.392
792,1.944,2.496
793,1.889,2.63
794,1.891,2.444
795,1.952,3.205
796,1.907,2.671
797,1.913,2.626
798,1.856,2.512
799,1.918,2.49
800,1.916,2.554
801,1.914,2.616
802,1.927,2.491
803,1.932,2.396
804,1.936,2.667
805,2.812,2.426
806,2.497,2.525
807,3.315,2.54
808,2.38,2.626
809,2.395,2.502
810,2.4,2.674
811,2.407,2.579
812,2.408,2.69
813,2.49,2.64
814,2.455,2.706
815,2.53,2.609
816,2.515,2.511
817,2.443,2.446
818,2.443,2.421
819,2.455,2.469
820,2.486,2.792
821,2.522,2.9
822,2.514,2.829
823,2.488,2.84
824,2.459,2.596
825,2.465,2.398
826,2.473,2.32
827,2.464,2.407
828,2.466,2.426
829,2.467,2.421
830,2.469,2.329
831,2.469,2.334
832,2.463,2.419
833,2.462,2.456
834,2.462,2.536
835,2.473,2.509
836,2.667,2.443
837,2.669,2.444
838,2.737,2.215
839,2.455,2.217
840,2.452,2.299
841,2.454,2.229
842,2.531,2.313
843,2.465,2.336
844,2.491,2.256
845,2.773,2.246
846,2.387,2.33
847,2.383,2.249
848,2.394,2.329
849,2.756,2.252
850,2.809,2.178
851,2.776,2.333
852,2.879,2.336
853,2.87,2.315
854,2.561,2.441
855,2.485,2.303
856,2.453,2.216
857,2.548,2.285
858,2.622,2.208
859,2.527,2.31
860,2.61,2.32
861,2.629,2.378
862,2.6,2.382
863,2.623,2.299
864,2.582,2.305
865,2.582,2.382
866,2.588,2.297
867,2.602,2.372
868,2.605,2.46
869,2.625,2.371
870,2.627,2.373
871,2.621,2.374
872,2.579,2.293
873,2.583,2.38
874,2.591,2.292
875,2.603,2.811
876,2.601,2.365
877,2.598,2.445
878,2.586,2.257
879,2.594,2.555
880,2.595,2.506
881,2.603,2.964
882,2.602,3.016
883,2.604,2.981
884,2.617,3.083
885,2.617,2.964
886,2.66,3.115
887,2.642,2.94
888,3.116,3.002
889,2.549,3.085
890,2.996,3.181
891,2.619,3.019
892,2.906,3.126
893,2.949,2.987
894,3.088,3.13
895,2.667,3.098
896,2.628,3.064
897,2.605,3.063
898,2.598,3.098
899,2.607,3.098
900,2.597,3.078
901,2.6,3.231
902,2.682,3.623
903,2.683,2.448
904,2.619,2.519
905,2.617,2.537
906,2.612,2.456
907,2.608,2.468
908,2.618,2.503
909,2.832,2.505
910,2.811,2.534
911,2.656,2.578
912,2.698,2.51
913,2.81,2.45
914,2.769,2.611
915,2.682,2.572
916,2.676,2.649
917,2.63,2.655
918,2.723,2.528
919,2.71,2.619
920,2.725,2.539
921,2.647,2.52
922,2.661,2.591
923,2.675,2.5
924,2.742,2.496
925,2.337,2.914
926,2.062,2.711
927,2.18,2.62
928,2.188,2.79
929,2.101,2.493
930,2.182,2.535
931,2.246,2.445
932,2.028,2.64
933,2.088,2.694
934,2.121,2.676
935,2.351,3.002
936,2.227,2.544
937,2.441,2.687
938,2.507,2.624
939,2.284,2.957
940,2.279,2.75
941,2.299,2.646
942,2.198,2.826
943,2.064,2.593
944,2.033,2.845
945,2.026,2.618
946,2.022,2.634
947,2.029,2.832
948,2.027,2.556
949,2.033,2.801
950,2.031,2.886
951,2.034,2.394
952,2.117,2.475
953,2.18,2.912
954,2.075,2.357
955,2.903,2.498
956,2.104,2.555
957,2.08,2.642
958,2.1,2.839
959,2.165,2.216
960,2.309,2.635
961,2.086,2.991
962,2.077,2.532
963,2.08,2.526
964,3.246,2.437
965,2.339,2.441
966,2.375,2.527
967,2.689,2.524
968,2.56,2.528
969,2.454,2.57
970,3.155,2.634
971,2.538,2.768
972,2.915,2.365
973,2.16,2.367
974,1.99,2.507
975,2.006,2.513
976,1.993,2.43
977,2.341,2.437
978,2.765,2.534
979,2.031,2.559
980,1.965,3.3
981,2.028,3.215
982,2.461,3.811
983,2.754,2.771
984,2.252,2.604
985,1.98,2.603
986,2.004,2.831
987,2.131,3.128
988,2.8,2.942
989,2.717,2.973
990,2.636,3.459
991,2.957,3.644
992,2.623,2.824
993,2.385,2.91
994,2.396,2.616
995,2.551,2.63
996,2.622,2.562
997,2.6,2.613
998,2.728,3.44
999,2.619,3.489
1000,2.538,3.17
1001,2.628,3.08
1002,2.889,2.758
1003,2.732,2.809
1004,2.773,2.892
1005,2.562,3.155
1006,2.497,2.677
1007,2.701,2.741
1008,2.627,3.126
1009,2.348,3.56
1010,2.455,3.018
1011,2.427,3.159
1012,2.815,3.427
1013,3.246,3.197
1014,2.154,3.343
1015,2.232,3.126
1016,2.246,2.988
1017,2.373,3.244
1018,2.286,2.96
1019,2.134,3.099
1020,2.151,3.075
1021,3.163,2.974
1022,2.038,3.493
1023,2.301,3.268
1024,2.498,2.97
1025,2.18,3.114
1026,2.185,2.925
1027,2.192,2.916
1028,2.348,3.302
1029,2.003,3.13
1030,2.431,3.059
1031,2.619,3.249
1032,2.354,3.222
1033,2.36,3.494
1034,2.129,3.048
1035,2.077,3.228
1036,2.043,3.738
1037,2.113,3.367
1038,2.104,3.389
1039,2.135,2.902
1040,2.545,3.295
1041,2.184,3.487
1042,2.749,3.101
1043,2.613,3.384
1044,2.388,3.101
1045,2.287,3.403
1046,2.777,3.358
1047,2.681,3.095
1048,2.967,3.015
1049,2.745,3.263
1050,2.82,2.839
1051,2.593,3.298
1052,2.783,3.501
1053,2.517,3.537
1054,2.527,3.402
1055,2.51,3.097
1056,2.548,3.385
1057,2.509,3.16
1058,2.548,3.554
1059,2.635,2.491
1060,2.526,4.173
1061,2.636,3.222
1062,2.688,3.347
1063,2.675,3.222
1064,2.735,4.145
1065,2.518,3.057
1066,2.591,2.476
1067,2.446,2.268
1068,2.451,2.962
1069,2.517,2.303
1070,2.587,2.293
1071,2.705,2.526
1072,2.72,2.508
1073,2.8,2.155
1074,2.852,1.989
1075,2.761,2.048
1076,2.718,2.487
1077,2.881,2.778
1078,2.642,2.665
1079,2.706,3.448
1080,2.884,3.032
1081,2.696,2.321
1082,2.668,2.604
1083,2.664,2.187
1084,2.623,2.238
1085,2.656,2.111
1086,2.797,2.181
1087,2.719,2.139
1088,2.802,2.719
1089,2.813,2.107
1090,2.727,2.722
1091,2.86,2.165
1092,2.57,2.441
1093,2.547,2.488
1094,2.442,2.222
1095,2.44,2.436
1096,2.437,2.476
1097,2.432,2.527
1098,2.429,2.359
1099,2.444,2.27
1100,2.459,2.585
1101,2.42,2.531
1102,2.414,2.2
1103,2.412,2.193
1104,2.411,3.126
1105,2.411,2.31
1106,2.416,2.467
1107,2.413,2.225
1108,2.416,2.572
1109,2.407,2.318
1110,2.407,3.025
1111,2.394,2.972
1112,2.397,3.377
1113,2.402,2.559
1114,2.401,2.86
1115,2.403,2.938
1116,2.407,3.171
1117,2.41,3.517
1118,2.489,3.572
1119,2.477,3.003
1120,2.405,2.247
1121,2.425,2.28
1122,2.414,2.227
1123,2.441,2.567
1124,2.421,3.653
1125,2.427,2.579
1126,2.423,2.893
1127,2.427,2.29
1128,2.412,3.077
1129,2.392,2.887
1130,2.394,3.709
1131,2.394,3.622
1132,2.397,2.843
1133,2.736,2.457
1134,2.637,2.374
1135,2.638,2.346
1136,2.591,2.465
1137,2.53,2.599
1138,2.589,3.02
1139,2.641,2.486
1140,2.709,2.671
1141,2.546,2.56
1142,2.585,2.661
1143,2.548,2.628
1144,2.576,2.691
1145,2.581,2.579
1146,2.582,2.528
1147,2.592,2.577
1148,2.527,2.564
1149,2.49,2.603
1150,2.495,2.655
1151,2.44,2.689
1152,2.51,2.782
1153,2.503,2.814
1154,2.434,2.964
1155,2.432,2.356
1156,2.433,2.364
1157,2.444,2.583
1158,2.452,2.38
1159,2.441,2.403
1160,2.442,2.477
1161,2.441,2.434
1162,2.442,2.439
1163,2.436,2.441
1164,2.501,2.432
1165,2.446,2.445
1166,2.503,2.426
1167,2.516,2.418
1168,2.434,2.392
1169,2.434,2.331
1170,2.501,2.413
1171,2.511,2.75
1172,2.501,3.254
1173,2.523,2.807
1174,2.719,3.101
1175,2.367,2.252
1176,2.293,2.289
1177,2.308,2.315
1178,2.364,2.255
1179,2.305,2.457
1180,2.322,2.391
1181,2.33,2.406
1182,2.323,2.25
1183,2.298,2.359
1184,2.28,2.386
1185,2.325,2.318
1186,2.276,2.351
1187,2.265,2.344
1188,2.264,2.35
1189,2.285,2.366
1190,2.303,2.379
1191,2.301,2.349
1192,2.284,2.339
1193,2.388,2.388
1194,2.669,2.337
1195,2.411,2.388
1196,2.312,2.276
1197,2.333,2.335
1198,2.32,2.301
1199,2.412,2.309
1200,2.302,2.427
1201,2.303,2.303
1202,2.289,2.301
1203,2.385,2.382
1204,2.296,2.488
1205,2.288,2.462
1206,2.289,2.39
1207,2.299,2.406
1208,2.298,2.297
1209,2.304,2.32
1210,2.302,2.485
1211,2.331,2.412
1212,2.316,2.375
1213,2.32,2.443
1214,2.31,2.353
1215,2.302,2.393
1216,2.57,2.243
1217,2.46,2.449
1218,2.331,2.785
1219,2.297,2.762
1220,2.326,3.837
1221,2.326,3.9
1222,2.331,3.831
1223,2.341,3.667
1224,2.393,3.584
1225,2.402,3.445
1226,2.403,3.44
1227,2.571,3.62
1228,2.481,3.392
1229,2.426,3.249
1230,2.346,3.558
1231,2.316,3.57
1232,2.413,3.591
1233,2.414,3.43
1234,2.724,3.389
1235,2.562,3.86
1236,2.862,3.433
1237,2.457,3.657
1238,2.449,3.87
1239,2.716,3.537
1240,2.65,3.959
1241,2.584,4.001
1242,2.437,3.505
1243,2.534,3.317
1244,2.707,3.712
1245,2.47,3.734
1246,2.471,3.529
1247,2.403,3.81
1248,2.597,3.777
1249,2.686,3.75
1250,2.582,3.7
1251,2.932,3.329
1252,3.02,3.202
1253,2.55,3.23
1254,2.521,3.197
1255,2.526,3.162
1256,2.475,3.175
1257,2.516,3.27
1258,2.523,3.14
1259,2.527,3.149
1260,2.592,3.215
1261,2.373,3.08
1262,2.567,3.115
1263,2.577,3.226
1264,2.679,3.357
1265,2.63,3.148
1266,2.429,3.188
1267,2.513,2.908
1268,2.417,3.076
1269,2.455,3.139
1270,2.539,3.087
1271,2.464,2.86
1272,2.447,2.988
1273,2.437,2.889
1274,2.611,3.003
1275,2.513,2.814
1276,2.746,2.805
1277,2.721,3.045
1278,2.833,3.383
1279,2.46,3.001
1280,2.549,3.034
1281,2.392,2.875
1282,2.518,3.231
1283,2.469,3.364
1284,2.454,3.585
1285,2.538,3.307
1286,2.462,3.348
1287,2.527,3.242
1288,2.468,3.243
1289,2.539,3.199
1290,2.543,3.233
1291,2.624,3.395
1292,2.47,3.577
1293,2.402,3.75
1294,2.436,3.46
1295,2.451,3.58
1296,2.511,3.648
1297,2.594,3.422
1298,2.518,3.267
1299,2.424,3.515
1300,2.51,3.258
1301,3.291,3.32
1302,2.889,3.324
1303,2.992,3.378
1304,3.186,3.321
1305,3.034,3.222
1306,2.931,3.301
1307,2.829,4.255
1308,2.832,2.907
1309,2.831,2.788
1310,2.846,2.977
1311,2.934,2.9
1312,2.924,2.936
1313,2.938,3.039
1314,3.306,3.022
1315,3.188,2.974
1316,2.723,2.96
1317,2.759,2.884
1318,2.75,3.12
1319,3.178,3.154
1320,2.461,3.027
1321,2.661,2.944
1322,2.589,2.95
1323,2.593,2.955
1324,2.615,2.955
1325,2.621,2.954
1326,2.631,3.009
1327,2.686,2.9
1328,2.68,3.134
1329,2.64,2.939
1330,2.656,3.017
1331,2.775,3.281
1332,2.967,3.215
1333,3.069,3.105
1334,2.77,3.05
1335,2.659,2.989
1336,2.719,3.108
1337,2.647,3.346
1338,2.717,3.242
1339,2.652,3.055
1340,2.64,3.222
1341,2.65,3.239
1342,2.975,3.217
1343,2.759,3.187
1344,2.6,3.211
1345,2.667,3.414
1346,2.602,3.054
1347,2.666,3.015
1348,2.602,3.055
1349,2.597,3.063
1350,2.618,3.161
1351,2.675,3.096
1352,2.816,3.094
1353,2.446,3.163
1354,2.522,3.258
1355,2.696,2.941
1356,2.698,3.058
1357,2.701,3.377
1358,2.619,3.258
1359,2.627,3.25
1360,2.727,3.361
1361,2.642,3.034
1362,2.646,3.1
1363,2.645,3.135
1364,2.645,3.11
1365,2.648,3.232
1366,2.664,3.338
1367,2.675,3.178
1368,2.67,3.29
1369,2.681,3.517
1370,2.703,3.975
1371,2.773,2.892
1372,2.779,3.003
1373,2.706,3.021
1374,2.726,3.004
1375,2.732,3.164
1376,2.586,2.931
1377,2.598,3.018
1378,2.585,3.042
1379,2.588,3.119
1380,2.611,3.395
1381,3.177,3.099
1382,2.993,3.626
1383,2.826,3.701
1384,2.434,2.749
1385,2.51,3.007
1386,2.465,3.214
1387,2.595,3.389
1388,2.757,2.902
1389,3.008,3.001
1390,2.646,3.112
1391,2.591,3.254
1392,2.527,3.117
1393,2.593,2.897
1394,2.533,3.108
1395,2.685,3.012
1396,2.611,3.033
1397,2.922,3.23
1398,2.803,3.289
1399,2.67,3.495
1400,2.761,2.95
1401,2.688,3.006
1402,3.192,2.921
1403,3.23,3.187
1404,3.224,3.655
1405,3.247,3.259
1406,3.262,3.053
1407,3.176,2.859
1408,3.251,3.299
1409,3.161,4.15
1410,3.299,3.822
1411,3.205,3.456
1412,3.112,3.392
1413,2.976,3.413
1414,2.814,3.154
1415,2.86,3.197
1416,3.054,3.699
1417,2.64,3.056
1418,2.94,3.376
1419,2.752,3.211
1420,2.645,3.396
1421,2.739,3.063
1422,2.651,3.519
1423,2.748,3.339
1424,2.74,3.381
1425,2.757,2.985
1426,2.594,2.852
1427,2.584,3.007
1428,2.666,3.602
1429,2.58,3.111
1430,2.793,3.36
1431,2.595,3.814
1432,2.237,3.523
1433,2.586,2.872
1434,2.63,2.67
1435,2.715,3.328
1436,2.706,3.649
1437,2.623,3.504
1438,2.539,3.712
1439,2.728,3.431
1440,2.641,3.493
1441,2.737,3.71
1442,2.412,3.675
1443,2.373,3.595
1444,2.186,3.584
1445,2.157,3.377
1446,2.304,3.481
1447,2.123,3.762
1448,2.155,3.639
1449,2.63,3.641
1450,2.622,3.669
1451,2.115,3.615
1452,2.255,3.789
1453,2.139,3.538
1454,2.088,3.541
1455,2.029,3.451
1456,2.074,3.289
1457,2.414,3.532
1458,2.696,3.034
1459,2.67,2.96
1460,2.609,2.939
1461,2.674,2.851
1462,2.871,3.506
1463,2.314,3.284
1464,2.12,3.101
1465,2.111,3.525
1466,2.172,3.108
1467,2.213,3.636
1468,2.431,3.428
1469,2.224,3.486
1470,2.517,3.314
1471,2.293,3.482
1472,2.176,3.318
1473,2.373,3.218
1474,2.449,3.373
1475,2.299,3.282
1476,2.243,3.343
1477,2.339,4.153
1478,2.278,3.516
1479,2.371,3.505
1480,2.275,3.404
1481,2.278,3.403
1482,2.162,3.031
1483,2.163,3.102
1484,2.224,3.966
1485,2.592,3.27
1486,2.307,3.29
1487,2.317,3.536
1488,2.296,3.336
1489,2.494,3.725
1490,2.197,3.495
1491,2.225,3.457
1492,2.136,3.348
1493,2.182,3.563
1494,2.33,3.672
1495,2.424,3.41
1496,2.455,3.964
1497,2.327,3.874
1498,2.225,3.554
1499,2.239,4.31
1500,2.259,3.454
1501,2.695,3.262
1502,2.731,3.178
1503,2.752,3.804
1504,2.612,3.335
1505,2.836,3.572
1506,2.612,3.936
1507,2.463,3.926
1508,2.319,3.299
1509,2.326,3.979
1510,2.307,3.483
1511,2.313,3.491
1512,2.168,3.452
1513,2.112,3.932
1514,2.271,3.51
1515,2.422,3.525
1516,2.209,3.257
1517,2.207,3.58
1518,2.053,3.755
1519,2.153,3.585
1520,2.357,3.731
1521,2.213,3.591
1522,2.325,3.28
1523,2.112,4.043
1524,2.153,3.311
1525,2.218,2.642
1526,2.147,2.526
1527,2.199,2.584
1528,2.199,2.963
1529,2.127,2.539
1530,2.081,2.403
1531,2.122,2.825
1532,2.131,3.446
1533,2.125,3.297
1534,2.335,3.206
1535,2.271,3.07
1536,2.545,3.214
1537,2.28,2.999
1538,2.333,3.46
1539,2.424,3.267
1540,2.402,2.633
1541,2.422,3.043
1542,3.24,2.936
1543,3.151,2.719
1544,3.071,2.633
1545,3.149,2.808
1546,3.154,3.084
1547,3.035,2.937
1548,3.247,2.681
1549,3.267,3.315
1550,3.081,2.386
1551,3.151,2.769
1552,3.13,2.911
1553,3.243,2.447
1554,3.022,2.309
1555,3.128,2.168
1556,3.238,2.197
1557,3.244,2.226
1558,3.14,2.217
1559,3.122,2.51
1560,3.123,2.615
1561,3.255,2.657
1562,3.12,2.494
1563,3.123,2.476
1564,3.228,2.783
1565,3.218,2.342
1566,3.116,2.13
1567,3.234,2.457
1568,3.218,2.361
1569,3.112,3.126
1570,3.193,2.656
1571,3.195,2.971
1572,3.184,2.588
1573,3.074,2.316
1574,3.189,2.589
1575,3.193,2.42
1576,3.199,2.725
1577,3.218,2.655
1578,3.302,2.5
1579,3.203,2.54
1580,3.174,2.577
1581,3.188,2.529
1582,3.085,2.615
1583,3.263,2.722
1584,3.126,2.679
1585,2.866,2.601
1586,2.974,2.633
1587,3.009,2.162
1588,3.279,2.573
1589,3.27,2.59
1590,3.149,2.837
1591,3.031,2.959
1592,2.904,2.772
1593,3.028,2.478
1594,3.08,2.674
1595,2.801,2.6
1596,2.595,2.748
1597,2.821,2.842
1598,3.151,2.661
1599,3.104,2.81
1600,3.194,2.667
1601,3.181,2.311
1602,3.284,2.484
1603,3.089,2.366
1604,2.869,2.615
1605,2.698,2.581
1606,2.721,2.352
1607,2.682,2.228
1608,2.814,2.95
1609,3.025,2.675
1610,2.874,2.765
1611,2.807,2.456
1612,2.878,2.541
1613,2.952,2.205
1614,2.73,2.276
1615,2.879,2.867
1616,2.799,3.13
1617,2.859,2.968
1618,2.758,3.259
1619,2.773,3.56
1620,2.784,3.485
1621,2.817,3.626
1622,2.772,3.442
1623,3.283,3.458
1624,2.891,3.438
1625,2.835,3.403
1626,3.054,3.432
1627,2.699,3.465
1628,2.484,3.486
1629,3.053,3.387
1630,2.711,3.502
1631,2.726,3.464
1632,3.0,3.295
1633,2.879,3.106
1634,2.918,2.661
1635,3.177,2.832
1636,2.841,3.661
1637,2.605,3.473
1638,2.534,3.866
1639,2.56,3.724
1640,2.682,3.532
1641,2.931,4.198
1642,3.217,3.765
1643,3.22,3.82
1644,3.22,3.869
1645,3.215,4.206
1646,3.098,3.677
1647,3.213,3.939
1648,3.213,3.828
1649,3.201,3.987
1650,3.091,3.785
1651,3.309,4.294
1652,3.309,3.645
1653,3.193,4.006
1654,3.195,3.64
1655,3.193,3.748
1656,3.217,4.113
1657,3.223,4.21
1658,3.242,3.453
1659,3.129,3.902
1660,3.224,3.852
1661,3.207,3.531
1662,3.192,3.663
1663,3.198,3.72
1664,3.214,3.319
1665,3.204,3.115
1666,3.213,3.24
1667,3.21,3.468
1668,3.207,3.386
1669,3.219,3.16
1670,3.208,3.307
1671,3.203,2.892
1672,3.21,2.809
1673,3.207,2.949
1674,3.213,2.919
1675,3.212,2.923
1676,3.215,3.129
1677,3.105,2.989
1678,3.209,3.017
1679,3.21,3.566
1680,3.215,3.359
1681,3.145,3.483
1682,3.118,3.291
1683,3.296,2.989
1684,3.132,2.675
1685,3.111,2.513
1686,3.278,2.56
1687,3.271,2.829
1688,2.954,2.749
1689,3.309,2.937
1690,3.271,2.909
1691,2.897,2.711
1692,3.047,2.588
1693,2.91,2.594
1694,2.984,2.674
1695,3.048,2.634
1696,2.984,2.493
1697,3.096,2.65
1698,3.262,2.695
1699,3.086,2.672
1700,3.148,2.697
1701,3.129,2.752
1702,3.285,2.648
1703,3.273,2.648
1704,3.248,2.522
1705,3.274,2.778
1706,3.264,3.765
1707,3.261,3.172
1708,3.153,2.843
1709,3.165,3.271
1710,3.279,2.955
1711,3.277,3.923
1712,3.267,3.55
1713,3.273,3.7
1714,3.266,3.631
1715,3.266,2.835
1716,3.274,3.535
1717,3.269,3.434
1718,3.272,3.517
1719,3.285,3.115
1720,3.293,3.07
1721,3.302,3.597
1722,3.201,3.301
1723,3.3,3.637
1724,3.086,3.223
1725,3.115,3.569
1726,3.229,3.871
1727,3.137,4.071
1728,3.24,3.414
1729,3.217,3.305
1730,3.209,2.628
1731,3.217,3.288
1732,3.115,3.701
1733,3.202,3.716
1734,3.314,3.283
1735,3.233,3.272
1736,3.313,3.095
1737,3.306,3.187
1738,3.102,3.405
1739,3.05,3.67
1740,3.029,3.091
1741,3.074,3.589
1742,2.92,3.98
1743,2.812,3.228
1744,3.121,3.65
1745,2.982,3.379
1746,2.884,3.203
1747,2.828,3.101
1748,2.5,3.912
1749,2.61,3.023
1750,2.519,3.409
1751,3.03,3.768
1752,2.639,3.421
1753,2.905,3.419
1754,3.007,3.375
1755,2.74,3.345
1756,2.74,3.244
1757,2.751,3.364
1758,2.827,3.364
1759,2.432,3.489
1760,2.486,3.236
1761,2.889,3.495
1762,3.026,3.682
1763,2.926,3.487
1764,3.008,3.224
1765,2.897,3.37
1766,2.812,3.147
1767,3.004,3.17
1768,3.015,3.363
1769,2.991,3.522
1770,2.66,3.388
1771,2.723,3.512
1772,2.725,2.74
1773,2.64,3.333
1774,2.557,3.455
1775,2.513,3.456
1776,2.447,2.879
1777,3.041,3.822
1778,2.664,3.535
1779,2.822,3.323
1780,2.832,2.821
1781,2.744,3.023
1782,2.757,2.839
1783,2.738,3.087
1784,2.612,3.554
1785,2.717,3.085
1786,2.63,3.144
1787,2.505,3.134
1788,2.72,3.363
1789,2.882,3.312
1790,2.838,3.458
1791,2.731,3.487
1792,2.634,3.698
1793,2.704,3.684
1794,2.654,3.817
1795,2.714,3.522
1796,2.731,3.424
1797,2.778,3.444
1798,2.845,3.426
1799,3.047,3.359
1800,2.72,3.471
1801,2.658,3.291
1802,2.79,3.494
1803,2.671,3.435
1804,2.695,3.329
1805,2.726,3.25
1806,2.617,3.276
1807,2.693,3.415
1808,2.659,3.552
1809,2.678,3.463
1810,2.684,3.278
1811,2.614,3.409
1812,2.621,3.486
1813,2.699,3.338
1814,3.087,3.397
1815,3.227,3.516
1816,2.71,3.32
1817,3.081,3.33
1818,2.92,3.371
1819,2.836,2.989
1820,2.833,3.033
1821,2.945,2.835
1822,2.937,2.462
1823,3.037,2.599
1824,2.581,2.345
1825,2.475,2.684
1826,3.027,2.474
1827,2.479,2.486
1828,2.555,2.478
1829,2.891,2.661
1830,2.889,2.724
1831,2.892,2.83
1832,2.902,2.687
1833,2.998,2.401
1834,2.935,2.556
1835,2.913,2.574
1836,2.921,2.53
1837,2.814,2.711
1838,2.719,2.505
1839,2.812,2.432
1840,2.812,2.511
1841,2.637,2.654
1842,2.722,2.452
1843,2.916,3.014
1844,2.817,2.467
1845,2.769,2.467
1846,2.737,2.381
1847,2.67,2.466
1848,2.583,2.518
1849,2.571,2.709
1850,2.836,2.812
1851,2.821,2.801
1852,2.563,2.568
1853,3.019,2.466
1854,2.815,2.338
1855,2.818,2.417
1856,2.648,2.352
1857,2.732,2.784
1858,2.739,2.447
1859,2.507,2.517
1860,2.824,2.438
1861,2.739,2.528
1862,2.7,3.148
1863,2.319,2.642
1864,2.247,2.634
1865,2.306,2.623
1866,2.379,2.724
1867,2.662,2.625
1868,2.657,2.63
1869,2.727,2.61
1870,2.967,2.601
1871,2.773,2.701
1872,2.456,2.518
1873,2.487,2.601
1874,2.507,2.601
1875,2.634,2.612
1876,2.547,2.604
1877,2.512,2.6
1878,2.653,2.603
1879,2.5,2.61
1880,3.189,2.614
1881,2.788,2.608
1882,2.459,2.604
1883,2.902,2.649
1884,3.024,2.627
1885,2.987,2.6
1886,3.026,2.607
1887,2.926,2.687
1888,3.065,2.577
1889,3.084,2.548
1890,3.029,2.781
1891,2.974,2.924
1892,3.062,2.85
1893,3.0,2.944
1894,3.056,2.697
1895,2.979,2.84
1896,2.852,2.745
1897,2.872,2.752
1898,2.932,2.774
1899,2.929,2.735
1900,2.933,2.87
1901,2.895,2.754
1902,3.036,2.707
1903,2.882,2.865
1904,3.088,2.784
1905,2.978,2.857
1906,2.96,2.896
1907,2.899,2.818
1908,2.848,2.842
1909,2.91,2.835
1910,2.911,2.691
1911,2.776,2.902
1912,2.77,2.901
1913,2.841,2.545
1914,2.936,2.73
1915,2.848,2.778
1916,2.74,2.534
1917,2.656,2.67
1918,2.836,2.566
1919,2.85,2.533
1920,2.581,3.048
1921,2.856,2.643
1922,2.829,2.653
1923,2.946,2.649
1924,2.902,2.764
1925,2.789,2.59
1926,2.883,2.683
1927,2.775,2.71
1928,2.791,2.637
1929,2.784,2.761
1930,2.792,2.742
1931,2.799,2.652
1932,2.795,2.652
1933,2.797,2.628
1934,2.897,2.734
1935,2.905,2.654
1936,2.898,2.674
1937,2.803,2.658
1938,2.908,2.658
1939,2.811,2.806
1940,2.807,2.748
1941,2.908,2.948
1942,2.912,2.826
1943,2.914,2.83
1944,2.732,2.834
1945,2.932,2.75
1946,2.812,2.665
1947,2.816,2.791
1948,2.912,2.812
1949,2.845,2.867
1950,2.894,2.98
1951,2.792,2.744
1952,2.799,2.937
1953,2.538,2.777
1954,2.795,3.045
1955,2.629,2.934
1956,2.62,2.919
1957,2.802,2.901
1958,2.792,2.982
1959,2.706,2.749
1960,2.634,3.047
1961,2.359,2.886
1962,2.636,2.75
1963,2.503,2.799
1964,2.84,2.892
1965,3.18,2.906
1966,3.115,2.817
1967,3.123,2.621
1968,3.127,2.593
1969,2.849,2.646
1970,2.855,2.652
1971,3.129,2.657
1972,2.866,2.603
1973,3.155,2.84
1974,3.237,2.636
1975,3.306,2.631
1976,2.895,2.777
1977,3.235,2.728
1978,3.142,2.848
1979,3.116,2.68
1980,3.148,3.021
1981,3.204,2.861
1982,3.158,2.864
1983,2.827,2.692
1984,2.936,2.819
1985,2.975,2.892
1986,2.873,2.841
1987,2.963,2.811
1988,2.869,3.017
1989,2.87,2.848
1990,2.874,2.802
1991,2.885,2.938
1992,2.89,2.937
1993,2.882,2.775
1994,2.749,2.744
1995,2.805,2.671
1996,2.877,2.751
1997,2.867,2.509
1998,2.883,2.624
1999,2.871,2.72
2000,2.773,2.621
2001,2.872,2.637
2002,2.978,2.702
2003,2.837,2.577
2004,2.433,2.695
2005,2.471,2.797
2006,2.686,2.786
2007,2.829,2.615
2008,2.835,2.631
2009,2.756,2.704
2010,2.83,2.701
2011,2.827,2.646
2012,2.855,2.687
2013,3.123,2.661
2014,2.83,2.753
2015,2.868,2.579
2016,2.962,2.599
2017,2.845,2.71
2018,2.845,2.63
2019,2.851,2.603
2020,2.864,2.627
2021,2.863,2.653
2022,2.85,2.594
2023,2.856,2.678
2024,2.861,2.597
2025,2.833,2.684
2026,2.833,2.646
2027,2.841,2.517
2028,2.844,2.61
2029,2.776,2.695
2030,2.853,3.12
2031,2.852,2.765
2032,2.941,2.763
2033,2.905,2.761
2034,2.956,2.768
2035,2.829,2.777
2036,2.798,2.688
2037,3.232,2.79
2038,2.807,2.702
2039,2.809,2.71
2040,2.808,2.809
2041,2.81,2.715
2042,2.805,2.709
2043,2.803,2.806
2044,2.903,2.812
2045,2.904,2.721
2046,3.119,3.078
2047,2.819,2.925
2048,2.787,2.928
2049,2.307,2.935
2050,2.236,2.963
2051,2.287,2.911
2052,2.35,2.913
2053,2.286,2.812
2054,2.349,2.923
2055,2.287,3.035
2056,2.363,2.926
2057,2.428,2.815
2058,2.298,2.92
2059,2.357,2.817
2060,2.181,2.986
2061,2.365,2.853
2062,2.372,2.954
2063,2.321,2.843
2064,2.445,2.933
2065,2.264,2.948
2066,2.454,2.923
2067,2.334,2.934
2068,2.271,2.829
2069,2.208,2.723
2070,2.203,2.826
2071,2.324,2.839
2072,2.384,2.841
2073,2.505,2.892
2074,2.514,3.195
2075,2.506,2.783
2076,2.749,2.688
2077,2.684,2.806
2078,2.58,2.711
2079,2.577,2.792
2080,2.577,2.692
2081,2.506,2.792
2082,2.307,2.818
2083,2.664,3.05
2084,2.594,2.754
2085,2.828,2.794
2086,2.515,3.167
2087,2.511,2.709
2088,2.421,2.756
2089,2.498,3.069
2090,2.573,3.171
2091,2.493,2.996
2092,2.487,2.996
2093,2.495,3.109
2094,2.502,3.435
2095,2.482,3.503
2096,2.48,3.763
2097,2.478,2.58
2098,2.545,2.523
2099,2.453,2.504
2100,2.466,3.846
2101,2.462,3.845
2102,2.38,3.824
2103,2.461,3.317
2104,2.461,3.341
2105,2.448,3.08
2106,2.45,3.063
2107,2.449,3.254
2108,2.536,3.037
2109,2.561,3.112
2110,2.474,3.374
2111,2.461,3.537
2112,2.462,3.497
2113,2.386,3.638
2114,2.464,3.999
2115,2.55,3.451
2116,2.462,3.683
2117,2.463,3.782
2118,2.467,3.624
2119,2.457,2.732
2120,2.457,2.902
2121,2.461,2.76
2122,2.473,2.73
2123,2.563,2.738
2124,2.464,2.816
2125,2.557,2.712
2126,2.545,2.819
2127,2.469,2.781
2128,2.644,2.795
2129,2.381,2.801
2130,2.105,2.699
2131,2.128,3.024
2132,2.38,2.702
2133,2.655,2.703
2134,2.305,2.831
2135,2.532,2.646
2136,2.34,3.107
2137,2.138,2.862
2138,2.133,3.028
2139,2.139,2.782
2140,2.127,2.398
2141,2.121,3.756
2142,2.123,2.819
2143,2.064,2.949
2144,2.065,2.609
2145,2.126,2.825
2146,2.069,3.101
2147,2.071,2.807
2148,2.071,2.996
2149,2.062,2.933
2150,2.085,2.717
2151,2.179,2.941
2152,2.183,2.728
2153,2.181,2.9
2154,2.116,2.964
2155,2.132,2.98
2156,2.121,2.695
2157,2.18,3.53
2158,2.11,3.532
2159,2.177,3.149
2160,2.175,3.443
2161,2.06,3.4
2162,2.126,3.828
2163,2.043,3.179
2164,2.046,2.843
2165,2.044,3.419
2166,2.049,2.72
2167,2.047,2.626
2168,2.048,2.88
2169,2.103,3.081
2170,2.108,2.904
2171,2.103,2.884
2172,2.04,3.382
2173,2.046,2.72
2174,2.107,2.583
2175,2.109,2.565
2176,2.106,2.615
2177,2.113,2.598
2178,2.271,2.58
2179,2.057,2.608
2180,2.053,2.529
2181,2.059,2.589
2182,2.061,2.6
2183,2.038,2.537
2184,2.028,2.535
2185,2.031,2.622
2186,2.035,2.625
2187,2.034,2.684
2188,2.036,2.583
2189,2.039,2.622
2190,2.04,2.579
2191,2.041,2.615
2192,2.044,2.537
2193,2.046,2.935
2194,2.046,3.165
2195,2.045,2.779
2196,2.04,2.59
2197,2.041,2.699
2198,2.039,2.932
2199,2.046,2.549
2200,2.045,2.865
2201,2.044,2.875
2202,2.052,2.738
2203,2.052,2.896
2204,2.041,2.954
2205,2.034,2.808
2206,2.036,2.813
2207,2.036,2.676
2208,2.042,2.801
2209,2.031,3.016
2210,2.041,2.682
2211,2.039,2.69
2212,2.043,2.53
2213,2.046,2.714
2214,2.038,2.749
2215,2.04,2.665
2216,2.042,2.716
2217,2.039,2.77
2218,2.036,3.089
2219,2.471,2.892
2220,2.235,2.79
2221,2.263,2.913
2222,2.345,2.751
2223,2.647,2.684
2224,2.258,2.595
2225,2.266,2.778
2226,2.268,2.633
2227,2.352,2.575
2228,2.263,2.641
2229,2.234,2.603
2230,2.235,2.946
2231,2.229,2.667
2232,2.243,2.585
2233,2.239,2.678
2234,2.228,2.65
2235,2.233,2.605
2236,2.227,2.58
2237,2.223,2.585
2238,2.377,2.618
2239,2.237,2.597
2240,2.222,2.543
2241,2.222,2.68
2242,2.232,2.662
2243,2.234,2.614
2244,2.22,2.567
2245,2.226,2.644
2246,2.218,2.566
2247,2.214,2.606
2248,2.233,2.98
2249,2.392,2.997
2250,2.241,2.558
2251,2.41,2.743
2252,2.276,2.722
2253,2.173,2.706
2254,2.245,3.033
2255,2.212,2.657
2256,2.198,2.598
2257,2.194,2.704
2258,2.179,2.732
2259,2.194,2.747
2260,2.204,2.718
2261,2.261,3.021
2262,2.507,2.628
2263,2.265,2.484
2264,2.179,2.498
2265,2.402,2.778
2266,2.343,2.65
2267,2.357,3.274
2268,2.37,2.739
2269,2.389,3.436
2270,2.4,2.752
2271,2.379,2.771
2272,2.442,2.931
2273,2.41,3.261
2274,2.329,2.889
2275,2.295,3.092
2276,2.406,3.393
2277,2.402,2.952
2278,2.389,3.102
2279,2.379,3.841
2280,2.345,3.966
2281,2.416,3.445
2282,2.666,3.366
2283,2.618,3.656
2284,2.575,4.104
2285,2.703,3.367
2286,2.508,3.777
2287,2.595,3.757
2288,2.534,3.424
2289,2.455,3.939
2290,2.647,3.593
2291,2.551,3.673
2292,2.706,3.291
2293,2.481,3.317
2294,2.593,3.571
2295,2.483,3.672
2296,2.624,3.49
2297,2.546,3.572
2298,2.532,3.295
2299,2.458,3.438
2300,2.439,3.454
2301,2.457,3.322
2302,2.652,3.32
2303,2.668,3.316
2304,2.547,3.491
2305,2.281,3.877
2306,2.263,3.251
2307,2.283,3.346
2308,2.353,3.635
2309,2.449,3.386
2310,2.205,3.327
2311,2.219,3.893
2312,2.21,3.681
2313,2.192,3.5
2314,2.205,3.377
2315,2.206,3.517
2316,2.206,3.397
2317,2.207,3.622
2318,2.28,3.571
2319,2.284,3.643
2320,2.261,3.47
2321,2.198,3.301
2322,2.201,3.143
2323,2.203,3.132
2324,2.205,3.149
2325,2.21,3.4
2326,2.206,3.151
2327,2.207,3.249
2328,2.803,3.339
2329,2.455,3.254
2330,2.43,3.174
2331,2.225,3.333
2332,2.197,3.267
2333,2.202,3.159
2334,2.208,3.364
2335,2.3,3.11
2336,2.298,3.22
2337,2.295,3.268
2338,2.309,3.044
2339,2.207,3.213
2340,2.2,3.52
2341,2.201,3.379
2342,2.213,3.268
2343,2.272,3.213
2344,2.179,3.085
2345,2.176,3.346
2346,2.283,3.164
2347,2.163,3.808
2348,2.173,3.527
2349,2.442,3.193
2350,2.324,3.238
2351,2.237,3.342
2352,2.238,3.165
2353,2.235,3.27
2354,2.236,3.306
2355,2.232,3.23
2356,2.235,3.368
2357,2.251,3.202
2358,2.261,3.201
2359,2.28,3.201
2360,2.276,3.767
2361,2.27,3.362
2362,2.275,3.088
2363,2.274,3.325
2364,2.184,3.845
2365,2.184,3.533
2366,2.184,3.054
2367,2.186,3.254
2368,2.185,3.676
2369,2.185,3.528
2370,2.308,3.105
2371,2.252,3.514
2372,2.182,3.353
2373,2.186,3.327
2374,2.185,3.52
2375,2.184,3.381
2376,2.183,3.284
2377,2.248,3.377
2378,2.183,3.194
2379,2.186,3.402
2380,2.19,3.329
2381,2.191,3.376
2382,2.19,3.263
2383,2.19,3.406
2384,2.255,3.256
2385,2.257,3.358
2386,2.257,3.143
2387,2.258,3.428
2388,2.192,3.183
2389,2.193,3.258
2390,2.245,3.404
2391,2.641,3.304
2392,2.406,3.28
2393,2.405,3.178
2394,2.402,3.538
2395,2.409,3.311
2396,2.409,3.25
2397,2.413,3.315
2398,2.416,3.1
2399,2.423,3.228
2400,2.426,3.253
2401,2.437,3.163
2402,2.49,3.326
2403,2.489,3.266
2404,2.485,3.245
2405,2.456,3.221
2406,2.45,3.264
2407,2.447,3.133
2408,2.443,3.356
2409,2.444,3.055
2410,2.44,3.076
2411,2.442,3.367
2412,2.467,3.122
2413,2.442,3.268
2414,2.434,3.2
2415,2.436,3.008
2416,2.438,3.21
2417,2.452,3.339
2418,2.434,3.163
2419,2.436,3.485
2420,2.452,3.228
2421,2.459,3.089
2422,2.468,3.561
2423,2.461,3.278
2424,2.445,2.885
2425,2.44,2.838
2426,2.443,2.843
2427,2.448,2.846
2428,2.447,2.822
2429,2.449,2.778
2430,2.452,2.873
2431,2.449,2.9
2432,2.447,2.574
2433,2.709,2.739
2434,2.488,2.69
2435,2.465,2.85
2436,2.44,2.842
2437,2.442,2.749
2438,2.448,2.821
2439,2.441,2.755
2440,2.438,2.904
2441,2.439,2.647
2442,2.44,2.517
2443,2.437,2.668
2444,2.44,2.703
2445,2.445,2.547
2446,2.445,2.633
2447,2.462,2.661
2448,2.459,2.733
2449,2.447,2.789
2450,2.438,2.672
2451,2.435,2.723
2452,2.435,2.796
2453,2.441,2.724
2454,2.47,2.735
2455,2.445,2.746
2456,2.443,2.969
2457,2.447,2.898
2458,2.446,3.006
2459,2.444,2.796
2460,2.444,2.783
2461,2.443,2.979
2462,2.451,2.771
2463,2.445,2.926
2464,2.45,3.459
2465,2.453,2.618
2466,2.482,3.114
2467,2.455,3.029
2468,2.461,3.106
2469,2.459,2.907
2470,2.456,2.777
2471,2.453,3.073
2472,2.459,2.842
2473,2.455,3.097
2474,2.453,2.76
2475,2.741,2.779
2476,2.683,2.998
2477,2.472,2.7
2478,2.467,2.573
2479,2.463,2.64
2480,2.463,2.64
2481,2.467,2.86
2482,2.469,2.165
2483,2.468,2.253
2484,2.474,2.416
2485,2.472,3.382
2486,2.474,3.05
2487,2.472,2.764
2488,2.473,2.851
2489,2.473,2.964
2490,2.47,3.068
2491,2.471,3.077
2492,2.475,3.112
2493,2.536,3.072
2494,2.484,3.251
2495,2.485,3.272
2496,2.489,3.115
2497,2.493,3.079
2498,2.497,3.028
2499,2.496,3.029
2500,2.49,2.962
2501,2.521,3.118
2502,2.485,3.227
2503,2.484,3.138
2504,2.485,2.917
2505,2.487,2.806
2506,2.488,3.065
2507,2.488,2.87
2508,2.489,2.762
2509,2.486,3.584
2510,2.485,2.248
2511,2.481,2.434
2512,2.479,2.553
2513,2.482,2.383
2514,2.496,2.378
2515,2.482,2.752
2516,2.702,2.815
2517,2.466,2.505
2518,2.46,2.321
2519,2.436,2.401
2520,2.473,2.496
2521,2.443,2.581
2522,2.414,2.318
2523,2.421,2.19
2524,2.439,2.204
2525,2.414,2.157
2526,2.435,2.82
2527,3.031,2.43
2528,2.408,2.856
2529,2.419,2.738
2530,2.4,2.572
2531,2.408,2.96
2532,2.404,3.178
2533,2.411,2.736
2534,2.397,2.474
2535,2.405,2.814
2536,2.391,2.59
2537,2.401,2.785
2538,2.408,2.843
2539,2.418,2.58
2540,2.429,2.744
2541,2.428,2.82
2542,2.413,2.559
2543,2.418,2.572
2544,2.422,2.502
2545,2.428,2.827
2546,2.433,2.619
2547,2.453,2.725
2548,2.425,2.677
2549,2.43,3.296
2550,2.513,3.284
2551,2.501,2.822
2552,2.451,2.721
2553,2.479,2.512
2554,2.486,2.857
2555,2.448,2.41
2556,2.426,3.498
2557,2.427,2.981
2558,2.742,2.783
2559,2.403,2.92
2560,2.416,3.099
2561,2.378,3.436
2562,2.371,2.834
2563,2.444,3.393
2564,2.452,3.163
2565,2.447,2.998
2566,2.469,2.67
2567,2.379,3.137
2568,2.458,2.746
2569,2.455,2.993
2570,2.457,3.17
2571,2.394,2.616
2572,2.426,2.654
2573,2.378,2.75
2574,2.38,2.855
2575,2.381,2.935
2576,3.033,3.125
2577,2.536,2.655
2578,2.354,3.218
2579,2.351,2.533
2580,2.426,2.101
2581,2.344,1.935
2582,2.353,1.935
2583,2.349,1.942
2584,2.337,1.947
2585,2.334,1.94
2586,2.339,1.886
2587,2.411,1.997
2588,2.345,1.887
2589,2.345,1.885
2590,2.369,1.889
2591,2.377,1.948
2592,2.359,1.945
2593,2.369,2.012
2594,2.366,1.95
2595,2.419,2.204
2596,2.42,2.134
2597,2.35,2.138
2598,2.356,2.071
2599,2.375,2.073
2600,2.577,1.96
2601,2.449,2.024
2602,2.407,1.97
2603,2.415,2.236
2604,2.394,2.283
2605,2.374,2.016
2606,2.38,2.078
2607,2.38,2.084
2608,2.39,2.218
2609,2.382,2.291
2610,2.385,2.45
2611,2.381,2.289
2612,2.384,2.548
2613,2.379,2.553
2614,2.378,2.218
2615,2.381,2.54
2616,2.385,2.549
2617,2.381,2.221
2618,2.381,2.457
2619,2.377,2.465
2620,2.399,2.3
2621,2.416,2.547
2622,2.373,2.378
2623,2.378,2.647
2624,2.377,4.064
2625,2.38,3.414
2626,2.363,3.876
2627,2.39,3.723
2628,2.373,3.367
2629,2.367,3.489
2630,2.365,3.36
2631,2.445,3.488
2632,2.365,3.358
2633,2.356,3.388
2634,2.355,3.394
2635,2.358,3.479
2636,2.361,3.593
2637,2.361,3.361
2638,2.348,3.455
2639,2.35,3.271
2640,2.341,3.48
2641,2.417,3.367
2642,2.706,3.374
2643,2.377,3.402
2644,2.415,3.478
2645,2.493,3.318
2646,2.374,3.238
2647,2.319,3.332
2648,2.312,3.439
2649,2.307,3.448
2650,2.418,3.521
2651,2.439,3.539
2652,2.392,3.674
2653,2.339,3.965
2654,2.342,3.824
2655,2.336,3.458
2656,2.368,3.697
2657,2.353,3.73
2658,2.421,3.702
2659,2.347,3.553
2660,2.328,3.561
2661,2.339,3.664
2662,2.354,3.564
2663,2.341,3.442
2664,2.327,3.574
2665,2.326,3.474
2666,2.324,3.526
2667,2.342,3.517
2668,2.33,3.315
2669,2.319,3.555
2670,2.345,3.698
2671,2.327,3.523
2672,2.301,3.446
2673,2.317,3.443
2674,2.338,3.514
2675,2.308,3.951
2676,2.307,4.21
2677,2.314,3.704
2678,2.311,3.922
2679,2.305,4.268
2680,2.302,3.102
2681,2.32,2.814
2682,2.316,3.132
2683,2.34,2.743
2684,2.467,3.514
2685,2.201,2.818
2686,1.992,3.013
2687,2.173,2.958
2688,2.349,2.922
2689,2.382,2.927
2690,2.684,2.972
2691,2.128,3.123
2692,2.086,2.881
2693,2.064,2.882
2694,2.059,3.076
2695,2.065,2.904
2696,2.069,2.915
2697,2.075,3.418
2698,2.048,3.387
2699,2.055,3.046
2700,2.066,3.118
2701,2.09,3.591
2702,2.056,3.292
2703,2.146,3.193
2704,2.075,3.312
2705,2.101,3.596
2706,2.05,3.114
2707,2.052,3.165
2708,2.07,2.995
2709,2.055,3.072
2710,2.048,3.009
2711,2.051,2.846
2712,2.054,2.878
2713,2.059,3.037
2714,2.059,2.975
2715,2.069,2.87
2716,2.078,2.879
2717,2.081,2.984
2718,2.083,3.018
2719,2.079,2.989
2720,2.07,2.892
2721,2.078,2.904
2722,2.269,2.941
2723,2.226,2.881
2724,2.106,3.076
2725,2.117,3.12
2726,2.222,2.922
2727,2.04,2.909
2728,2.09,3.321
2729,2.095,2.943
2730,2.146,3.134
2731,2.47,3.105
2732,3.067,2.956
2733,2.07,3.082
2734,2.147,2.958
2735,2.132,2.979
2736,2.127,2.876
2737,2.12,2.917
2738,2.091,2.882
2739,2.094,3.1
2740,2.107,3.088
2741,2.095,3.075
2742,2.103,2.987
2743,2.115,3.668
2744,2.209,3.226
2745,2.129,3.163
2746,2.099,3.188
2747,2.101,3.157
2748,2.095,3.16
2749,2.083,3.185
2750,2.089,3.366
2751,2.083,3.136
2752,2.089,3.164
2753,2.114,3.052
2754,2.17,3.025
2755,2.102,2.982
2756,2.086,3.159
2757,2.105,2.972
2758,2.166,3.19
2759,2.081,3.923
2760,2.063,4.094
2761,2.079,4.129
2762,2.091,4.146
2763,2.111,3.886
2764,2.099,4.107
2765,2.066,4.193
2766,2.182,3.942
2767,2.424,4.118
2768,2.442,4.122
2769,2.286,4.071
2770,2.272,4.017
2771,2.283,4.149
2772,2.452,4.012
2773,2.217,3.948
2774,2.552,3.978
2775,2.415,3.799
2776,2.153,4.035
2777,2.244,3.779
2778,2.23,4.227
2779,2.238,4.14
2780,2.253,3.854
2781,2.181,3.526
2782,2.176,3.604
2783,2.76,3.868
2784,2.264,3.767
2785,2.213,3.366
2786,2.231,3.199
2787,2.239,4.049
2788,2.315,3.907
2789,2.455,3.885
2790,2.328,3.449
2791,2.073,3.459
2792,1.998,3.466
2793,2.492,3.11
2794,2.414,3.271
2795,2.793,3.742
2796,3.257,3.418
2797,2.858,3.406
2798,2.632,3.615
2799,2.678,3.751
2800,2.725,3.508
2801,2.647,3.634
2802,2.646,3.35
2803,2.651,3.648
2804,2.657,3.626
2805,2.666,3.666
2806,2.67,3.21
2807,2.665,3.494
2808,2.666,3.878
2809,2.676,3.273
2810,2.679,3.558
2811,2.683,3.723
2812,2.69,3.686
2813,2.691,4.098
2814,2.685,3.682
2815,2.687,3.958
2816,2.693,3.495
2817,2.694,3.749
2818,2.696,3.455
2819,2.695,3.722
2820,3.056,4.272
2821,2.552,3.708
2822,2.506,3.666
2823,2.511,3.521
2824,2.511,3.533
2825,2.727,3.522
2826,2.724,3.582
2827,2.625,3.516
2828,2.608,3.686
2829,2.605,3.649
2830,2.612,3.723
2831,2.616,3.923
2832,2.614,4.024
2833,2.617,3.547
2834,2.614,3.335
2835,2.622,3.32
2836,2.621,3.383
2837,2.636,3.336
2838,2.629,3.465
2839,3.114,3.624
2840,2.719,3.501
2841,2.639,3.653
2842,2.65,3.315
2843,2.652,3.336
2844,2.698,3.056
2845,2.673,3.063
2846,2.671,3.071
2847,2.659,3.058
2848,2.651,3.097
2849,2.658,3.195
2850,2.65,3.311
2851,2.649,3.143
2852,2.649,3.335
2853,2.645,2.853
2854,2.656,2.674
2855,2.732,2.737
2856,2.654,2.576
2857,2.658,3.205
2858,2.671,3.227
2859,2.671,3.358
2860,2.648,3.149
2861,2.65,2.938
2862,2.645,3.149
2863,2.657,3.748
2864,2.663,2.973
2865,2.656,3.197
2866,2.653,3.195
2867,2.782,3.118
2868,2.955,3.093
2869,2.502,3.111
2870,2.49,3.151
2871,2.535,3.329
2872,2.482,3.733
2873,2.491,3.165
2874,2.487,3.585
2875,2.498,3.023
2876,2.505,3.648
2877,2.501,3.829
2878,2.498,3.75
2879,2.504,3.176
2880,2.582,3.241
2881,3.0,3.198
2882,2.921,3.288
2883,2.816,3.185
2884,3.028,2.55
2885,2.884,2.514
2886,2.866,2.538
2887,2.895,2.848
2888,3.064,3.786
2889,2.467,3.732
2890,2.446,3.357
2891,2.433,3.106
2892,2.435,3.239
2893,2.425,3.176
2894,2.429,2.996
2895,2.427,2.552
2896,2.432,2.625
2897,2.429,2.54
2898,2.43,3.17
2899,2.431,2.749
2900,2.435,2.662
2901,2.428,3.401
2902,2.435,3.24
2903,2.43,2.819
2904,2.428,3.031
2905,2.432,3.236
2906,2.425,3.488
2907,2.427,3.607
2908,2.433,3.357
2909,2.432,3.315
2910,2.442,3.341
2911,2.445,3.485
2912,2.445,3.613
2913,2.445,3.47
2914,2.448,3.491
2915,2.448,3.346
2916,2.454,3.292
2917,2.452,3.302
2918,2.448,3.226
2919,2.451,4.139
2920,2.457,3.476
2921,2.459,3.44
2922,2.825,3.253
2923,2.809,3.374
2924,2.769,3.255
2925,2.726,3.523
2926,2.505,3.217
2927,2.717,2.997
2928,2.897,3.322
2929,3.193,3.354
2930,2.534,2.778
2931,2.701,3.489
2932,2.402,3.68
2933,2.394,3.221
2934,2.402,3.199
2935,2.412,3.212
2936,2.403,3.345
2937,2.392,3.243
2938,2.395,3.229
2939,2.398,3.188
2940,2.31,3.213
2941,2.559,3.228
2942,2.737,3.255
2943,3.039,3.171
2944,3.05,3.224
2945,2.476,3.222
2946,2.445,3.325
2947,2.451,3.212
2948,2.454,3.204
2949,2.462,3.12
2950,2.453,3.326
2951,2.666,3.118
2952,2.607,3.495
2953,2.54,2.911
2954,2.519,2.719
2955,2.443,2.623
2956,2.384,2.766
2957,2.39,3.316
2958,2.403,2.973
2959,2.441,3.343
2960,2.396,3.712
2961,2.55,3.83
2962,2.418,3.931
2963,2.368,3.768
2964,2.388,3.914
2965,2.363,3.931
2966,2.391,3.707
2967,2.31,3.837
2968,2.363,3.806
2969,2.441,3.889
2970,2.471,3.672
2971,3.163,3.939
2972,2.594,4.127
2973,2.878,4.197
2974,2.916,3.979
2975,2.708,3.424
2976,3.191,3.53
2977,2.832,3.289
2978,2.46,3.283
2979,2.466,4.056
2980,2.422,3.866
2981,2.405,3.859
2982,2.399,3.943
2983,2.419,3.977
2984,2.34,4.216
2985,2.4,4.07
2986,2.406,4.129
2987,2.407,3.242
2988,2.403,3.241
2989,2.908,3.535
2990,2.48,3.414
2991,2.702,3.342
2992,2.652,3.031
2993,3.019,4.2
2994,2.528,3.309
2995,2.577,3.453
2996,2.429,3.236
2997,2.418,3.238
2998,2.399,3.324
2999,2.425,3.396
3000,2.689,3.392
3001,2.497,3.912
3002,3.09,2.978
3003,2.496,2.926
3004,2.467,2.952
3005,2.584,2.51
3006,2.5,2.574
3007,2.438,2.853
3008,2.423,3.045
3009,2.407,3.074
3010,2.406,2.937
3011,2.413,3.481
3012,2.417,3.101
3013,2.418,3.439
3014,2.429,3.087
3015,2.65,2.866
3016,2.447,3.298
3017,2.384,2.66
3018,2.395,3.145
3019,2.394,2.987
3020,2.341,3.123
3021,2.348,3.136
3022,2.401,3.2
3023,2.394,2.592
3024,2.392,2.95
3025,2.397,3.145
3026,2.393,3.127
3027,2.394,3.283
3028,2.396,2.618
3029,2.394,2.99
3030,2.4,3.268
3031,2.403,3.198
3032,3.246,2.748
3033,2.501,2.963
3034,2.405,2.931
3035,2.408,2.651
3036,2.409,3.333
3037,2.409,3.61
3038,2.354,3.146
3039,2.537,3.109
3040,3.1,3.12
3041,3.219,3.188
3042,2.66,2.978
3043,2.796,3.098
3044,2.341,3.007
3045,2.391,3.023
3046,2.313,2.941
3047,2.377,3.206
3048,2.51,
3049,2.681,
3050,2.608,
3051,2.532,
3052,2.311,
3053,2.304,
3054,2.303,
3055,2.298,
3056,2.294,
3057,2.398,
3058,2.523,
3059,2.447,
3060,2.316,
3061,2.311,
3062,2.304,
3063,2.3,
3064,2.304,
3065,2.328,
