,놀람_1,놀람_0
0,0.0,0.0003125
1,0.0,0.0
2,0.0,0.0
3,0.0,0.0
4,0.0011764705882352,0.0
5,0.0,0.0
6,0.0,0.0068571428571428
7,0.0,0.002
8,0.0,0.0
9,0.0,0.0
10,0.0,0.0002777777777777
11,0.0005714285714285,0.0036111111111111
12,0.0,0.0037142857142857
13,0.0,0.0008333333333333
14,0.0,0.0
15,0.0,0.0
16,0.0,0.0
17,0.0,0.0
18,0.0,0.0
19,0.0011428571428571,0.0
20,0.0008571428571428,0.0
21,0.0,0.0
22,0.0,0.0002857142857142
23,0.0,0.01
24,0.0022857142857142,0.0042857142857142
25,0.0002857142857142,0.0166666666666666
26,0.0028571428571428,0.0086666666666666
27,0.0039999999999999,0.0073333333333333
28,0.0011111111111111,0.0053571428571428
29,0.0011428571428571,0.0052631578947368
30,0.0008571428571428,0.0057575757575757
31,0.0008571428571428,0.0031428571428571
32,0.0002857142857142,0.0022222222222222
33,0.0005714285714285,0.0211111111111111
34,0.0008571428571428,0.0
35,0.0002857142857142,0.0041935483870967
36,0.0,0.0148571428571428
37,0.0,0.0019444444444444
38,0.0,0.0037142857142857
39,0.0,0.0022857142857142
40,0.0,0.0189655172413793
41,0.0,0.0197142857142857
42,0.0,0.0
43,0.0074285714285714,0.0
44,0.006,0.0
45,0.0068571428571428,0.0090625
46,0.0082857142857142,0.0
47,0.0,0.0
48,0.0,0.0
49,0.0,0.0005882352941176
50,0.0031428571428571,0.0155555555555555
51,0.0008571428571428,0.0108571428571428
52,0.0054285714285714,0.0083333333333333
53,0.0005714285714285,0.0048
54,0.0002857142857142,0.0
55,0.0,0.0
56,0.0,0.0
57,0.0,0.0
58,0.0,0.0002857142857142
59,0.0,0.0008571428571428
60,0.0,0.0005714285714285
61,0.0,0.0013888888888888
62,0.0,0.0037142857142857
63,0.0,0.0105714285714285
64,0.0,0.0069444444444444
65,0.0,0.0063888888888888
66,0.0,0.0022222222222222
67,0.0,0.0017142857142857
68,0.0,0.0031428571428571
69,0.0011428571428571,0.0002777777777777
70,0.0034285714285714,0.0
71,0.0,0.0
72,0.0,0.0002777777777777
73,0.0,0.0
74,0.0,0.0008333333333333
75,0.0,0.0013888888888888
76,0.0,0.0008571428571428
77,0.0,0.0086666666666666
78,0.0008571428571428,0.0
79,0.0005714285714285,0.0
80,0.0002857142857142,0.0
81,0.0003125,0.0008571428571428
82,0.0039999999999999,0.0054285714285714
83,0.0,0.0
84,0.0,0.0053125
85,0.0022222222222222,0.0071428571428571
86,0.0,0.0302857142857142
87,0.0025,0.0005555555555555
88,0.0019444444444444,0.0077777777777777
89,0.0038888888888888,0.0094444444444444
90,0.0025,0.0044444444444444
91,0.0002777777777777,0.0511111111111111
92,0.0002777777777777,0.0217647058823529
93,0.0,0.0094444444444444
94,0.0,0.0054838709677419
95,0.0,0.0066666666666666
96,0.0002777777777777,0.0005263157894736
97,0.0014285714285714,0.0010526315789473
98,0.0,0.0
99,0.0,0.0005263157894736
100,0.0,0.0005555555555555
101,0.0,0.0012
102,0.0,0.0006060606060606
103,0.0002777777777777,0.0068571428571428
104,0.0005555555555555,0.0038888888888888
105,0.0,0.0279166666666666
106,0.0,0.0566666666666666
107,0.0002857142857142,0.0213333333333333
108,0.0,0.0196428571428571
109,0.0,0.026
110,0.0,0.0022222222222222
111,0.0,0.0125
112,0.0,0.0154545454545454
113,0.0011111111111111,0.0125925925925925
114,0.0011111111111111,0.0003571428571428
115,0.0,0.0057142857142857
116,0.0,0.0
117,0.0002777777777777,0.0020833333333333
118,0.0052777777777777,0.0003571428571428
119,0.0,0.0
120,0.0008333333333333,0.0034782608695652
121,0.0,0.0126923076923076
122,0.0002857142857142,0.004375
123,0.0,0.0102941176470588
124,0.0,0.008
125,0.0,0.0006060606060606
126,0.0,0.0
127,0.0,0.0134615384615384
128,0.0,0.0097058823529411
129,0.0,0.0029411764705882
130,0.0,0.0
131,0.0,0.0003030303030303
132,0.0,0.0002941176470588
133,0.0,0.0005882352941176
134,0.0,0.0
135,0.0002857142857142,0.0
136,0.0011428571428571,0.0
137,0.0,0.0
138,0.0,0.0041935483870967
139,0.0,0.0017241379310344
140,0.0,0.0
141,0.0,0.0
142,0.0,0.0
143,0.0005714285714285,0.0311764705882352
144,0.0,0.0
145,0.0,0.0
146,0.0,0.011875
147,0.0,0.0069696969696969
148,0.0,0.0
149,0.0,0.0
150,0.0,0.0
151,0.0,0.0027272727272727
152,0.0,0.0033333333333333
153,0.0,0.0009523809523809
154,0.0,0.029090909090909
155,0.0,0.0
156,0.0,0.0022222222222222
157,0.0005714285714285,0.0075
158,0.0002777777777777,0.0
159,0.0,0.02
160,0.0,0.0
161,0.0,0.0233333333333333
162,0.0,0.02
163,0.0,0.0025
164,0.0,0.0023529411764705
165,0.0,0.033125
166,0.0023529411764705,0.0433333333333333
167,0.0020588235294117,0.0172727272727272
168,0.0,0.0209999999999999
169,0.0,0.0
170,0.0,0.013
171,0.0,0.0
172,0.0017142857142857,0.0
173,0.0011428571428571,0.0
174,0.0008571428571428,0.0096551724137931
175,0.0,0.0003125
176,0.0,0.0
177,0.0028571428571428,0.0003030303030303
178,0.0111428571428571,0.0
179,0.0,0.0094117647058823
180,0.0002857142857142,0.0235483870967742
181,0.0002857142857142,0.0
182,0.0011428571428571,0.0
183,0.0002857142857142,0.0308571428571428
184,0.0,0.0117647058823529
185,0.0,0.0005882352941176
186,0.0,0.0
187,0.0005714285714285,0.0
188,0.0,0.0
189,0.0,0.0364705882352941
190,0.0,0.0144117647058823
191,0.0,0.0142857142857142
192,0.0028571428571428,0.02
193,0.0008571428571428,0.0402941176470588
194,0.0003448275862068,0.0177142857142857
195,0.0011428571428571,0.0275757575757575
196,0.0022857142857142,0.0484848484848485
197,0.0025714285714285,0.0270588235294117
198,0.0017142857142857,0.0115151515151515
199,0.006,0.0306060606060606
200,0.0034285714285714,0.0073529411764705
201,0.0017142857142857,0.0158823529411764
202,0.0005714285714285,0.0061764705882352
203,0.0044117647058823,0.0
204,0.0,0.0005882352941176
205,0.0,0.0
206,0.0,0.0024
207,0.0,0.0236363636363636
208,0.0,0.0094117647058823
209,0.0014285714285714,0.0002941176470588
210,0.0,0.0
211,0.0,0.0241176470588235
212,0.0,0.0258823529411764
213,0.0,0.003235294117647
214,0.0009375,0.0
215,0.0,0.0
216,0.0,0.0
217,0.0,0.0
218,0.0,0.0002857142857142
219,0.0,0.002
220,0.0,0.0068571428571428
221,0.0,0.0002857142857142
222,0.0,0.0
223,0.0,0.0
224,0.0,0.0036363636363636
225,0.0,0.0009090909090909
226,0.0,0.0059999999999999
227,0.0,0.0061764705882352
228,0.0,0.0041176470588235
229,0.0,0.004375
230,0.0,0.0059374999999999
231,0.0,0.0409375
232,0.0,0.0416666666666666
233,0.0,0.0207142857142857
234,0.0,0.0063333333333333
235,0.0,0.0103125
236,0.0,0.0109375
237,0.0,0.0090625
238,0.0,0.010625
239,0.0,0.0228125
240,0.013125,0.0153125
241,0.0188571428571428,0.0475
242,0.0108333333333333,0.026875
243,0.0134285714285714,0.0034375
244,0.0102857142857142,0.0084375
245,0.0105714285714285,0.0125806451612903
246,0.0177777777777777,0.0035483870967741
247,0.012,0.0016129032258064
248,0.0102857142857142,0.004516129032258
249,0.0097142857142857,0.0006451612903225
250,0.0077142857142857,0.0007407407407407
251,0.01,0.0
252,0.0094444444444444,0.0
253,0.0030555555555555,0.0012903225806451
254,0.002,0.0
255,0.0082857142857142,0.0383870967741935
256,0.0074285714285714,0.0364516129032258
257,0.008,0.0429032258064516
258,0.0065714285714285,0.0576666666666666
259,0.0111428571428571,0.0393548387096774
260,0.0131428571428571,0.0551515151515151
261,0.0105714285714285,0.0378125
262,0.0094285714285714,0.023030303030303
263,0.0091428571428571,0.0161290322580645
264,0.0108571428571428,0.0117647058823529
265,0.0130555555555555,0.0152941176470588
266,0.0125714285714285,0.0070588235294117
267,0.0111428571428571,0.0055882352941176
268,0.0097142857142857,0.0061764705882352
269,0.0074285714285714,0.0011764705882352
270,0.0068571428571428,0.0052941176470588
271,0.0077142857142857,0.0012121212121212
272,0.0025,0.005625
273,0.0094444444444444,0.0009375
274,0.0097222222222222,0.0034374999999999
275,0.0091428571428571,0.0042424242424242
276,0.0131428571428571,0.0024242424242424
277,0.008,0.0058823529411764
278,0.0091666666666666,0.0138235294117647
279,0.0083333333333333,0.0244117647058823
280,0.0,0.0385294117647059
281,0.0,0.0508571428571428
282,0.0,0.0511764705882353
283,0.0048571428571428,0.0314705882352941
284,0.0014285714285714,0.0355882352941176
285,0.0005714285714285,0.0520588235294117
286,0.0025714285714285,0.0420588235294117
287,0.0037142857142857,0.0291176470588235
288,0.0011428571428571,0.0117647058823529
289,0.0008571428571428,0.0141176470588235
290,0.0025714285714285,0.0329411764705882
291,0.0,0.0341176470588235
292,0.0,0.0
293,0.0,0.0
294,0.0005714285714285,0.0
295,0.0005714285714285,0.0
296,0.0025714285714285,0.0
297,0.0014285714285714,0.0
298,0.0014285714285714,0.0
299,0.0005714285714285,0.009090909090909
300,0.0017142857142857,0.0
301,0.0005714285714285,0.0
302,0.0,0.035
303,0.0,0.0
304,0.0,0.0
305,0.0002857142857142,0.0
306,0.0008571428571428,0.0
307,0.0002857142857142,0.0
308,0.0,0.0
309,0.0002857142857142,0.0
310,0.0,0.0
311,0.0,0.0004545454545454
312,0.0,0.0
313,0.0005714285714285,0.0007142857142857
314,0.0,0.0005882352941176
315,0.0002857142857142,0.0
316,0.0005714285714285,0.0017647058823529
317,0.0008571428571428,0.0041666666666666
318,0.0005714285714285,0.0029411764705882
319,0.0005714285714285,0.0040624999999999
320,0.002,0.0031578947368421
321,0.0005714285714285,0.0015151515151515
322,0.00125,0.0034374999999999
323,0.0045714285714285,0.0038888888888888
324,0.0057142857142857,0.0008
325,0.0005714285714285,0.0012121212121212
326,0.0034285714285714,0.0003571428571428
327,0.0039999999999999,0.0009090909090909
328,0.0039999999999999,0.0
329,0.0062857142857142,0.0003125
330,0.0088571428571428,0.0003030303030303
331,0.0074285714285714,0.0
332,0.006,0.0029166666666666
333,0.0077142857142857,0.0028125
334,0.0042857142857142,0.0
335,0.0077142857142857,0.0006896551724137
336,0.0094444444444444,0.0007407407407407
337,0.0091428571428571,0.0
338,0.0174285714285714,0.0
339,0.0148571428571428,0.0
340,0.0102857142857142,0.0
341,0.0080555555555555,0.01
342,0.0044444444444444,0.029090909090909
343,0.0063888888888888,0.0176923076923076
344,0.0045714285714285,0.0169565217391304
345,0.0025714285714285,0.0188461538461538
346,0.0048484848484848,0.0170588235294117
347,0.0037142857142857,0.0355555555555555
348,0.0065714285714285,0.0433333333333333
349,0.0088571428571428,0.0375862068965517
350,0.0066666666666666,0.0378947368421052
351,0.0071428571428571,0.021578947368421
352,0.0022857142857142,0.0216666666666666
353,0.0025714285714285,0.0426666666666666
354,0.0025714285714285,0.0306666666666666
355,0.0057142857142857,0.032
356,0.0045714285714285,0.036551724137931
357,0.0022857142857142,0.0339130434782608
358,0.0008571428571428,0.0175
359,0.0008571428571428,0.038
360,0.0039999999999999,0.0081818181818181
361,0.0034285714285714,0.0403333333333333
362,0.0009375,0.0105263157894736
363,0.0005714285714285,0.0372727272727272
364,0.0025714285714285,0.0221875
365,0.0048571428571428,0.0159375
366,0.0071428571428571,0.0
367,0.0068571428571428,0.0006060606060606
368,0.0054285714285714,0.0109090909090909
369,0.0017142857142857,0.00125
370,0.0011428571428571,0.0
371,0.0014285714285714,0.0
372,0.0034285714285714,0.0
373,0.0054285714285714,0.0
374,0.0061111111111111,0.0
375,0.0039999999999999,0.0
376,0.0062857142857142,0.0
377,0.0094285714285714,0.0004
378,0.006,0.0044444444444444
379,0.0077142857142857,0.0003703703703703
380,0.0071428571428571,0.0
381,0.0048571428571428,0.0003703703703703
382,0.0039999999999999,0.0144999999999999
383,0.0108571428571428,0.05
384,0.0062857142857142,0.01
385,0.0102857142857142,0.0094444444444444
386,0.0102857142857142,0.0
387,0.0097142857142857,0.0048148148148148
388,0.0111428571428571,0.004
389,0.01,0.0061538461538461
390,0.0105714285714285,0.0019230769230769
391,0.01,0.0033333333333333
392,0.01,0.0
393,0.0088571428571428,0.0
394,0.0068571428571428,0.0
395,0.0022857142857142,0.0
396,0.0017142857142857,0.015
397,0.0062857142857142,0.02
398,0.008,0.0023076923076923
399,0.0105714285714285,0.005
400,0.0154285714285714,0.0027272727272727
401,0.0105714285714285,0.0005263157894736
402,0.0105714285714285,0.004
403,0.0,0.0078260869565217
404,0.0,0.003
405,0.0,0.0038095238095238
406,0.0,0.0069230769230769
407,0.0,0.0058333333333333
408,0.0,0.02
409,0.0,0.0
410,0.0,0.0006666666666666
411,0.0,0.0004
412,0.0,0.0
413,0.0,0.0004
414,0.0002941176470588,0.0004347826086956
415,0.0,0.0042105263157894
416,0.0,0.0064705882352941
417,0.0,0.0071428571428571
418,0.0,0.0092857142857142
419,0.0,0.02
420,0.0,0.0142857142857142
421,0.0,0.0327272727272727
422,0.0,0.0221739130434782
423,0.0,0.0523076923076923
424,0.0,0.005
425,0.0,0.0
426,0.0,0.0
427,0.0,0.0010714285714285
428,0.0,0.0
429,0.0,0.0
430,0.0,0.0
431,0.0,0.0
432,0.0,0.0
433,0.0,0.0
434,0.0,0.0
435,0.0,0.0
436,0.0,0.0
437,0.0,0.0
438,0.0,0.0
439,0.0,0.0
440,0.0,0.0
441,0.0,0.0
442,0.0,0.0007142857142857
443,0.0,0.0
444,0.0,0.0
445,0.0,0.0
446,0.0,0.0010714285714285
447,0.0174285714285714,0.0
448,0.0,0.0003571428571428
449,0.0,0.0
450,0.0,0.0
451,0.0,0.0
452,0.0,0.0
453,0.0,0.0003448275862068
454,0.0,0.0
455,0.0,0.0
456,0.0,0.0
457,0.0,0.0
458,0.0,0.0
459,0.0,0.0
460,0.0,0.0021739130434782
461,0.0,0.0
462,0.0,0.0
463,0.0,0.0
464,0.0094285714285714,0.0003448275862068
465,0.0,0.0
466,0.0,0.0003448275862068
467,0.0,0.0017241379310344
468,0.0,0.002
469,0.0208571428571428,0.0
470,0.0125714285714285,0.0
471,0.0,0.0
472,0.0033333333333333,0.0
473,0.0,0.0
474,0.0,0.0
475,0.0,0.00125
476,0.0,0.0
477,0.0036363636363636,0.0
478,0.0003225806451612,0.0
479,0.0,0.0
480,0.0008571428571428,0.0444444444444444
481,0.0008571428571428,0.0
482,0.0002857142857142,0.0
483,0.0,0.0
484,0.0,0.0
485,0.0,0.0
486,0.0,0.0
487,0.0,0.0
488,0.0,0.0
489,0.0,0.0
490,0.0,0.0
491,0.0,0.0
492,0.0,0.0
493,0.0,0.0
494,0.0,0.0
495,0.0,0.0003448275862068
496,0.0,0.0
497,0.0,0.0
498,0.0,0.0
499,0.0,0.0
500,0.0,0.0
501,0.0,0.0
502,0.0,0.0
503,0.0,0.0
504,0.0,0.0
505,0.0,0.0006896551724137
506,0.0,0.0
507,0.0,0.0
508,0.0,0.0
509,0.0006451612903225,0.0
510,0.0,0.0
511,0.0017857142857142,0.0
512,0.0006060606060606,0.0
513,0.0011428571428571,0.0
514,0.0054285714285714,0.0
515,0.0,0.0
516,0.0,0.0
517,0.0,0.0
518,0.0,0.0
519,0.0,0.0
520,0.0,0.0
521,0.0,0.0
522,0.0,0.0003571428571428
523,0.0,0.0010344827586206
524,0.0,0.0006896551724137
525,0.0,0.0
526,0.0,0.0
527,0.0,0.0
528,0.0,0.0
529,0.0,0.0
530,0.0002857142857142,0.0007142857142857
531,0.0005714285714285,0.0
532,0.0,0.0
533,0.0,0.0
534,0.0,0.0
535,0.0,0.0
536,0.0,0.0
537,0.0,0.0
538,0.0008571428571428,0.0
539,0.0,0.0
540,0.0,0.0
541,0.0,0.0
542,0.0,0.0
543,0.0,0.0
544,0.0,0.0
545,0.0,0.0
546,0.0,0.0
547,0.0,0.0
548,0.0,0.0
549,0.0,0.0
550,0.0,0.0
551,0.0,0.0
552,0.0,0.0
553,0.0,0.0
554,0.0,0.0082142857142857
555,0.0025714285714285,0.0070833333333333
556,0.0014285714285714,0.0503846153846153
557,0.0022857142857142,0.0353846153846153
558,0.0028571428571428,0.0578571428571428
559,0.0008571428571428,0.0103571428571428
560,0.0014285714285714,0.0046428571428571
561,0.0039999999999999,0.0060714285714285
562,0.0057142857142857,0.0121428571428571
563,0.0031428571428571,0.0062068965517241
564,0.0,0.0046428571428571
565,0.0,0.0
566,0.0097142857142857,0.0
567,0.0008823529411764,0.055
568,0.0,0.0266666666666666
569,0.0,0.0233333333333333
570,0.0,0.02
571,0.0,0.0
572,0.0,0.0
573,0.0,0.0
574,0.0,0.0
575,0.0,0.03
576,0.0,0.0066666666666666
577,0.0,0.0325
578,0.0,0.04
579,0.0,0.012
580,0.0,0.0125
581,0.0,0.0433333333333333
582,0.0,0.0
583,0.0,0.0225
584,0.0,0.0366666666666666
585,0.0,0.0225
586,0.0,0.01
587,0.0,0.0125
588,0.0,0.02
589,0.0,0.01
590,0.0,0.0
591,0.0,0.0
592,0.0,0.0
593,0.0,0.03
594,0.0,0.0249999999999999
595,0.0,0.0126666666666666
596,0.0,0.0499999999999999
597,0.0,0.0
598,0.0,0.0174999999999999
599,0.0,0.0166666666666666
600,0.0,0.025
601,0.0,0.0
602,0.0,0.0066666666666666
603,0.0,0.01
604,0.0,0.0
605,0.0,0.04
606,0.0,0.01
607,0.0,0.0
608,0.0,0.01
609,0.0,0.0088235294117647
610,0.0,0.008235294117647
611,0.0,0.0060714285714285
612,0.0,0.038
613,0.0,0.0205263157894736
614,0.0,0.0310526315789473
615,0.0,0.0321739130434782
616,0.0,0.0559999999999999
617,0.0,0.04625
618,0.0,0.053
619,0.0,0.0354545454545454
620,0.0,0.0360869565217391
621,0.0,0.0228571428571428
622,0.0,0.04
623,0.0,0.0355555555555555
624,0.0,0.044
625,0.0,0.026
626,0.0,0.0466666666666666
627,0.0,0.0
628,0.0,0.0
629,0.0,0.0
630,0.0,0.05
631,0.0,0.0
632,0.0,0.0
633,0.0,0.0225
634,0.0,0.0328571428571428
635,0.0,0.027
636,0.0,0.0218181818181818
637,0.0,0.0366666666666666
638,0.0,0.0
639,0.0,0.02
640,0.0,0.0
641,0.0,0.0241666666666666
642,0.005,0.0215384615384615
643,0.0,0.0083333333333333
644,0.0,0.0099999999999999
645,0.0,0.02
646,0.0175,0.0207142857142857
647,0.0217391304347826,0.0226666666666666
648,0.0033333333333333,0.0533333333333333
649,0.0,0.01
650,0.0,0.0314285714285714
651,0.0,0.0354545454545454
652,0.0,0.0
653,0.0,0.01
654,0.0191428571428571,0.0
655,0.0,0.004
656,0.0166666666666666,0.0372727272727272
657,0.0217647058823529,0.0
658,0.0134782608695652,0.0
659,0.0225,0.01
660,0.01,0.005
661,0.0128571428571428,0.0
662,0.015,0.0
663,0.0125,0.0
664,0.0,0.0
665,0.0,0.005
666,0.0133333333333333,0.045
667,0.0,0.0
668,0.0,0.0
669,0.0,0.0
670,0.0,0.0
671,0.0,0.0
672,0.0,0.0
673,0.0,0.0365384615384615
674,0.0,0.0066666666666666
675,0.0066666666666666,0.0025925925925925
676,0.005,0.0057142857142857
677,0.011,0.0148275862068965
678,0.0,0.0032142857142857
679,0.0,0.005
680,0.0,0.01
681,0.0,0.0303703703703703
682,0.0,0.0091304347826086
683,0.0,0.0072413793103448
684,0.0,0.0499999999999999
685,0.0,0.006
686,0.0,0.0083333333333333
687,0.0,0.0096
688,0.0,0.0068749999999999
689,0.0,0.0253846153846153
690,0.01,0.02
691,0.0133333333333333,0.0384615384615384
692,0.0,0.0453846153846153
693,0.018,0.01
694,0.0014285714285714,0.0466666666666666
695,0.0005714285714285,0.01
696,0.0014285714285714,0.006
697,0.0034285714285714,0.0145454545454545
698,0.0025714285714285,0.02
699,0.0,0.02
700,0.0,0.0175
701,0.0,0.0308333333333333
702,0.0,0.0125
703,0.0,0.0
704,0.0,0.0
705,0.0,0.01
706,0.0,0.0
707,0.0,0.0085714285714285
708,0.0,0.008
709,0.0,0.0
710,0.0,0.0071428571428571
711,0.0,0.01
712,0.0066666666666666,0.0064
713,0.0,0.0077777777777777
714,0.0,0.0106896551724137
715,0.0,0.0096551724137931
716,0.0,0.0
717,0.02125,0.0095
718,0.0011111111111111,0.0207142857142857
719,0.0,0.0078571428571428
720,0.008,0.0079310344827586
721,0.0085714285714285,0.0096428571428571
722,0.0136666666666666,0.0142857142857142
723,0.0113333333333333,0.0
724,0.011578947368421,0.0
725,0.0,0.0
726,0.0,0.01
727,0.0,0.04
728,0.0,0.0141176470588235
729,0.0,0.0072727272727272
730,0.0,0.0025
731,0.0,0.0072727272727272
732,0.0,0.0
733,0.008,0.0
734,0.0076,0.0
735,0.008,0.01
736,0.0,0.0
737,0.0066666666666666,0.0
738,0.0097142857142857,0.0
739,0.0,0.0016666666666666
740,0.0,0.0091666666666666
741,0.0,0.0133333333333333
742,0.0,0.01
743,0.0069696969696969,0.015
744,0.0068571428571428,0.042
745,0.0011428571428571,0.0066666666666666
746,0.0,0.018
747,0.0022857142857142,0.0281818181818181
748,0.0125714285714285,0.0224999999999999
749,0.002,0.015
750,0.0039999999999999,0.0053846153846153
751,0.0022222222222222,0.0064285714285714
752,0.0011111111111111,0.0114285714285714
753,0.0044444444444444,0.0184210526315789
754,0.0038888888888888,0.0142857142857142
755,0.0083333333333333,0.0113793103448275
756,0.0097142857142857,0.0082758620689655
757,0.0074285714285714,0.0137931034482758
758,0.0075,0.0089285714285714
759,0.0062857142857142,0.0067857142857142
760,0.015,0.0085714285714285
761,0.0041666666666666,0.0020689655172413
762,0.0077777777777777,0.0103571428571428
763,0.0097222222222222,0.0171428571428571
764,0.0097222222222222,0.0235714285714285
765,0.0058333333333333,0.02
766,0.0054285714285714,0.0068965517241379
767,0.0011428571428571,0.0178571428571428
768,0.0005555555555555,0.0139285714285714
769,0.0048571428571428,0.0221428571428571
770,0.0017142857142857,0.0178571428571428
771,0.0071428571428571,0.0178571428571428
772,0.0083333333333333,0.0232142857142857
773,0.0052777777777777,0.0132142857142857
774,0.0038888888888888,0.0134482758620689
775,0.0071428571428571,0.0210344827586206
776,0.0028571428571428,0.0182758620689655
777,0.0024999999999999,0.0168965517241379
778,0.0034285714285714,0.0185714285714285
779,0.0045714285714285,0.0055
780,0.0088571428571428,0.0226923076923077
781,0.01,0.0110714285714285
782,0.0125714285714285,0.025
783,0.0051428571428571,0.0075
784,0.0091428571428571,0.0127586206896551
785,0.0158823529411764,0.0528571428571428
786,0.0144117647058823,0.0292857142857142
787,0.0097142857142857,0.0139285714285714
788,0.0154285714285714,0.0121428571428571
789,0.0205882352941176,0.0189655172413793
790,0.018,0.0207142857142857
791,0.0154285714285714,0.0228571428571428
792,0.0170588235294117,0.0085714285714285
793,0.0202941176470588,0.0196428571428571
794,0.018235294117647,0.015
795,0.0185294117647058,0.0128571428571428
796,0.0191176470588235,0.0222222222222222
797,0.0082857142857142,0.025
798,0.002,0.0188888888888888
799,0.0025714285714285,0.0164285714285714
800,0.0152941176470588,0.0141379310344827
801,0.01,0.0014285714285714
802,0.0082857142857142,0.0021428571428571
803,0.0138235294117647,0.0127586206896551
804,0.0019999999999999,0.0194736842105263
805,0.0091428571428571,0.018076923076923
806,0.0065714285714285,0.0144
807,0.0126470588235294,0.0054166666666666
808,0.0111428571428571,0.0026923076923076
809,0.018235294117647,0.0057142857142857
810,0.0148571428571428,0.0058620689655172
811,0.0188235294117647,0.0114285714285714
812,0.0176470588235294,0.0114285714285714
813,0.0197058823529411,0.0085714285714285
814,0.0125714285714285,0.0103448275862069
815,0.018235294117647,0.0117241379310344
816,0.0214705882352941,0.0171428571428571
817,0.0137142857142857,0.0055172413793103
818,0.016,0.0071428571428571
819,0.0176470588235294,0.0148148148148148
820,0.0161764705882353,0.0134482758620689
821,0.0202941176470588,0.0382142857142857
822,0.005625,0.0244827586206896
823,0.0097142857142857,0.0282758620689655
824,0.0111764705882352,0.0303571428571428
825,0.0102941176470588,0.0227586206896551
826,0.0141176470588235,0.0203571428571428
827,0.0117647058823529,0.0321428571428571
828,0.0088571428571428,0.0289655172413793
829,0.0111428571428571,0.0217241379310344
830,0.0170588235294117,0.0471428571428571
831,0.0167647058823529,0.0244827586206896
832,0.0105714285714285,0.0033333333333333
833,0.0170588235294117,0.0071428571428571
834,0.0122857142857142,0.0099999999999999
835,0.0034285714285714,0.0120689655172413
836,0.0094117647058823,0.0171428571428571
837,0.0117142857142857,0.0048275862068965
838,0.0097142857142857,0.0039999999999999
839,0.0097222222222222,0.0079310344827586
840,0.0094285714285714,0.009
841,0.008,0.0079310344827586
842,0.0091428571428571,0.0044827586206896
843,0.0082857142857142,0.0092857142857142
844,0.0091428571428571,0.0185714285714285
845,0.0117142857142857,0.0124137931034482
846,0.0037142857142857,0.0162068965517241
847,0.0077142857142857,0.0075
848,0.0068571428571428,0.0193103448275862
849,0.008235294117647,0.0153571428571428
850,0.0102941176470588,0.0162962962962962
851,0.0170588235294117,0.0239285714285714
852,0.0097142857142857,0.0082142857142857
853,0.0059999999999999,0.0246428571428571
854,0.013235294117647,0.0258620689655172
855,0.0134285714285714,0.0185714285714285
856,0.0085714285714285,0.0113793103448275
857,0.0008333333333333,0.0233333333333333
858,0.0057142857142857,0.0210526315789473
859,0.0148571428571428,0.0259259259259259
860,0.0062857142857142,0.0161538461538461
861,0.0185714285714285,0.0073076923076923
862,0.0188571428571428,0.004
863,0.0102857142857142,0.01375
864,0.0016129032258064,0.0139285714285714
865,0.0,0.0225
866,0.0128,0.02
867,0.0045454545454545,0.0189285714285714
868,0.0005714285714285,0.0185185185185185
869,0.0002857142857142,0.0160714285714285
870,0.0,0.0125
871,0.0,0.0122222222222222
872,0.0,0.0144444444444444
873,0.0,0.0237037037037037
874,0.0,0.0085185185185185
875,0.0,0.0164285714285714
876,0.0,0.0144444444444444
877,0.0,0.0148148148148148
878,0.0,0.0155555555555555
879,0.0,0.0111111111111111
880,0.0,0.0122222222222222
881,0.0,0.0122222222222222
882,0.0,0.0159259259259259
883,0.0,0.0155555555555555
884,0.0,0.0099999999999999
885,0.0,0.014090909090909
886,0.0,0.0217857142857142
887,0.0,0.0103571428571428
888,0.0,0.0114285714285714
889,0.0,0.0099999999999999
890,0.0,0.0075
891,0.0,0.0228571428571428
892,0.0,0.0135714285714285
893,0.0,0.0167857142857142
894,0.0,0.0168965517241379
895,0.0,0.0207692307692307
896,0.0,0.0092857142857142
897,0.0,0.0192857142857142
898,0.0,0.0211111111111111
899,0.0,0.0196296296296296
900,0.0,0.0153571428571428
901,0.0,0.0174074074074074
902,0.0,0.0135714285714285
903,0.0,0.0192857142857142
904,0.0,0.02
905,0.00375,0.0189285714285714
906,0.0,0.0196428571428571
907,0.0,0.0148
908,0.0002857142857142,0.0182142857142857
909,0.0,0.0185185185185185
910,0.0,0.0099999999999999
911,0.0,0.0134482758620689
912,0.0,0.0157142857142857
913,0.0002857142857142,0.0148275862068965
914,0.0,0.0167857142857142
915,0.0,0.0225
916,0.0,0.025
917,0.0011764705882352,0.0246153846153846
918,0.0,0.0207692307692307
919,0.0,0.0142307692307692
920,0.0,0.0188461538461538
921,0.0,0.0207142857142857
922,0.0,0.0225
923,0.0,0.0217857142857142
924,0.0,0.0203571428571428
925,0.0,0.0181481481481481
926,0.0,0.0206896551724138
927,0.0,0.0172413793103448
928,0.0,0.0192857142857142
929,0.0,0.015
930,0.0,0.0151724137931034
931,0.0,0.0196153846153846
932,0.0,0.0177777777777777
933,0.0,0.0194736842105263
934,0.0,0.0152
935,0.0,0.02
936,0.0,0.02
937,0.0,0.0044827586206896
938,0.0,0.0125
939,0.0,0.0178571428571428
940,0.0,0.0193103448275862
941,0.0,0.0210714285714285
942,0.0,0.0155172413793103
943,0.0,0.0196428571428571
944,0.0,0.0196428571428571
945,0.0,0.0225
946,0.0,0.0248275862068965
947,0.0,0.0217241379310344
948,0.0,0.0221428571428571
949,0.0002941176470588,0.025
950,0.0021428571428571,0.0178571428571428
951,0.0006060606060606,0.0178571428571428
952,0.0,0.0210714285714285
953,0.0,0.0182142857142857
954,0.012,0.0168
955,0.0,0.0123333333333333
956,0.0011764705882352,0.015
957,0.0002857142857142,0.0192857142857142
958,0.0,0.0221428571428571
959,0.0,0.0182758620689655
960,0.0,0.0174074074074074
961,0.0,0.0178571428571428
962,0.0,0.0
963,0.0,0.0
964,0.0,0.0
965,0.0,0.0
966,0.0,0.0
967,0.0,0.0
968,0.0,0.0
969,0.0,0.0148275862068965
970,0.0,0.0093103448275862
971,0.0,0.0058620689655172
972,0.0,0.0
973,0.0,0.0
974,0.0,0.0
975,0.0,0.0
976,0.0025,0.0
977,0.0,0.0
978,0.0,0.0
979,0.0,0.0
980,0.0,0.0071428571428571
981,0.0,0.0064285714285714
982,0.0,0.0003448275862068
983,0.0,0.0006896551724137
984,0.0,0.0175862068965517
985,0.0,0.0
986,0.0,0.0
987,0.0,0.000625
988,0.0002941176470588,0.0176190476190476
989,0.0012121212121212,0.0210714285714285
990,0.0003125,0.02625
991,0.0,0.0436
992,0.0,0.0
993,0.0,0.0367857142857142
994,0.0,0.0044827586206896
995,0.0,0.0078571428571428
996,0.0,0.036551724137931
997,0.0,0.0072413793103448
998,0.0,0.0093103448275862
999,0.0010714285714285,0.0041379310344827
1000,0.0161538461538461,0.037
1001,0.0048275862068965,0.0013793103448275
1002,0.0,0.006551724137931
1003,0.0008823529411764,0.0021428571428571
1004,0.0,0.0128571428571428
1005,0.0002941176470588,0.043103448275862
1006,0.0,0.0032142857142857
1007,0.0,0.0067857142857142
1008,0.0,0.003103448275862
1009,0.0,0.0021428571428571
1010,0.0,0.0092857142857142
1011,0.0,0.0042857142857142
1012,0.0034482758620689,0.0377777777777777
1013,0.0020588235294117,0.0
1014,0.0,0.0
1015,0.0005882352941176,0.0
1016,0.0002941176470588,0.0
1017,0.0002941176470588,0.0124
1018,0.0021212121212121,0.0048275862068965
1019,0.0096666666666666,0.006551724137931
1020,0.0012121212121212,0.0045454545454545
1021,0.0002941176470588,0.0020689655172413
1022,0.0,0.016551724137931
1023,0.0005263157894736,0.0476190476190476
1024,0.000625,0.0207142857142857
1025,0.0094285714285714,0.0004545454545454
1026,0.0091176470588235,0.0
1027,0.0020588235294117,0.0
1028,0.0005714285714285,0.0
1029,0.0172727272727272,0.0
1030,0.0048571428571428,0.0
1031,0.0053846153846153,0.0005
1032,0.013,0.0
1033,0.0088888888888888,0.0
1034,0.0068421052631578,0.0
1035,0.0005714285714285,0.0
1036,0.0011428571428571,0.0454545454545454
1037,0.0005714285714285,0.0
1038,0.0017142857142857,0.0242857142857142
1039,0.002,0.0
1040,0.0,0.0019230769230769
1041,0.0,0.0
1042,0.0,0.0
1043,0.0,0.0475
1044,0.0,0.0273076923076923
1045,0.0,0.0005555555555555
1046,0.0,0.0
1047,0.00125,0.0208333333333333
1048,0.0,0.0157142857142857
1049,0.0,0.0
1050,0.0166666666666666,0.0017391304347826
1051,0.0010344827586206,0.0006666666666666
1052,0.0,0.0003448275862068
1053,0.0,0.005
1054,0.001,0.0
1055,0.0077777777777777,0.0008823529411764
1056,0.0,0.0
1057,0.0,0.0006666666666666
1058,0.0,0.0
1059,0.006,0.0
1060,0.0,0.0
1061,0.0,0.0022222222222222
1062,0.0040624999999999,0.005
1063,0.0094117647058823,0.0014285714285714
1064,0.012,0.005
1065,0.0145454545454545,0.01
1066,0.012,0.01375
1067,0.013235294117647,0.0211764705882353
1068,0.0083333333333333,0.0035
1069,0.008,0.0244117647058823
1070,0.0042857142857142,0.0574193548387096
1071,0.0,0.0241176470588235
1072,0.0008571428571428,0.0335483870967741
1073,0.0076470588235294,0.0361764705882353
1074,0.0029411764705882,0.004
1075,0.0,0.0109090909090909
1076,0.0,0.043125
1077,0.0008571428571428,0.0099999999999999
1078,0.0059259259259259,0.0456666666666666
1079,0.0031249999999999,0.05125
1080,0.0023076923076923,0.0195
1081,0.0163636363636363,0.0127586206896551
1082,0.01,0.0042857142857142
1083,0.0157692307692307,0.0022222222222222
1084,0.0085294117647058,0.0096551724137931
1085,0.0015625,0.0041379310344827
1086,0.0002857142857142,0.0053125
1087,0.0070588235294117,0.0043749999999999
1088,0.0045454545454545,0.0058333333333333
1089,0.0171428571428571,0.0052173913043478
1090,0.022,0.0186206896551724
1091,0.0064285714285714,0.0068965517241379
1092,0.0214285714285714,0.0056
1093,0.005,0.0155555555555555
1094,0.0045833333333333,0.0
1095,0.0005714285714285,0.0
1096,0.0,0.0131818181818181
1097,0.0,0.0123076923076923
1098,0.0006451612903225,0.0338095238095238
1099,0.0,0.035
1100,0.0,0.0311111111111111
1101,0.0061764705882352,0.045
1102,0.0,0.04
1103,0.0035483870967741,0.0
1104,0.0003030303030303,0.0214285714285714
1105,0.0007692307692307,0.0380952380952381
1106,0.0113043478260869,0.0119047619047619
1107,0.0,0.0088888888888888
1108,0.0,0.0269230769230769
1109,0.0017241379310344,0.0042857142857142
1110,0.0031578947368421,0.005
1111,0.0,0.03
1112,0.0,0.01
1113,0.0,0.01875
1114,0.0047619047619047,0.0294444444444444
1115,0.0129411764705882,0.0226666666666666
1116,0.0044444444444444,0.024090909090909
1117,0.0058620689655172,0.0171875
1118,0.0,0.013125
1119,0.0,0.0211764705882353
1120,0.0009090909090909,0.051578947368421
1121,0.0,0.028
1122,0.0,0.00375
1123,0.0,0.015
1124,0.0006060606060606,0.02125
1125,0.0008,0.0228571428571428
1126,0.00375,0.005
1127,0.01,0.0076923076923076
1128,0.0007142857142857,0.0118181818181818
1129,0.0003448275862068,0.004
1130,0.0,0.0016666666666666
1131,0.0,0.0137142857142857
1132,0.0,0.0038235294117647
1133,0.0,0.0031428571428571
1134,0.0,0.0034285714285714
1135,0.0005263157894736,0.0
1136,0.0,0.0002857142857142
1137,0.0,0.0158823529411764
1138,0.0,0.003030303030303
1139,0.0,0.0
1140,0.0,0.0063636363636363
1141,0.0,0.0041176470588235
1142,0.0,0.0020588235294117
1143,0.0,0.0067647058823529
1144,0.0,0.0094117647058823
1145,0.0,0.0094117647058823
1146,0.0,0.0126470588235294
1147,0.002,0.0223529411764705
1148,0.0014285714285714,0.0161764705882352
1149,0.0036842105263157,0.0067647058823529
1150,0.0,0.0065714285714285
1151,0.0,0.01125
1152,0.0,0.0224242424242424
1153,0.0025,0.0094117647058823
1154,0.0,0.0076470588235294
1155,0.0,0.02
1156,0.0,0.0088235294117647
1157,0.0,0.0014705882352941
1158,0.005,0.0005882352941176
1159,0.0,0.0
1160,0.0,0.0
1161,0.00125,0.0002941176470588
1162,0.0,0.0005882352941176
1163,0.0042857142857142,0.0
1164,0.0077142857142857,0.002
1165,0.0114285714285714,0.0111764705882353
1166,0.0025714285714285,0.0076470588235294
1167,0.0,0.0031428571428571
1168,0.0034285714285714,0.0091176470588235
1169,0.0051428571428571,0.0013333333333333
1170,0.0054285714285714,0.0057142857142857
1171,0.0062857142857142,0.0396969696969696
1172,0.0034285714285714,0.044
1173,0.0045714285714285,0.0247058823529411
1174,0.0022857142857142,0.0305882352941176
1175,0.0008571428571428,0.0317647058823529
1176,0.0,0.0491176470588235
1177,0.0,0.030625
1178,0.0014285714285714,0.033125
1179,0.0039999999999999,0.0221875
1180,0.0034285714285714,0.0361764705882353
1181,0.0026470588235294,0.018235294117647
1182,0.0038235294117647,0.0115151515151515
1183,0.009090909090909,0.0135294117647058
1184,0.0052941176470588,0.0264705882352941
1185,0.0008823529411764,0.0208823529411764
1186,0.0005882352941176,0.0205882352941176
1187,0.0075757575757575,0.0191176470588235
1188,0.005,0.0205882352941176
1189,0.00625,0.0158823529411764
1190,0.0074285714285714,0.013235294117647
1191,0.0067647058823529,0.0129411764705882
1192,0.0072727272727272,0.015
1193,0.0,0.0085294117647058
1194,0.0,0.0129411764705882
1195,0.0,0.0117647058823529
1196,0.0,0.0238235294117647
1197,0.0005882352941176,0.0120588235294117
1198,0.0005882352941176,0.0085294117647058
1199,0.0,0.013235294117647
1200,0.0,0.0297058823529411
1201,0.0,0.0175757575757575
1202,0.002,0.0153125
1203,0.0,0.0275757575757575
1204,0.0,0.0212121212121212
1205,0.006,0.0069696969696969
1206,0.0091428571428571,0.0202941176470588
1207,0.0091428571428571,0.0076470588235294
1208,0.0117142857142857,0.0178787878787878
1209,0.0068571428571428,0.0148387096774193
1210,0.0094285714285714,0.0221212121212121
1211,0.0088571428571428,0.025
1212,0.01,0.015
1213,0.0088571428571428,0.0366666666666666
1214,0.0088571428571428,0.0118181818181818
1215,0.0102857142857142,0.0147058823529411
1216,0.0151428571428571,0.0278125
1217,0.0105714285714285,0.0066666666666666
1218,0.008,0.0017241379310344
1219,0.0094285714285714,0.0033333333333333
1220,0.0094285714285714,0.0025
1221,0.0097142857142857,0.0
1222,0.0085714285714285,0.0024
1223,0.0114285714285714,0.0051999999999999
1224,0.0097142857142857,0.0
1225,0.0097142857142857,0.0034615384615384
1226,0.0097142857142857,0.0025925925925925
1227,0.0082857142857142,0.0110714285714285
1228,0.0094285714285714,0.0007407407407407
1229,0.0097142857142857,0.0
1230,0.0097058823529411,0.0011111111111111
1231,0.0085294117647058,0.0026923076923076
1232,0.0091428571428571,0.0011538461538461
1233,0.0051428571428571,0.0059259259259259
1234,0.0088571428571428,0.0014814814814814
1235,0.0177142857142857,0.0055555555555555
1236,0.0171428571428571,0.0007692307692307
1237,0.0197142857142857,0.0003703703703703
1238,0.0039999999999999,0.0022222222222222
1239,0.0022857142857142,0.0007407407407407
1240,0.0071428571428571,0.0004
1241,0.0085714285714285,0.0014814814814814
1242,0.0108571428571428,0.0
1243,0.0097142857142857,0.0055555555555555
1244,0.0053125,0.0069230769230769
1245,0.0057142857142857,0.0134615384615384
1246,0.0011428571428571,0.0219230769230769
1247,0.0005714285714285,0.015
1248,0.0002857142857142,0.0049999999999999
1249,0.0011428571428571,0.0046153846153846
1250,0.0037142857142857,0.0026923076923076
1251,0.0067647058823529,0.0111538461538461
1252,0.0077142857142857,0.0265384615384615
1253,0.0091428571428571,0.0438461538461538
1254,0.0048571428571428,0.0125925925925925
1255,0.005,0.0077777777777777
1256,0.003235294117647,0.0111538461538461
1257,0.0014285714285714,0.0318518518518518
1258,0.0045714285714285,0.0084615384615384
1259,0.0025714285714285,0.0176923076923076
1260,0.0034285714285714,0.0244444444444444
1261,0.0031428571428571,0.0055555555555555
1262,0.0002857142857142,0.0059259259259259
1263,0.0002941176470588,0.027037037037037
1264,0.0,0.0407692307692307
1265,0.0051428571428571,0.0259259259259259
1266,0.0025714285714285,0.004074074074074
1267,0.0008571428571428,0.0055555555555555
1268,0.0,0.0033333333333333
1269,0.0008571428571428,0.004074074074074
1270,0.0002857142857142,0.0032142857142857
1271,0.0014285714285714,0.0025
1272,0.0042857142857142,0.0064285714285714
1273,0.006,0.0017241379310344
1274,0.0034285714285714,0.0
1275,0.0,0.0
1276,0.0034285714285714,0.0027586206896551
1277,0.0037142857142857,0.0
1278,0.0008571428571428,0.0
1279,0.0011428571428571,0.0
1280,0.0005714285714285,0.0
1281,0.0,0.0
1282,0.0017142857142857,0.0041379310344827
1283,0.0011428571428571,0.0
1284,0.0,0.0083333333333333
1285,0.0,0.0017241379310344
1286,0.0,0.0
1287,0.0,0.0
1288,0.0002857142857142,0.0
1289,0.0,0.0
1290,0.0,0.0
1291,0.0,0.0
1292,0.0,0.0010344827586206
1293,0.0002857142857142,0.0007142857142857
1294,0.0,0.0003571428571428
1295,0.0,0.0024137931034482
1296,0.0,0.0013793103448275
1297,0.0,0.0062068965517241
1298,0.0,0.0075862068965517
1299,0.0,0.0024137931034482
1300,0.0,0.0
1301,0.0,0.0
1302,0.002,0.003103448275862
1303,0.0011428571428571,0.0062068965517241
1304,0.0,0.0075862068965517
1305,0.0023529411764705,0.0035714285714285
1306,0.006,0.0010714285714285
1307,0.0,0.0039285714285714
1308,0.0,0.025
1309,0.0014285714285714,0.0003448275862068
1310,0.0002941176470588,0.0071428571428571
1311,0.0,0.0027586206896551
1312,0.0025714285714285,0.0037931034482758
1313,0.0,0.0
1314,0.0,0.0006896551724137
1315,0.0,0.0
1316,0.0005714285714285,0.0010344827586206
1317,0.0,0.002
1318,0.0,0.0059259259259259
1319,0.0,0.0021739130434782
1320,0.0,0.0024137931034482
1321,0.0,0.0003448275862068
1322,0.0,0.0
1323,0.0,0.0010344827586206
1324,0.0,0.0006896551724137
1325,0.0,0.0
1326,0.0,0.0041379310344827
1327,0.0015625,0.006551724137931
1328,0.0011428571428571,0.0066666666666666
1329,0.0011428571428571,0.0077777777777777
1330,0.0014285714285714,0.0024137931034482
1331,0.0162857142857142,0.0
1332,0.0134285714285714,0.0
1333,0.0074285714285714,0.0003448275862068
1334,0.0051428571428571,0.0003448275862068
1335,0.0002941176470588,0.0
1336,0.0,0.0024137931034482
1337,0.0,0.0017241379310344
1338,0.0009375,0.0053571428571428
1339,0.0012121212121212,0.0220689655172413
1340,0.0005882352941176,0.0051724137931034
1341,0.0,0.0089655172413793
1342,0.0,0.0016666666666666
1343,0.0,0.0028571428571428
1344,0.0,0.0033333333333333
1345,0.0,0.0
1346,0.0,0.0020689655172413
1347,0.009375,0.0
1348,0.0064705882352941,0.0003333333333333
1349,0.0,0.0037931034482758
1350,0.0003448275862068,0.0003448275862068
1351,0.0,0.0010344827586206
1352,0.0,0.0049999999999999
1353,0.0,0.0055172413793103
1354,0.0,0.0089285714285714
1355,0.0,0.0007142857142857
1356,0.0,0.0
1357,0.0,0.0027586206896551
1358,0.0,0.0
1359,0.0,0.0
1360,0.0014705882352941,0.0
1361,0.0036363636363636,0.013103448275862
1362,0.0034482758620689,0.0153571428571428
1363,0.0036363636363636,0.0029629629629629
1364,0.0045454545454545,0.0085185185185185
1365,0.0006060606060606,0.0029629629629629
1366,0.0,0.0042307692307692
1367,0.0011764705882352,0.0048
1368,0.0006060606060606,0.0065384615384615
1369,0.0,0.01
1370,0.0,0.014074074074074
1371,0.0090322580645161,0.0
1372,0.0088235294117647,0.0
1373,0.0053125,0.0010714285714285
1374,0.0024242424242424,0.015
1375,0.0006060606060606,0.0125
1376,0.0021875,0.0075
1377,0.0058823529411764,0.0010344827586206
1378,0.0011764705882352,0.0003448275862068
1379,0.0062857142857142,0.0
1380,0.0020588235294117,0.0010714285714285
1381,0.0,0.0
1382,0.0,0.0017857142857142
1383,0.0029411764705882,0.0007407407407407
1384,0.0020588235294117,0.0038461538461538
1385,0.0009090909090909,0.0
1386,0.0111111111111111,0.0092307692307692
1387,0.0044117647058823,0.0072222222222222
1388,0.0109375,0.0022727272727272
1389,0.0002941176470588,0.0033333333333333
1390,0.0,0.0
1391,0.0021875,0.0
1392,0.0029411764705882,0.0
1393,0.015,0.018
1394,0.0043749999999999,0.005
1395,0.0042424242424242,0.0077777777777777
1396,0.0093939393939393,0.0
1397,0.0025,0.0066666666666666
1398,0.0,0.0283333333333333
1399,0.000625,0.0057142857142857
1400,0.0,0.0131818181818181
1401,0.0053125,0.0
1402,0.0025,0.00625
1403,0.0,0.0
1404,0.0087878787878787,0.0078571428571428
1405,0.003235294117647,0.03
1406,0.0,0.0153846153846153
1407,0.0,0.0252
1408,0.0,0.0035294117647058
1409,0.0,0.024
1410,0.0,0.0332
1411,0.0,0.0218518518518518
1412,0.0,0.0318181818181818
1413,0.0,0.0182758620689655
1414,0.0,0.0426315789473684
1415,0.0008333333333333,0.006
1416,0.0090322580645161,0.0534615384615384
1417,0.0071874999999999,0.0076923076923076
1418,0.0,0.0234782608695652
1419,0.0,0.0133333333333333
1420,0.0,0.0407142857142857
1421,0.0,0.0245454545454545
1422,0.0,0.0342857142857142
1423,0.0,0.0325
1424,0.0,0.01
1425,0.0,0.0066666666666666
1426,0.0,0.03625
1427,0.0,0.0358333333333333
1428,0.0,0.0405263157894736
1429,0.0106060606060606,0.0330434782608695
1430,0.003030303030303,0.0154545454545454
1431,0.0017647058823529,0.0139999999999999
1432,0.0020588235294117,0.01
1433,0.0047058823529411,0.005
1434,0.0096969696969696,0.0104
1435,0.0088235294117647,0.0066666666666666
1436,0.00875,0.0344444444444444
1437,0.009090909090909,0.0051851851851851
1438,0.0121212121212121,0.0
1439,0.0069696969696969,0.0114285714285714
1440,0.0115151515151515,0.0485185185185185
1441,0.0157575757575757,0.0518181818181818
1442,0.0169696969696969,0.05
1443,0.015625,0.0474074074074074
1444,0.0121212121212121,0.0344444444444444
1445,0.0172727272727272,0.0366666666666666
1446,0.0206060606060606,0.0525
1447,0.0139393939393939,0.0503703703703704
1448,0.0175757575757575,0.0485185185185185
1449,0.0224242424242424,0.0246428571428571
1450,0.0215151515151515,0.0307407407407407
1451,0.0184848484848484,0.01
1452,0.0196875,0.0
1453,0.0196969696969697,0.0
1454,0.016060606060606,0.0
1455,0.0036666666666666,0.0033333333333333
1456,0.0021875,0.0071428571428571
1457,0.0020588235294117,0.0092857142857142
1458,0.0021212121212121,0.0323999999999999
1459,0.0017647058823529,0.0553571428571428
1460,0.0042424242424242,0.0196428571428571
1461,0.005,0.0192857142857142
1462,0.0008823529411764,0.0141379310344827
1463,0.0038235294117647,0.0128571428571428
1464,0.0017647058823529,0.0128571428571428
1465,0.0058823529411764,0.008076923076923
1466,0.0073529411764705,0.0115384615384615
1467,0.0027272727272727,0.0533333333333333
1468,0.0052941176470588,0.0096428571428571
1469,0.00875,0.0192857142857142
1470,0.006551724137931,0.015
1471,0.010625,0.0469230769230769
1472,0.00875,0.025
1473,0.006875,0.0168421052631578
1474,0.0075757575757575,0.005
1475,0.0036363636363636,0.0476470588235294
1476,0.0025,0.0216666666666666
1477,0.0012121212121212,0.0242857142857142
1478,0.0021212121212121,0.0075
1479,0.0039393939393939,0.0127272727272727
1480,0.0033333333333333,0.0218181818181818
1481,0.0045454545454545,0.01125
1482,0.0063636363636363,0.01125
1483,0.0136363636363636,0.0176923076923076
1484,0.0151515151515151,0.01375
1485,0.0124242424242424,0.0033333333333333
1486,0.0039393939393939,0.0068421052631578
1487,0.0054545454545454,0.0066666666666666
1488,0.008125,0.0057142857142857
1489,0.0071875,0.0075
1490,0.0075,0.03625
1491,0.0065625,0.0157692307692307
1492,0.0035294117647058,0.0073333333333333
1493,0.0084,0.0106666666666666
1494,0.0099999999999999,0.0152941176470588
1495,0.0076470588235294,0.02
1496,0.0064705882352941,0.009090909090909
1497,0.0023529411764705,0.03
1498,0.0026470588235294,0.0128571428571428
1499,0.0213793103448275,0.0252380952380952
1500,0.0059375,0.0094117647058823
1501,0.008235294117647,0.0214285714285714
1502,0.0127272727272727,0.003076923076923
1503,0.0088235294117647,0.0
1504,0.006060606060606,0.0
1505,0.013235294117647,0.0
1506,0.0006060606060606,0.0
1507,0.0148275862068965,0.0
1508,0.0038235294117647,0.0
1509,0.0,0.0
1510,0.0014705882352941,0.0075
1511,0.0012121212121212,0.0111538461538461
1512,0.0008823529411764,0.0091304347826086
1513,0.0,0.0068421052631578
1514,0.0003125,0.0088888888888888
1515,0.0009090909090909,0.0011111111111111
1516,0.001875,0.0
1517,0.0046875,0.0045833333333333
1518,0.0040624999999999,0.0009523809523809
1519,0.0054838709677419,0.0
1520,0.0034374999999999,0.0010526315789473
1521,0.0033333333333333,0.0
1522,0.0104545454545454,0.0
1523,0.0113043478260869,0.0
1524,0.0126086956521739,0.004
1525,0.0095833333333333,0.0041666666666666
1526,0.0062499999999999,0.0
1527,0.0028,0.0
1528,0.0026923076923076,0.0025
1529,0.0044444444444444,0.0
1530,0.0014814814814814,0.0
1531,0.0088888888888888,0.0074074074074074
1532,0.0085185185185185,0.02
1533,0.0057142857142857,0.0
1534,0.007037037037037,0.0
1535,0.0003571428571428,0.0
1536,0.0039285714285714,0.0
1537,0.0054545454545454,0.0
1538,0.0,0.0
1539,0.0,0.0
1540,0.0,0.0
1541,0.015,0.0
1542,0.0019230769230769,0.0
1543,0.0,0.0
1544,0.0,0.0099999999999999
1545,0.0004,0.0
1546,0.0,0.0
1547,0.0,0.0
1548,0.0,0.0
1549,0.0,0.0036363636363636
1550,0.0,0.0094736842105263
1551,0.0,0.0
1552,0.0,0.0133333333333333
1553,0.0,0.005
1554,0.0008,0.0
1555,0.0019230769230769,0.0
1556,0.0,0.005
1557,0.0,0.0
1558,0.0,0.0
1559,0.0,0.0
1560,0.0,0.0
1561,0.0,0.0
1562,0.0017647058823529,0.0027777777777777
1563,0.0,0.0042857142857142
1564,0.0,0.0072727272727272
1565,0.0,0.025
1566,0.0,0.005
1567,0.0,0.02125
1568,0.0,0.0055555555555555
1569,0.0,0.0091666666666666
1570,0.0,0.0064705882352941
1571,0.0,0.0107142857142857
1572,0.0,0.015
1573,0.005,0.0075
1574,0.008,0.0025
1575,0.0,0.0121428571428571
1576,0.0,0.0069230769230769
1577,0.0,0.014
1578,0.0,0.0123076923076923
1579,0.0,0.0116666666666666
1580,0.0,0.0
1581,0.0,0.0
1582,0.0,0.0066666666666666
1583,0.0,0.002
1584,0.0,0.0021428571428571
1585,0.0,0.0033333333333333
1586,0.0,0.0
1587,0.0,0.0
1588,0.0010344827586206,0.005
1589,0.0,0.0
1590,0.0,0.015
1591,0.0,0.025
1592,0.0,0.0
1593,0.0,0.0033333333333333
1594,0.0,0.0066666666666666
1595,0.00125,0.0
1596,0.0,0.0
1597,0.0,0.0115384615384615
1598,0.0,0.0
1599,0.0,0.0
1600,0.0,0.0003703703703703
1601,0.0,0.0003571428571428
1602,0.0005263157894736,0.0003571428571428
1603,0.0,0.0007142857142857
1604,0.0,0.0025
1605,0.0,0.0014285714285714
1606,0.0,0.0017857142857142
1607,0.0,0.0014285714285714
1608,0.0,0.0085714285714285
1609,0.0,0.0085185185185185
1610,0.0,0.0039285714285714
1611,0.0,0.006875
1612,0.0,0.02
1613,0.0,0.0
1614,0.0,0.0083333333333333
1615,0.0,0.0003571428571428
1616,0.0,0.0
1617,0.0,0.0159259259259259
1618,0.00125,0.0044444444444444
1619,0.0,0.0041379310344827
1620,0.0,0.0378571428571428
1621,0.0,0.0341176470588235
1622,0.0,0.0121428571428571
1623,0.0,0.0208
1624,0.0,0.0236363636363636
1625,0.0,0.024
1626,0.0016666666666666,0.0148148148148148
1627,0.0,0.0244444444444444
1628,0.0,0.0138095238095238
1629,0.0,0.0172413793103448
1630,0.0,0.0051724137931034
1631,0.0,0.0308
1632,0.0,0.004
1633,0.0,0.0081818181818181
1634,0.0007692307692307,0.0181481481481481
1635,0.0,0.0178947368421052
1636,0.0,0.0227272727272727
1637,0.001,0.0034615384615384
1638,0.0018181818181818,0.0093333333333333
1639,0.0,0.0072413793103448
1640,0.0,0.0075862068965517
1641,0.0,0.0013333333333333
1642,0.0,0.0039285714285714
1643,0.0,0.0055172413793103
1644,0.0,0.0056666666666666
1645,0.0,0.0139130434782608
1646,0.0,0.0111111111111111
1647,0.0,0.0137931034482758
1648,0.0,0.0096296296296296
1649,0.0,0.0
1650,0.0,0.0171428571428571
1651,0.0,0.0
1652,0.0,0.005
1653,0.0,0.0
1654,0.0,0.0
1655,0.0,0.0
1656,0.0,0.003103448275862
1657,0.0,0.0207142857142857
1658,0.0,0.0246428571428571
1659,0.0,0.0146153846153846
1660,0.0,0.0
1661,0.0,0.0
1662,0.0,0.0
1663,0.0,0.015
1664,0.0,0.02
1665,0.0,0.032
1666,0.0,0.005
1667,0.0,0.0
1668,0.0,0.0
1669,0.0,0.0
1670,0.0,0.0
1671,0.0,0.0
1672,0.0,0.0
1673,0.0,0.0
1674,0.0,0.0
1675,0.0,0.0
1676,0.0,0.0
1677,0.0,0.0
1678,0.0,0.0193103448275862
1679,0.0,0.005
1680,0.0,0.0
1681,0.0,0.0
1682,0.0,0.0
1683,0.0,0.0028571428571428
1684,0.0,0.0122222222222222
1685,0.0,0.0163636363636363
1686,0.0,0.0148275862068965
1687,0.0,0.02
1688,0.0,0.0457142857142857
1689,0.0,0.0251724137931034
1690,0.0,0.0424
1691,0.0,0.03
1692,0.0,0.0153571428571428
1693,0.0,0.0436363636363636
1694,0.0,0.0384615384615384
1695,0.0,0.0074074074074074
1696,0.0,0.0066666666666666
1697,0.0,0.0008333333333333
1698,0.0003448275862068,0.014375
1699,0.0003448275862068,0.0083333333333333
1700,0.0,0.0066666666666666
1701,0.0003448275862068,0.0023076923076923
1702,0.0,0.0045454545454545
1703,0.0,0.0112
1704,0.0,0.0033333333333333
1705,0.0003448275862068,0.0066666666666666
1706,0.0013793103448275,0.0036363636363636
1707,0.0,0.0230434782608695
1708,0.0006896551724137,0.0043999999999999
1709,0.0,0.0022222222222222
1710,0.0006896551724137,0.0010526315789473
1711,0.0013793103448275,0.0075
1712,0.0003448275862068,0.0133333333333333
1713,0.0003333333333333,0.04
1714,0.0027586206896551,0.0046153846153846
1715,0.0036666666666666,0.008
1716,0.0020689655172413,0.0110526315789473
1717,0.0,0.0182142857142857
1718,0.0099999999999999,0.014
1719,0.0155172413793103,0.0327586206896551
1720,0.0096551724137931,0.0337931034482758
1721,0.008,0.0379310344827586
1722,0.0,0.0355172413793103
1723,0.0,0.0257894736842105
1724,0.0,0.048695652173913
1725,0.0,0.04
1726,0.0166666666666666,0.0404761904761904
1727,0.0044444444444444,0.0354545454545454
1728,0.0033333333333333,0.0233333333333333
1729,0.0083333333333333,0.0283333333333333
1730,0.0,0.031
1731,0.01,0.0542857142857143
1732,0.0114814814814814,0.0213793103448275
1733,0.0074074074074074,0.0
1734,0.0062962962962962,0.0253846153846153
1735,0.0064285714285714,0.0
1736,0.0042857142857142,0.0166666666666666
1737,0.0064285714285714,0.0466666666666666
1738,0.0089285714285714,0.0308
1739,0.0221428571428571,0.055
1740,0.0137931034482758,0.0385185185185185
1741,0.015,0.046
1742,0.0138461538461538,0.0466666666666666
1743,0.0114285714285714,0.0385714285714285
1744,0.0114814814814814,0.0
1745,0.0133333333333333,0.0
1746,0.0135,0.0
1747,0.01,0.0433333333333333
1748,0.0128571428571428,0.015
1749,0.0,0.0
1750,0.0107692307692307,0.01
1751,0.0,0.0359259259259259
1752,0.0,0.0481818181818181
1753,0.0,0.056551724137931
1754,0.0,0.0246666666666666
1755,0.0,0.0233333333333333
1756,0.0,0.0344827586206896
1757,0.0,0.035
1758,0.0039285714285714,0.0513793103448276
1759,0.0139285714285714,0.0234482758620689
1760,0.0165217391304347,0.0093103448275862
1761,0.0,0.0393103448275862
1762,0.0,0.0024137931034482
1763,0.0,0.0051851851851851
1764,0.0,0.0086206896551724
1765,0.0,0.013
1766,0.0,0.0075
1767,0.0,0.0
1768,0.0,0.0
1769,0.0,0.0
1770,0.0,0.0
1771,0.0,0.0085714285714285
1772,0.0,0.0
1773,0.0,0.0
1774,0.0,0.0
1775,0.0055,0.0
1776,0.0058620689655172,0.0
1777,0.0189655172413793,0.0
1778,0.0078947368421052,0.0006666666666666
1779,0.0157142857142857,0.0011111111111111
1780,0.011,0.0
1781,0.0092857142857142,0.0023529411764705
1782,0.0138461538461538,0.0
1783,0.0,0.0036363636363636
1784,0.01,0.0033333333333333
1785,0.008,0.0025
1786,0.0176923076923076,0.0
1787,0.0168421052631578,0.0
1788,0.0111538461538461,0.005
1789,0.0078571428571428,0.002
1790,0.01,0.0045454545454545
1791,0.0,0.0
1792,0.0,0.0
1793,0.005,0.0
1794,0.0085714285714285,0.0
1795,0.003076923076923,0.0
1796,0.0034482758620689,0.0033333333333333
1797,0.0,0.0014285714285714
1798,0.0013793103448275,0.0013333333333333
1799,0.0,0.0023809523809523
1800,0.0,0.0017647058823529
1801,0.0,0.0025
1802,0.0003448275862068,0.0071428571428571
1803,0.0,0.0
1804,0.0,0.0
1805,0.0,0.0
1806,0.0007142857142857,0.0
1807,0.0003571428571428,0.0
1808,0.0,0.0
1809,0.0003448275862068,0.0
1810,0.0010344827586206,0.0
1811,0.0003703703703703,0.0
1812,0.0003448275862068,0.0
1813,0.0,0.0
1814,0.0,0.0
1815,0.0,0.0
1816,0.0010344827586206,0.0
1817,0.0,0.0
1818,0.0,0.0
1819,0.0,0.0
1820,0.0006896551724137,0.0014814814814814
1821,0.0027586206896551,0.0
1822,0.0003448275862068,0.0007142857142857
1823,0.0006896551724137,0.0003571428571428
1824,0.0003448275862068,0.0
1825,0.0,0.0
1826,0.0,0.0003571428571428
1827,0.0,0.0003571428571428
1828,0.0,0.0
1829,0.0,0.0
1830,0.0006896551724137,0.0
1831,0.0017241379310344,0.0
1832,0.0020689655172413,0.0
1833,0.0003448275862068,0.0
1834,0.0,0.0
1835,0.0,0.0032142857142857
1836,0.0,0.0075
1837,0.0,0.0067857142857142
1838,0.0,0.0132142857142857
1839,0.0,0.0307692307692307
1840,0.0,0.0084615384615384
1841,0.0,0.0248148148148148
1842,0.0,0.0181481481481481
1843,0.0,0.0
1844,0.007,0.0003571428571428
1845,0.0,0.0021428571428571
1846,0.0035714285714285,0.0042857142857142
1847,0.0066666666666666,0.004074074074074
1848,0.0008,0.0
1849,0.0132142857142857,0.0396428571428571
1850,0.0037931034482758,0.0196296296296296
1851,0.0,0.0014285714285714
1852,0.0,0.0514814814814814
1853,0.0017241379310344,0.0014285714285714
1854,0.0155555555555555,0.0032142857142857
1855,0.0007142857142857,0.0267857142857142
1856,0.0003571428571428,0.005
1857,0.0,0.0035714285714285
1858,0.0,0.0044444444444444
1859,0.0003448275862068,0.0042857142857142
1860,0.0010714285714285,0.0
1861,0.0006896551724137,0.0007407407407407
1862,0.003103448275862,0.0053571428571428
1863,0.0010344827586206,0.0064285714285714
1864,0.0010344827586206,0.0067857142857142
1865,0.0010344827586206,0.0017857142857142
1866,0.0003448275862068,0.0
1867,0.009,0.0
1868,0.0136666666666666,0.0
1869,0.0173076923076923,0.0028
1870,0.0144444444444444,0.0003571428571428
1871,0.0116666666666666,0.0
1872,0.0126086956521739,0.0
1873,0.0182758620689655,0.0
1874,0.0057142857142857,0.0
1875,0.01375,0.0
1876,0.0003448275862068,0.0
1877,0.0003333333333333,0.0
1878,0.0074074074074074,0.0
1879,0.0003448275862068,0.0
1880,0.0010344827586206,0.0
1881,0.0,0.0
1882,0.0,0.0
1883,0.0003703703703703,0.0
1884,0.0003571428571428,0.0
1885,0.0003703703703703,0.0060714285714285
1886,0.0007407407407407,0.0021428571428571
1887,0.0003571428571428,0.0039285714285714
1888,0.0,0.0081481481481481
1889,0.0011538461538461,0.0025925925925925
1890,0.0007142857142857,0.0012
1891,0.0035714285714285,0.0
1892,0.0020689655172413,0.0003846153846153
1893,0.0006896551724137,0.0069230769230769
1894,0.0006666666666666,0.0014814814814814
1895,0.001,0.0039285714285714
1896,0.0,0.0271428571428571
1897,0.0003448275862068,0.0
1898,0.0,0.0007142857142857
1899,0.0003571428571428,0.0
1900,0.0,0.0
1901,0.0,0.0
1902,0.0,0.0
1903,0.0,0.0010714285714285
1904,0.0,0.0053571428571428
1905,0.0017241379310344,0.0057142857142857
1906,0.0020689655172413,0.0028571428571428
1907,0.0010344827586206,0.0003571428571428
1908,0.0003448275862068,0.0051724137931034
1909,0.0003333333333333,0.0014285714285714
1910,0.0028571428571428,0.0039285714285714
1911,0.0004347826086956,0.0062068965517241
1912,0.0,0.0032142857142857
1913,0.0,0.0046428571428571
1914,0.0,0.0039285714285714
1915,0.0,0.0
1916,0.0,0.0
1917,0.0,0.0
1918,0.0010344827586206,0.0
1919,0.0017241379310344,0.0
1920,0.0,0.0
1921,0.0,0.0
1922,0.0,0.0
1923,0.0,0.0075
1924,0.0,0.0089285714285714
1925,0.0,0.0053571428571428
1926,0.0003571428571428,0.0010714285714285
1927,0.0083333333333333,0.0053571428571428
1928,0.0078571428571428,0.0003571428571428
1929,0.0113793103448275,0.008076923076923
1930,0.006551724137931,0.0034615384615384
1931,0.0061538461538461,0.0285185185185185
1932,0.0072413793103448,0.0175
1933,0.0038461538461538,0.0081481481481481
1934,0.0,0.0051851851851851
1935,0.0013793103448275,0.0
1936,0.0042857142857142,0.0
1937,0.0033333333333333,0.0
1938,0.0014814814814814,0.0011111111111111
1939,0.0003703703703703,0.0
1940,0.0017857142857142,0.0
1941,0.0,0.0014814814814814
1942,0.0028571428571428,0.004074074074074
1943,0.0081818181818181,0.0049999999999999
1944,0.0075,0.0
1945,0.0032142857142857,0.0
1946,0.0084615384615384,0.0
1947,0.0,0.0014285714285714
1948,0.0054166666666666,0.0046428571428571
1949,0.0061111111111111,0.0053571428571428
1950,0.0025,0.0
1951,0.010625,0.0
1952,0.008695652173913,0.0
1953,0.008,0.0
1954,0.0122222222222222,0.0
1955,0.0059999999999999,0.0
1956,0.0004166666666666,0.0
1957,0.0073684210526315,0.0
1958,0.002,0.0
1959,0.0044444444444444,0.0
1960,0.0125,0.0017857142857142
1961,0.0033333333333333,0.0003571428571428
1962,0.0056521739130434,0.0032142857142857
1963,0.0007407407407407,0.0003571428571428
1964,0.0038461538461538,0.0025
1965,0.0079999999999999,0.0
1966,0.0053333333333333,0.0007142857142857
1967,0.003076923076923,0.0
1968,0.002,0.0
1969,0.005,0.0
1970,0.0,0.0053571428571428
1971,0.0,0.0025
1972,0.0,0.0
1973,0.0,0.0
1974,0.0,0.0
1975,0.0,0.0
1976,0.0,0.0
1977,0.0,0.0
1978,0.0,0.0
1979,0.0,0.0208
1980,0.0,0.0292857142857142
1981,0.0,0.0507407407407407
1982,0.0,0.0207407407407407
1983,0.0,0.0388888888888888
1984,0.0,0.0151851851851851
1985,0.0,0.0188888888888888
1986,0.0,0.0317857142857143
1987,0.0,0.034074074074074
1988,0.0,0.0
1989,0.0,0.0011111111111111
1990,0.0,0.0032142857142857
1991,0.0,0.0014814814814814
1992,0.0,0.0032142857142857
1993,0.0,0.0003703703703703
1994,0.0,0.0
1995,0.0,0.0
1996,0.0,0.0014285714285714
1997,0.0,0.0
1998,0.0,0.0159259259259259
1999,0.0,0.0214814814814814
2000,0.0,0.0425925925925925
2001,0.0,0.0253571428571428
2002,0.0,0.0235714285714285
2003,0.0,0.0539285714285714
2004,0.0,0.0328571428571428
2005,0.0,0.0278571428571428
2006,0.0,0.0582142857142857
2007,0.0,0.0203571428571428
2008,0.0,0.018076923076923
2009,0.0052173913043478,0.0024137931034482
2010,0.0,0.0116666666666666
2011,0.0,0.046551724137931
2012,0.0,0.0234482758620689
2013,0.0,0.0058620689655172
2014,0.0,0.0506896551724138
2015,0.0,0.0389655172413793
2016,0.0,0.0289655172413793
2017,0.0,0.02
2018,0.0,0.0171428571428571
2019,0.0,0.0211111111111111
2020,0.0,0.0129629629629629
2021,0.0,0.0069565217391304
2022,0.0,0.0
2023,0.0,0.0
2024,0.0,0.0
2025,0.0,0.02
2026,0.0,0.0310714285714285
2027,0.0,0.0153571428571428
2028,0.0,0.0278571428571428
2029,0.0,0.0082758620689655
2030,0.0,0.0325
2031,0.0,0.015
2032,0.0,0.0221428571428571
2033,0.0,0.02
2034,0.0,0.0203448275862069
2035,0.0,0.0224137931034482
2036,0.0,0.0207407407407407
2037,0.0,0.0196428571428571
2038,0.0,0.0310714285714285
2039,0.0,0.0558620689655172
2040,0.0,0.0242857142857142
2041,0.0,0.0417857142857142
2042,0.0,0.0417241379310344
2043,0.0,0.0206896551724138
2044,0.0,0.0232142857142857
2045,0.0,0.0086206896551724
2046,0.0,0.0362068965517241
2047,0.0,0.0148275862068965
2048,0.0,0.0085714285714285
2049,0.0,0.0055172413793103
2050,0.0,0.0010714285714285
2051,0.0,0.0010714285714285
2052,0.0,0.0207142857142857
2053,0.0,0.0378571428571428
2054,0.0,0.0275862068965517
2055,0.0,0.0479310344827586
2056,0.0,0.0267857142857142
2057,0.0,0.0225925925925926
2058,0.0,0.0455172413793103
2059,0.0,0.0578260869565217
2060,0.0,0.0344444444444444
2061,0.0,0.0577777777777777
2062,0.0,0.04
2063,0.0,0.0092
2064,0.0,0.0439285714285714
2065,0.0,0.0334482758620689
2066,0.0122222222222222,0.0
2067,0.0085714285714285,0.0384615384615384
2068,0.0,0.0560869565217391
2069,0.0,0.0122222222222222
2070,0.0,0.0482608695652174
2071,0.0,0.02125
2072,0.0,0.0262857142857142
2073,0.0,0.0131428571428571
2074,0.0,0.0172727272727272
2075,0.0,0.0354838709677419
2076,0.0014285714285714,0.0213333333333333
2077,0.015,0.0492857142857143
2078,0.018095238095238,0.0228571428571428
2079,0.001,0.0
2080,0.0,0.0
2081,0.002,0.0
2082,0.0062068965517241,0.0
2083,0.0,0.0
2084,0.0,0.0
2085,0.0014285714285714,0.0002941176470588
2086,0.0037037037037037,0.0002941176470588
2087,0.0,0.0008823529411764
2088,0.0013793103448275,0.0023529411764705
2089,0.0,0.0108823529411764
2090,0.0003333333333333,0.0129411764705882
2091,0.0,0.01
2092,0.0006666666666666,0.0075757575757575
2093,0.0008,0.0006060606060606
2094,0.0023076923076923,0.0020588235294117
2095,0.0,0.0
2096,0.0,0.0044117647058823
2097,0.0,0.01
2098,0.0,0.013235294117647
2099,0.0,0.0
2100,0.0,0.0075
2101,0.0,0.0077419354838709
2102,0.0,0.0044117647058823
2103,0.0,0.0229411764705882
2104,0.0,0.0005882352941176
2105,0.0,0.0364705882352941
2106,0.0,0.0261764705882353
2107,0.0,0.0288235294117647
2108,0.0,0.0144117647058823
2109,0.0,0.0541935483870967
2110,0.0,0.0442424242424242
2111,0.0,0.0258823529411764
2112,0.0,0.0205882352941176
2113,0.0,0.0205882352941176
2114,0.0,0.0329411764705882
2115,0.0,0.0031428571428571
2116,0.0,0.0029411764705882
2117,0.0,0.0191176470588235
2118,0.0,0.0035294117647058
2119,0.0,0.0041176470588235
2120,0.0,0.046551724137931
2121,0.0,0.00625
2122,0.0,0.0033333333333333
2123,0.0,0.0003225806451612
2124,0.0,0.012258064516129
2125,0.0,0.0263636363636363
2126,0.0,0.0344117647058823
2127,0.0,0.013030303030303
2128,0.0,0.0139393939393939
2129,0.0,0.0369696969696969
2130,0.0,0.01375
2131,0.0,0.0166666666666666
2132,0.0,0.02
2133,0.0,0.0429411764705882
2134,0.0,0.0205882352941176
2135,0.0,0.048235294117647
2136,0.0,0.0367647058823529
2137,0.0,0.0347058823529412
2138,0.0,0.0297058823529411
2139,0.0,0.0361764705882352
2140,0.0,0.0473529411764706
2141,0.0,0.0113333333333333
2142,0.0,0.04
2143,0.0,0.0112121212121212
2144,0.0,0.0278787878787878
2145,0.0,0.0312121212121212
2146,0.0,0.02125
2147,0.0,0.0109677419354838
2148,0.0,0.0051515151515151
2149,0.0,0.0278125
2150,0.0,0.0037499999999999
2151,0.0,0.00875
2152,0.0,0.0215625
2153,0.0,0.0275
2154,0.0,0.009375
2155,0.0,0.0124242424242424
2156,0.0,0.0272727272727272
2157,0.002,0.0278787878787878
2158,0.0071428571428571,0.0111111111111111
2159,0.0033333333333333,0.0093939393939393
2160,0.0033333333333333,0.0409090909090909
2161,0.0016666666666666,0.0415151515151515
2162,0.0003333333333333,0.0419354838709677
2163,0.0,0.0104545454545454
2164,0.0,0.016
2165,0.0,0.0344
2166,0.0005882352941176,0.0195652173913043
2167,0.0076,0.0404545454545454
2168,0.009,0.0325
2169,0.0051724137931034,0.0330434782608695
2170,0.0057142857142857,0.0112
2171,0.0042105263157894,0.0548
2172,0.0,0.0248
2173,0.0,0.0204
2174,0.0,0.0512
2175,0.0,0.055
2176,0.0003333333333333,0.0053846153846153
2177,0.0,0.0004
2178,0.0020689655172413,0.0
2179,0.0006896551724137,0.0
2180,0.0017241379310344,0.0011538461538461
2181,0.0011111111111111,0.0
2182,0.0005555555555555,0.0028
2183,0.0,0.0313636363636363
2184,0.0,0.0075999999999999
2185,0.0,0.0480952380952381
2186,0.0,0.0295652173913043
2187,0.0,0.0325
2188,0.0,0.0111538461538461
2189,0.0,0.0484615384615384
2190,0.0,0.0169230769230769
2191,0.0,0.022
2192,0.0,0.0049999999999999
2193,0.0013043478260869,0.0279166666666666
2194,0.0,0.012
2195,0.0,0.0176
2196,0.0,0.047037037037037
2197,0.0,0.0492307692307692
2198,0.0,0.0507692307692307
2199,0.0,0.0243999999999999
2200,0.0,0.0264
2201,0.0,0.0126923076923076
2202,0.0,0.02
2203,0.0,0.0094444444444444
2204,0.0,0.0063636363636363
2205,0.0,0.004
2206,0.0003846153846153,0.0
2207,0.0,0.0003846153846153
2208,0.0,0.0
2209,0.0,0.036
2210,0.0,0.024074074074074
2211,0.0,0.0016
2212,0.0,0.0073076923076923
2213,0.0,0.0069230769230769
2214,0.0004166666666666,0.0084
2215,0.003,0.0049999999999999
2216,0.0,0.0024
2217,0.0006666666666666,0.0475999999999999
2218,0.0003333333333333,0.01
2219,0.0003333333333333,0.01
2220,0.0,0.0112
2221,0.0003333333333333,0.0144
2222,0.001,0.037391304347826
2223,0.001,0.0228
2224,0.003,0.0222222222222222
2225,0.0083333333333333,0.0536
2226,0.0093333333333333,0.0441176470588235
2227,0.003,0.0388
2228,0.002,0.0416
2229,0.0006666666666666,0.0423076923076923
2230,0.002,0.0334615384615384
2231,0.0066666666666666,0.055
2232,0.0010344827586206,0.0432
2233,0.0016666666666666,0.0336
2234,0.0,0.0488461538461538
2235,0.0,0.028
2236,0.0,0.038
2237,0.0,0.0376923076923077
2238,0.0,0.01
2239,0.0,0.0069230769230769
2240,0.0,0.0092307692307692
2241,0.0,0.0138461538461538
2242,0.0,0.0569230769230769
2243,0.0,0.05
2244,0.0041379310344827,0.0184615384615384
2245,0.0017241379310344,0.055
2246,0.0,0.0
2247,0.0,0.0
2248,0.0,0.0
2249,0.0,0.0
2250,0.0066666666666666,0.0
2251,0.0,0.0
2252,0.0,0.0
2253,0.0,0.0003703703703703
2254,0.0075,0.0014814814814814
2255,0.004,0.0
2256,0.0,0.0
2257,0.0066666666666666,0.0
2258,0.013,0.0
2259,0.005,0.0
2260,0.0,0.0
2261,0.0,0.0
2262,0.0066666666666666,0.0
2263,0.005,0.0007142857142857
2264,0.0,0.0007142857142857
2265,0.004,0.0003448275862068
2266,0.004,0.0010344827586206
2267,0.0075,0.0
2268,0.005,0.0
2269,0.0,0.0
2270,0.0,0.0
2271,0.0,0.0
2272,0.0,0.0038461538461538
2273,0.0,0.0044444444444444
2274,0.0072222222222222,0.0
2275,0.0055555555555555,0.009
2276,0.0045454545454545,0.0047368421052631
2277,0.0055555555555555,0.0003571428571428
2278,0.005,0.0399999999999999
2279,0.0086666666666666,0.0189655172413793
2280,0.0078947368421052,0.0196428571428571
2281,0.0053333333333333,0.0093103448275862
2282,0.0047826086956521,0.0164285714285714
2283,0.0028571428571428,0.0182608695652173
2284,0.005,0.0482758620689655
2285,0.0071428571428571,0.0442857142857143
2286,0.0055555555555555,0.0576923076923077
2287,0.0,0.0096153846153846
2288,0.0,0.0199999999999999
2289,0.0,0.0156
2290,0.0,0.0214814814814814
2291,0.0,0.01
2292,0.0,0.0344827586206896
2293,0.0,0.0007407407407407
2294,0.0,0.017037037037037
2295,0.0,0.0075
2296,0.0,0.0024999999999999
2297,0.0,0.0014814814814814
2298,0.0,0.0189285714285714
2299,0.0,0.0221428571428571
2300,0.0,0.0
2301,0.0,0.0003448275862068
2302,0.0,0.0017857142857142
2303,0.0,0.0
2304,0.0,0.0
2305,0.0,0.0
2306,0.0,0.0
2307,0.0,0.0
2308,0.0,0.0033333333333333
2309,0.0,0.0023076923076923
2310,0.0,0.0007692307692307
2311,0.0,0.0
2312,0.0,0.0
2313,0.0,0.0
2314,0.0,0.0
2315,0.0,0.0
2316,0.0,0.0
2317,0.0,0.0
2318,0.0,0.0
2319,0.0,0.0022222222222222
2320,0.0,0.0
2321,0.0,0.0
2322,0.0,0.0014814814814814
2323,0.0,0.0
2324,0.0,0.0
2325,0.0,0.0
2326,0.0,0.0
2327,0.0,0.0026086956521739
2328,0.0,0.0030434782608695
2329,0.0,0.0007692307692307
2330,0.0,0.0042857142857142
2331,0.0,0.0
2332,0.0,0.0185714285714285
2333,0.0,0.0
2334,0.0,0.0125
2335,0.0,0.009
2336,0.0,0.0
2337,0.0,0.0
2338,0.0,0.0
2339,0.0,0.0
2340,0.0,0.0
2341,0.0,0.0
2342,0.0,0.0
2343,0.0,0.0021052631578947
2344,0.0,0.0008
2345,0.0,0.0011111111111111
2346,0.0,0.0033333333333333
2347,0.0,0.0
2348,0.0,0.0
2349,0.0,0.0
2350,0.0,0.0
2351,0.0,0.0077777777777777
2352,0.0,0.002
2353,0.0,0.0025
2354,0.0,0.0085
2355,0.0,0.0432
2356,0.0,0.0007692307692307
2357,0.0,0.0238461538461538
2358,0.0,0.0022222222222222
2359,0.0,0.0075
2360,0.0,0.0179166666666666
2361,0.0,0.0266666666666666
2362,0.0,0.038
2363,0.0,0.0
2364,0.0,0.0125
2365,0.0,0.05
2366,0.0,0.0025
2367,0.0,0.0075
2368,0.0,0.0
2369,0.0,0.013076923076923
2370,0.0,0.0041666666666666
2371,0.0,0.0133333333333333
2372,0.0,0.0057894736842105
2373,0.0,0.0133333333333333
2374,0.0,0.002
2375,0.0,0.0286666666666666
2376,0.0,0.005
2377,0.0,0.0366666666666666
2378,0.0,0.0238461538461538
2379,0.0,0.0188888888888888
2380,0.0,0.0314999999999999
2381,0.0,0.0246153846153846
2382,0.0,0.0316666666666666
2383,0.0,0.0261111111111111
2384,0.0,0.043076923076923
2385,0.0,0.037037037037037
2386,0.0,0.0185714285714285
2387,0.0,0.0199999999999999
2388,0.0,0.0207142857142857
2389,0.0,0.015
2390,0.0,0.0213333333333333
2391,0.0,0.0184210526315789
2392,0.0,0.011
2393,0.0,0.0113636363636363
2394,0.0,0.0217647058823529
2395,0.0,0.0257894736842105
2396,0.0,0.0338461538461538
2397,0.0,0.0294444444444444
2398,0.0,0.02
2399,0.0,0.019375
2400,0.0,0.0118181818181818
2401,0.0,0.008
2402,0.0,0.0
2403,0.0,0.0
2404,0.0,0.0
2405,0.0,0.0
2406,0.0,0.0
2407,0.0,0.0
2408,0.0,0.0
2409,0.0,0.0
2410,0.0,0.0
2411,0.0,0.0
2412,0.0,0.0
2413,0.0,0.0
2414,0.0,0.032
2415,0.0,0.0
2416,0.0,0.0342105263157894
2417,0.0,0.0342857142857142
2418,0.0,0.035
2419,0.0,0.0357142857142857
2420,0.0,0.0133333333333333
2421,0.0177419354838709,0.03
2422,0.0179411764705882,0.035
2423,0.0158823529411764,0.02
2424,0.0226470588235294,0.0399999999999999
2425,0.0141176470588235,0.04
2426,0.0176470588235294,0.0357142857142857
2427,0.0114705882352941,0.0358333333333333
2428,0.0141176470588235,0.0445454545454545
2429,0.0135294117647058,0.03
2430,0.015,0.03
2431,0.0167647058823529,0.0341666666666666
2432,0.015,0.0368421052631579
2433,0.015,0.0407407407407407
2434,0.02,0.0333333333333333
2435,0.0158823529411764,0.0253333333333333
2436,0.018235294117647,0.035
2437,0.015,0.0262962962962963
2438,0.013235294117647,0.0199999999999999
2439,0.0108823529411764,0.019047619047619
2440,0.0123529411764705,0.0180952380952381
2441,0.0114285714285714,0.015
2442,0.013235294117647,0.0161538461538461
2443,0.0102857142857142,0.0208695652173913
2444,0.0122857142857142,0.0085714285714285
2445,0.0182857142857142,0.0
2446,0.012,0.0
2447,0.0152941176470588,0.0025925925925925
2448,0.0057142857142857,0.0044444444444444
2449,0.0137142857142857,0.0062962962962962
2450,0.0188571428571428,0.0015384615384615
2451,0.0155172413793103,0.0011111111111111
2452,0.0117142857142857,0.0
2453,0.0102857142857142,0.0003703703703703
2454,0.0117142857142857,0.0407407407407407
2455,0.0114285714285714,0.0003703703703703
2456,0.0105714285714285,0.0
2457,0.0148571428571428,0.0057692307692307
2458,0.0117142857142857,0.0062962962962962
2459,0.006,0.0
2460,0.0082857142857142,0.0
2461,0.0065714285714285,0.0007692307692307
2462,0.0042857142857142,0.0
2463,0.0037142857142857,0.0
2464,0.0068571428571428,0.0
2465,0.0048571428571428,0.0014285714285714
2466,0.0042857142857142,0.0042857142857142
2467,0.0,0.0182142857142857
2468,0.0025714285714285,0.0103703703703703
2469,0.0039999999999999,0.0107407407407407
2470,0.0125714285714285,0.0029629629629629
2471,0.0214285714285714,0.0473076923076923
2472,0.0202857142857142,0.05
2473,0.0154285714285714,0.0225925925925926
2474,0.0151428571428571,0.0466666666666666
2475,0.0114285714285714,0.0
2476,0.0220588235294117,0.0074074074074074
2477,0.0214285714285714,0.02
2478,0.0182857142857142,0.0062962962962962
2479,0.0137142857142857,0.0192592592592592
2480,0.0170588235294117,0.0126923076923076
2481,0.02,0.0337037037037037
2482,0.0137142857142857,0.0307407407407407
2483,0.0165714285714285,0.0478571428571428
2484,0.014,0.0196296296296296
2485,0.0128571428571428,0.0262962962962963
2486,0.0153125,0.0181481481481481
2487,0.012,0.02125
2488,0.0097142857142857,0.0222727272727272
2489,0.0114285714285714,0.01
2490,0.0108571428571428,0.0129166666666666
2491,0.0082857142857142,0.0
2492,0.0122857142857142,0.0
2493,0.0094285714285714,0.0
2494,0.0077142857142857,0.0
2495,0.0074285714285714,0.0
2496,0.0068571428571428,0.0148275862068965
2497,0.0028571428571428,0.0026470588235294
2498,0.0002857142857142,0.0015151515151515
2499,0.0005714285714285,0.0073529411764705
2500,0.0005714285714285,0.0211764705882353
2501,0.0042857142857142,0.0217647058823529
2502,0.0011428571428571,0.0363636363636363
2503,0.0082857142857142,0.0288235294117647
2504,0.0082857142857142,0.0441176470588235
2505,0.01,0.0208823529411764
2506,0.0108571428571428,0.0070588235294117
2507,0.0102857142857142,0.0197058823529411
2508,0.0148571428571428,0.0123529411764705
2509,0.0122857142857142,0.0111764705882352
2510,0.0122857142857142,0.0029411764705882
2511,0.0134285714285714,0.0044117647058823
2512,0.0142857142857142,0.018235294117647
2513,0.0151428571428571,0.0252941176470588
2514,0.0054285714285714,0.0267647058823529
2515,0.0062857142857142,0.0324242424242424
2516,0.0037142857142857,0.0303030303030303
2517,0.0077142857142857,0.0146875
2518,0.0134285714285714,0.0047058823529411
2519,0.0142857142857142,0.0161764705882353
2520,0.0102857142857142,0.0070588235294117
2521,0.0068571428571428,0.0029411764705882
2522,0.0051428571428571,0.0011764705882352
2523,0.0131428571428571,0.0015625
2524,0.0174285714285714,0.010625
2525,0.0091428571428571,0.0063636363636363
2526,0.0137142857142857,0.0048484848484848
2527,0.0131428571428571,0.0
2528,0.0003125,0.0357575757575757
2529,0.002,0.0
2530,0.0105714285714285,0.0003030303030303
2531,0.0085714285714285,0.009090909090909
2532,0.0128571428571428,0.0096969696969697
2533,0.0137142857142857,0.0033333333333333
2534,0.0117142857142857,0.0
2535,0.0088571428571428,0.0039393939393939
2536,0.018,0.0096969696969697
2537,0.0117142857142857,0.0033333333333333
2538,0.0082857142857142,0.0172413793103448
2539,0.0145714285714285,0.02
2540,0.0137142857142857,0.0051515151515151
2541,0.0108571428571428,0.0006060606060606
2542,0.0054285714285714,0.0023529411764705
2543,0.0088571428571428,0.0488235294117647
2544,0.0137142857142857,0.042
2545,0.0182857142857142,0.0409090909090909
2546,0.0165714285714285,0.0567647058823529
2547,0.0151428571428571,0.0323529411764706
2548,0.006,0.0238235294117647
2549,0.012,0.0502941176470588
2550,0.0148571428571428,0.0225925925925925
2551,0.0111428571428571,0.0151515151515151
2552,0.0142857142857142,0.023125
2553,0.0097142857142857,0.0152941176470588
2554,0.0137142857142857,0.0178787878787878
2555,0.0194285714285714,0.0109375
2556,0.0225714285714285,0.0163636363636363
2557,0.0134285714285714,0.0387096774193548
2558,0.0202857142857142,0.0
2559,0.0171428571428571,0.0006060606060606
2560,0.0142857142857142,0.0
2561,0.0185714285714285,0.0002941176470588
2562,0.0082857142857142,0.0035294117647058
2563,0.0051428571428571,0.0036363636363636
2564,0.014375,0.0020588235294117
2565,0.01,0.0077419354838709
2566,0.0171428571428571,0.0017391304347826
2567,0.0137142857142857,0.0020833333333333
2568,0.0079999999999999,0.0078260869565217
2569,0.0168571428571428,0.0525
2570,0.0217142857142857,0.0195833333333333
2571,0.018,0.0108
2572,0.0125714285714285,0.0245833333333333
2573,0.0105714285714285,0.0383333333333333
2574,0.0208571428571428,0.01
2575,0.0111428571428571,0.0325
2576,0.006,0.0447999999999999
2577,0.0065714285714285,0.023076923076923
2578,0.0028571428571428,0.0116
2579,0.0039999999999999,0.0073076923076923
2580,0.0031428571428571,0.0115384615384615
2581,0.0037142857142857,0.0032
2582,0.0102857142857142,0.0154166666666666
2583,0.0111428571428571,0.0148
2584,0.0105714285714285,0.0
2585,0.0091428571428571,0.0005555555555555
2586,0.014,0.0
2587,0.0117142857142857,0.0003846153846153
2588,0.014,0.001578947368421
2589,0.0094285714285714,0.0085714285714285
2590,0.0117142857142857,0.005
2591,0.0051428571428571,0.0034782608695652
2592,0.0077142857142857,0.0048
2593,0.0117142857142857,0.0
2594,0.008,0.0
2595,0.0088571428571428,0.0
2596,0.0168571428571428,0.0
2597,0.0137142857142857,0.0088235294117647
2598,0.0085294117647058,0.0084210526315789
2599,0.0073529411764705,0.0
2600,0.0144117647058823,0.0
2601,0.0135294117647058,0.0
2602,0.0179411764705882,0.0
2603,0.01,0.0
2604,0.015,0.0129166666666666
2605,0.0155882352941176,0.008
2606,0.0152941176470588,0.0218181818181818
2607,0.0111764705882353,0.023076923076923
2608,0.0109090909090909,0.0211111111111111
2609,0.0184848484848484,0.0
2610,0.01,0.0366666666666666
2611,0.0094117647058823,0.02
2612,0.01,0.005
2613,0.0114705882352941,0.0111111111111111
2614,0.0120588235294117,0.0134615384615384
2615,0.0076470588235294,0.0
2616,0.0155882352941176,0.0038461538461538
2617,0.0108823529411764,0.0124
2618,0.0105882352941176,0.0143478260869565
2619,0.0135294117647058,0.004
2620,0.0152941176470588,0.0
2621,0.013235294117647,0.0
2622,0.0179411764705882,0.004074074074074
2623,0.013235294117647,0.0044444444444444
2624,0.0194117647058823,0.0051851851851851
2625,0.0147058823529411,0.0033333333333333
2626,0.0138235294117647,0.0
2627,0.0185294117647058,0.0
2628,0.0167647058823529,0.0
2629,0.0161764705882353,0.0
2630,0.013235294117647,0.0
2631,0.0124242424242424,0.0
2632,0.016060606060606,0.0
2633,0.0164705882352941,0.0
2634,0.02,0.0
2635,0.0212121212121212,0.0
2636,0.015,0.0022727272727272
2637,0.0108823529411764,0.0022222222222222
2638,0.0126470588235294,0.0081481481481481
2639,0.0035483870967741,0.0011111111111111
2640,0.0076470588235294,0.0033333333333333
2641,0.0035294117647058,0.0007407407407407
2642,0.0,0.0003846153846153
2643,0.005,0.0
2644,0.0057575757575757,0.0026923076923076
2645,0.0148484848484848,0.0018518518518518
2646,0.0181818181818181,0.0048
2647,0.0139393939393939,0.0014814814814814
2648,0.0164705882352941,0.0077777777777777
2649,0.0184848484848484,0.0066666666666666
2650,0.0196969696969697,0.004074074074074
2651,0.0167647058823529,0.0007407407407407
2652,0.0152941176470588,0.0
2653,0.015,0.0
2654,0.0144117647058823,0.0062499999999999
2655,0.0197058823529411,0.0
2656,0.015,0.0
2657,0.01,0.0
2658,0.0105882352941176,0.008
2659,0.0135294117647058,0.0
2660,0.0,0.0
2661,0.0,0.0
2662,0.0002777777777777,0.0
2663,0.0038888888888888,0.0
2664,0.0005555555555555,0.0032
2665,0.0002777777777777,0.0051724137931034
2666,0.0,0.0042857142857142
2667,0.0,0.005
2668,0.0025,0.0085714285714285
2669,0.0,0.0164285714285714
2670,0.0,0.0092857142857142
2671,0.0,0.0096296296296296
2672,0.0002777777777777,0.0118518518518518
2673,0.0,0.0049999999999999
2674,0.0,0.0084615384615384
2675,0.0,0.00375
2676,0.0022222222222222,0.0
2677,0.0075,0.0215384615384615
2678,0.0048571428571428,0.0337037037037037
2679,0.0038888888888888,0.0055555555555555
2680,0.0,0.0
2681,0.0005555555555555,0.0036842105263157
2682,0.0027777777777777,0.00125
2683,0.0002777777777777,0.0
2684,0.0,0.0
2685,0.0016666666666666,0.0
2686,0.0002777777777777,0.0
2687,0.0016666666666666,0.0
2688,0.0,0.0
2689,0.0002777777777777,0.0488235294117647
2690,0.0,0.0477777777777777
2691,0.0,0.0
2692,0.0,0.0
2693,0.0005555555555555,0.0
2694,0.0,0.0
2695,0.0,0.0
2696,0.0005555555555555,0.0033333333333333
2697,0.001875,0.0
2698,0.00125,0.0
2699,0.0025,0.0003846153846153
2700,0.0011111111111111,0.0016666666666666
2701,0.0,0.0015384615384615
2702,0.0,0.003076923076923
2703,0.0013888888888888,0.0014285714285714
2704,0.0033333333333333,0.0028571428571428
2705,0.0,0.0
2706,0.0011428571428571,0.0
2707,0.0013888888888888,0.0
2708,0.0,0.0
2709,0.0,0.0073076923076923
2710,0.0,0.0105882352941176
2711,0.0,0.0014285714285714
2712,0.0,0.004
2713,0.0,0.0
2714,0.0,0.016
2715,0.0002777777777777,0.0264285714285714
2716,0.0,0.0088235294117647
2717,0.0019444444444444,0.0107407407407407
2718,0.0002777777777777,0.0318518518518518
2719,0.0,0.00125
2720,0.0019444444444444,0.0003846153846153
2721,0.0002777777777777,0.0003846153846153
2722,0.0002777777777777,0.0021739130434782
2723,0.0005555555555555,0.005
2724,0.0,0.0003846153846153
2725,0.0002777777777777,0.0005882352941176
2726,0.0005555555555555,0.0025925925925925
2727,0.0005555555555555,0.0539130434782608
2728,0.0008333333333333,0.014
2729,0.0,0.0007692307692307
2730,0.0005555555555555,0.0048148148148148
2731,0.0002777777777777,0.0025925925925925
2732,0.0,0.0088888888888888
2733,0.0002857142857142,0.0077777777777777
2734,0.0,0.0103703703703703
2735,0.0002777777777777,0.0448148148148148
2736,0.0008333333333333,0.0044444444444444
2737,0.0002777777777777,0.0029629629629629
2738,0.0019444444444444,0.0125925925925925
2739,0.0005555555555555,0.0162962962962963
2740,0.0,0.0114814814814814
2741,0.0,0.0055555555555555
2742,0.0,0.0092592592592592
2743,0.0,0.0051851851851851
2744,0.0,0.0074074074074074
2745,0.0005882352941176,0.0062962962962962
2746,0.0,0.0048148148148148
2747,0.0,0.0092857142857142
2748,0.0,0.0125
2749,0.0008571428571428,0.0
2750,0.0005555555555555,0.0
2751,0.0,0.0
2752,0.0,0.0030434782608695
2753,0.0008823529411764,0.0006666666666666
2754,0.0026470588235294,0.0011111111111111
2755,0.0020588235294117,0.0168181818181818
2756,0.0,0.0266666666666666
2757,0.003235294117647,0.0016
2758,0.0,0.0023076923076923
2759,0.0,0.0014814814814814
2760,0.0017391304347826,0.012
2761,0.003,0.0021428571428571
2762,0.0005882352941176,0.0007407407407407
2763,0.0005714285714285,0.0062962962962962
2764,0.0,0.0025925925925925
2765,0.0,0.004375
2766,0.0011764705882352,0.0168421052631578
2767,0.0005882352941176,0.0203846153846153
2768,0.0027777777777777,0.0244444444444444
2769,0.0037142857142857,0.0314814814814814
2770,0.0028571428571428,0.0061538461538461
2771,0.0013793103448275,0.035
2772,0.0,0.0
2773,0.0,0.006
2774,0.004,0.0068
2775,0.0,0.01
2776,0.0,0.0133333333333333
2777,0.0,0.0103846153846153
2778,0.0,0.0183333333333333
2779,0.0,0.0053846153846153
2780,0.0,0.007037037037037
2781,0.0031428571428571,0.0023076923076923
2782,0.0002857142857142,0.0
2783,0.0034285714285714,0.0
2784,0.0045714285714285,0.0019230769230769
2785,0.0108571428571428,0.0
2786,0.0102857142857142,0.0010714285714285
2787,0.0088571428571428,0.001578947368421
2788,0.01,0.0013636363636363
2789,0.0068571428571428,0.0007692307692307
2790,0.0071428571428571,0.0007407407407407
2791,0.0062857142857142,0.0003448275862068
2792,0.0037142857142857,0.0034482758620689
2793,0.0122857142857142,0.0007142857142857
2794,0.0077142857142857,0.0018518518518518
2795,0.0077142857142857,0.0042857142857142
2796,0.0011428571428571,0.015
2797,0.0028571428571428,0.0071428571428571
2798,0.0,0.006
2799,0.0005714285714285,0.015
2800,0.0,0.01
2801,0.0031428571428571,0.01
2802,0.0028571428571428,0.0
2803,0.0074285714285714,0.0016666666666666
2804,0.0008571428571428,0.0083333333333333
2805,0.0038235294117647,0.0
2806,0.0002857142857142,0.0142857142857142
2807,0.0,0.0075
2808,0.0002941176470588,0.0
2809,0.0002941176470588,0.0007142857142857
2810,0.0,0.002
2811,0.0008823529411764,0.0
2812,0.0002941176470588,0.0
2813,0.0008823529411764,0.0011764705882352
2814,0.0005882352941176,0.0126315789473684
2815,0.0008823529411764,0.0064999999999999
2816,0.0,0.0115384615384615
2817,0.003235294117647,0.014375
2818,0.0005882352941176,0.0
2819,0.0003125,0.00625
2820,0.0025714285714285,0.0031578947368421
2821,0.0017142857142857,0.0058333333333333
2822,0.0017142857142857,0.0036363636363636
2823,0.0,0.0033333333333333
2824,0.0,0.0028571428571428
2825,0.0,0.0013333333333333
2826,0.0054285714285714,0.004375
2827,0.0,0.0
2828,0.0,0.006
2829,0.0,0.0011111111111111
2830,0.0022857142857142,0.0
2831,0.0054285714285714,0.0
2832,0.006,0.0062962962962962
2833,0.0,0.0062499999999999
2834,0.0,0.0053571428571428
2835,0.0,0.0064285714285714
2836,0.0017142857142857,0.0113043478260869
2837,0.0022857142857142,0.0096296296296296
2838,0.0,0.0204347826086956
2839,0.0005714285714285,0.0284615384615384
2840,0.0011428571428571,0.0160869565217391
2841,0.0011428571428571,0.0092857142857142
2842,0.0,0.0103703703703703
2843,0.0002857142857142,
2844,0.0,
2845,0.0,
2846,0.0,
2847,0.0028571428571428,
2848,0.0097142857142857,
2849,0.0011428571428571,
2850,0.002,
2851,0.0191428571428571,
2852,0.0014285714285714,
2853,0.0074285714285714,
2854,0.0071428571428571,
2855,0.0008571428571428,
2856,0.0,
2857,0.0042857142857142,
2858,0.0068571428571428,
2859,0.0091428571428571,
2860,0.0061764705882352,
2861,0.0046875,
2862,0.0014285714285714,
2863,0.0,
2864,0.0,
2865,0.0068571428571428,
2866,0.0005714285714285,
2867,0.0048571428571428,
2868,0.0051428571428571,
2869,0.0014285714285714,
2870,0.0002857142857142,
2871,0.0048571428571428,
2872,0.0074285714285714,
2873,0.0039999999999999,
2874,0.0022857142857142,
2875,0.0037142857142857,
2876,0.0051428571428571,
2877,0.0054285714285714,
2878,0.002,
2879,0.0011428571428571,
2880,0.0031428571428571,
2881,0.0,
2882,0.0082857142857142,
2883,0.008,
2884,0.0028571428571428,
2885,0.0008571428571428,
2886,0.0,
2887,0.0,
2888,0.002,
2889,0.0031428571428571,
2890,0.0005714285714285,
2891,0.0005714285714285,
2892,0.0,
2893,0.0,
2894,0.0,
2895,0.0002857142857142,
2896,0.0005714285714285,
2897,0.0002857142857142,
2898,0.0,
2899,0.0,
2900,0.0002857142857142,
2901,0.0,
2902,0.020625,
2903,0.0094285714285714,
2904,0.0048571428571428,
2905,0.0002857142857142,
2906,0.0014285714285714,
2907,0.0002857142857142,
2908,0.0,
2909,0.0,
2910,0.0,
2911,0.0,
2912,0.0,
2913,0.0,
2914,0.0,
2915,0.0,
2916,0.0,
2917,0.0,
2918,0.0,
2919,0.0,
2920,0.0017142857142857,
2921,0.0141176470588235,
2922,0.0,
2923,0.0,
2924,0.0062068965517241,
2925,0.003030303030303,
2926,0.0,
2927,0.0,
2928,0.0,
2929,0.0,
2930,0.0,
2931,0.0,
2932,0.0,
2933,0.0045714285714285,
2934,0.0022857142857142,
2935,0.0011428571428571,
2936,0.0,
2937,0.0,
2938,0.0,
2939,0.0,
2940,0.0,
2941,0.0046428571428571,
2942,0.0019444444444444,
2943,0.0,
2944,0.0005555555555555,
2945,0.0039999999999999,
2946,0.0008571428571428,
2947,0.0,
2948,0.0,
2949,0.0,
2950,0.0,
2951,0.0,
2952,0.004,
2953,0.0014285714285714,
2954,0.0024242424242424,
2955,0.0002941176470588,
2956,0.0002777777777777,
2957,0.0011428571428571,
2958,0.0,
2959,0.0011538461538461,
2960,0.0007692307692307,
2961,0.000625,
2962,0.0045833333333333,
2963,0.007,
2964,0.0,
2965,0.0014285714285714,
2966,0.0,
2967,0.0,
2968,0.0,
2969,0.0,
2970,0.0,
2971,0.0,
2972,0.0,
2973,0.0,
2974,0.0,
2975,0.0,
2976,0.0,
2977,0.0,
2978,0.0,
2979,0.0,
2980,0.0,
2981,0.0,
2982,0.005,
2983,0.015,
2984,0.0,
2985,0.0,
2986,0.0,
2987,0.0,
2988,0.0,
2989,0.0,
2990,0.0,
2991,0.0,
2992,0.0,
2993,0.0,
2994,0.0,
2995,0.0,
2996,0.0,
2997,0.0,
2998,0.0,
2999,0.0,
3000,0.0,
3001,0.0,
3002,0.0,
3003,0.0,
3004,0.013125,
3005,0.01,
3006,0.0,
3007,0.0,
3008,0.0,
3009,0.0,
3010,0.0,
3011,0.0193939393939393,
3012,0.0053571428571428,
3013,0.0,
3014,0.0,
3015,0.0,
3016,0.0017142857142857,
3017,0.0025714285714285,
3018,0.0031428571428571,
3019,0.0028571428571428,
3020,0.0077142857142857,
3021,0.0094285714285714,
3022,0.0031428571428571,
3023,0.006,
3024,0.0065714285714285,
3025,0.0075,
3026,0.0108571428571428,
3027,0.0002857142857142,
3028,0.0,
3029,0.0017142857142857,
3030,0.0002857142857142,
3031,0.0008333333333333,
3032,0.0005555555555555,
3033,0.0022857142857142,
3034,0.0017142857142857,
3035,0.0,
3036,0.0002857142857142,
3037,0.0008571428571428,
3038,0.0005714285714285,
3039,0.0005714285714285,
3040,0.0002857142857142,
3041,0.0002857142857142,
3042,0.0,
3043,0.0,
3044,0.0178947368421052,
3045,0.019375,
3046,0.006,
3047,0.0005714285714285,
3048,0.0,
3049,0.0002857142857142,
3050,0.0,
3051,0.0,
3052,0.0005714285714285,
3053,0.0013636363636363,
3054,0.0,
3055,0.0003846153846153,
3056,0.0014285714285714,
3057,0.0052380952380952,
3058,0.005,
3059,0.0072727272727272,
3060,0.005,
3061,0.004,
3062,0.002,
3063,0.0026666666666666,
3064,0.0,
3065,0.0080555555555555,
3066,0.0151428571428571,
3067,0.0,
3068,0.0,
3069,0.0,
3070,0.0,
3071,0.0,
3072,0.0,
3073,0.0,
3074,0.0,
3075,0.0,
3076,0.0,
3077,0.0,
3078,0.0,
3079,0.0,
3080,0.0,
3081,0.0,
3082,0.0,
3083,0.0,
3084,0.0,
3085,0.0,
3086,0.0002857142857142,
3087,0.0,
3088,0.0,
