,행복_1,행복_0
0,0.008,0.0290625
1,0.0074285714285714,0.0074285714285714
2,0.0017142857142857,0.0252941176470588
3,0.0005714285714285,0.0177777777777777
4,0.0002857142857142,0.0608571428571428
5,0.0048571428571428,0.0802857142857142
6,0.0071428571428571,0.0511428571428571
7,0.0054285714285714,0.0537142857142857
8,0.0034285714285714,0.0671428571428571
9,0.002,0.0522222222222222
10,0.0051428571428571,0.0197222222222222
11,0.0054285714285714,0.0102857142857142
12,0.0082857142857142,0.0163888888888888
13,0.0044444444444444,0.0245714285714285
14,0.0025714285714285,0.0174285714285714
15,0.0057142857142857,0.0188571428571428
16,0.0042857142857142,0.0217142857142857
17,0.0074285714285714,0.0122222222222222
18,0.0071428571428571,0.0131428571428571
19,0.0057142857142857,0.0145714285714285
20,0.0065714285714285,0.0157142857142857
21,0.0071428571428571,0.0157142857142857
22,0.006,0.0214285714285714
23,0.0085714285714285,0.0827777777777777
24,0.008,0.0565714285714286
25,0.0085714285714285,0.0362857142857143
26,0.0048571428571428,0.0391428571428571
27,0.0037142857142857,0.034
28,0.0062857142857142,0.013125
29,0.0054285714285714,0.0187096774193548
30,0.0008571428571428,0.0346153846153846
31,0.0,0.02
32,0.0,0.0752941176470588
33,0.0,0.0
34,0.0014285714285714,0.0
35,0.006,0.0
36,0.0028571428571428,0.0225714285714285
37,0.0045714285714285,0.0837142857142857
38,0.0025714285714285,0.0497142857142857
39,0.0034285714285714,0.0212
40,0.0008333333333333,0.0282857142857143
41,0.0022857142857142,0.0214285714285714
42,0.0002857142857142,0.04
43,0.0011428571428571,0.0228571428571428
44,0.0071428571428571,0.0708571428571428
45,0.0037142857142857,0.0141666666666666
46,0.0057142857142857,0.0208333333333333
47,0.0048571428571428,0.0452777777777778
48,0.0054285714285714,0.0877777777777777
49,0.008,0.08
50,0.006,0.064516129032258
51,0.008,0.0152380952380952
52,0.0045714285714285,0.0184210526315789
53,0.0025714285714285,0.0068421052631578
54,0.0062857142857142,0.0088888888888888
55,0.0042857142857142,0.0068421052631578
56,0.0015625,0.0133333333333333
57,0.0083333333333333,0.0076
58,0.0083333333333333,0.0518181818181818
59,0.0080555555555555,0.0705714285714285
60,0.0,0.0775
61,0.0065714285714285,0.0597222222222222
62,0.0048571428571428,0.04
63,0.0,0.0445833333333333
64,0.0011428571428571,0.0604166666666666
65,0.0030555555555555,0.0283333333333333
66,0.0,0.0214285714285714
67,0.0,0.028
68,0.0022222222222222,0.0738888888888888
69,0.0077777777777777,0.065
70,0.0077777777777777,0.0411111111111111
71,0.0,0.0457142857142857
72,0.0,0.0478571428571428
73,0.0,0.0175
74,0.0,0.0220833333333333
75,0.0,0.0314285714285714
76,0.0,0.0603448275862069
77,0.0,0.0508695652173913
78,0.0,0.0040624999999999
79,0.0,0.0002941176470588
80,0.0,0.0005
81,0.0,0.0
82,0.0,0.0
83,0.0,0.0
84,0.0,0.0
85,0.0,0.0111764705882352
86,0.0,0.0
87,0.0,0.0003030303030303
88,0.0,0.0
89,0.0,0.0
90,0.0,0.0
91,0.0,0.0
92,0.0,0.015
93,0.0,0.0
94,0.0,0.0
95,0.0,0.0
96,0.0,0.0259375
97,0.0,0.0002941176470588
98,0.0,0.0026470588235294
99,0.0,0.00125
100,0.0,0.0153125
101,0.0,0.0054545454545454
102,0.0,0.006060606060606
103,0.0,0.0042424242424242
104,0.0,0.0062068965517241
105,0.0,0.0027272727272727
106,0.0002777777777777,0.0018181818181818
107,0.0005714285714285,0.005
108,0.0,0.01875
109,0.0,0.015
110,0.0,0.0
111,0.0,0.02
112,0.0,0.0511764705882352
113,0.0,0.0
114,0.0,0.005625
115,0.0011428571428571,0.0
116,0.0,0.0
117,0.0,0.0
118,0.0,0.0
119,0.0,0.0
120,0.0,0.0
121,0.0062857142857142,0.0
122,0.0,0.0
123,0.0,0.0
124,0.0,0.0
125,0.0,0.0
126,0.0034285714285714,0.0073529411764705
127,0.0,0.0403030303030303
128,0.0,0.0448387096774193
129,0.0,0.0
130,0.0,0.0
131,0.0,0.0211428571428571
132,0.0,0.0574285714285714
133,0.0,0.0267647058823529
134,0.0,0.0
135,0.0,0.0
136,0.0,0.0
137,0.0,0.0
138,0.0,0.0
139,0.0,0.0
140,0.0,0.0
141,0.0,0.0
142,0.0,0.0
143,0.0,0.0
144,0.0,0.0
145,0.0,0.0
146,0.0,0.0
147,0.0,0.0
148,0.0,0.0
149,0.0,0.0
150,0.0,0.0
151,0.0,0.0
152,0.0,0.0
153,0.0,0.0
154,0.0,0.0
155,0.0,0.0
156,0.0,0.0
157,0.0,0.0
158,0.0,0.0
159,0.0,0.0312
160,0.0,0.0
161,0.0,0.0
162,0.0,0.0
163,0.0,0.0058823529411764
164,0.0,0.0002941176470588
165,0.0,0.0
166,0.0,0.0
167,0.0,0.0
168,0.0,0.0
169,0.0,0.0
170,0.0,0.0
171,0.0,0.0
172,0.0,0.0
173,0.0,0.0
174,0.0,0.0
175,0.0,0.0
176,0.0,0.0
177,0.0,0.0
178,0.0,0.0
179,0.0,0.0
180,0.0,0.0
181,0.0,0.0
182,0.0,0.0
183,0.0,0.0503124999999999
184,0.0,0.0
185,0.0,0.0
186,0.0,0.0
187,0.0,0.0
188,0.0,0.0
189,0.0,0.0
190,0.0,0.0
191,0.0,0.0
192,0.0,0.0
193,0.0,0.0
194,0.0,0.0
195,0.0,0.0
196,0.0,0.0
197,0.0,0.0
198,0.0,0.0
199,0.0,0.0006451612903225
200,0.0,0.0
201,0.0,0.0
202,0.0,0.0
203,0.0,0.0
204,0.0,0.0
205,0.0,0.0
206,0.0,0.0
207,0.0,0.0
208,0.0,0.0
209,0.0,0.0
210,0.0,0.0
211,0.0,0.0
212,0.0,0.0
213,0.0,0.0
214,0.0,0.0
215,0.0,0.0
216,0.0,0.0
217,0.0,0.0
218,0.0,0.0
219,0.0,0.0
220,0.0,0.0
221,0.0,0.0
222,0.0,0.0
223,0.0,0.0
224,0.0,0.0
225,0.0,0.0
226,0.0,0.0
227,0.0,0.0
228,0.0,0.0
229,0.0,0.0
230,0.0,0.0
231,0.0,0.0
232,0.0,0.0
233,0.0,0.0
234,0.0,0.0
235,0.0,0.0
236,0.0,0.0
237,0.0,0.0
238,0.0,0.0
239,0.0,0.0
240,0.0,0.0
241,0.0,0.0
242,0.0,0.0
243,0.0,0.0
244,0.0,0.0
245,0.0,0.0
246,0.0,0.0
247,0.0,0.0
248,0.0,0.0
249,0.0,0.0
250,0.0,0.0
251,0.0,0.0
252,0.0,0.01
253,0.0,0.0003125
254,0.0,0.0
255,0.0,0.0
256,0.0,0.0
257,0.0,0.0
258,0.0,0.0
259,0.0,0.0013636363636363
260,0.0,0.0
261,0.0,0.0
262,0.0,0.005
263,0.0,0.0
264,0.0,0.0
265,0.0,0.004090909090909
266,0.0,0.0009090909090909
267,0.0,0.0002941176470588
268,0.0,0.0005882352941176
269,0.0,0.0005882352941176
270,0.0,0.0
271,0.0,0.0
272,0.0,0.0
273,0.0,0.0
274,0.0,0.0005882352941176
275,0.0,0.0
276,0.0,0.0014705882352941
277,0.0,0.0041666666666666
278,0.0,0.0023529411764705
279,0.0,0.0003125
280,0.0,0.0010526315789473
281,0.0,0.0021212121212121
282,0.0,0.0
283,0.0,0.0016666666666666
284,0.0,0.0
285,0.0,0.0009090909090909
286,0.0,0.0003571428571428
287,0.0,0.0012121212121212
288,0.0,0.0
289,0.0,0.000625
290,0.0,0.006060606060606
291,0.0,0.0063636363636363
292,0.0,0.00375
293,0.0,0.0096875
294,0.0,0.0129411764705882
295,0.0,0.0289655172413793
296,0.0,0.0518518518518518
297,0.0,0.05
298,0.0,0.0
299,0.0,0.0
300,0.0,0.0
301,0.0,0.0
302,0.0,0.0233333333333333
303,0.0,0.0546153846153846
304,0.0,0.0473913043478261
305,0.0,0.065
306,0.0,0.0676470588235294
307,0.0,0.0857894736842105
308,0.0,0.0742857142857143
309,0.0,0.082
310,0.0,0.0033333333333333
311,0.0,0.01
312,0.0,0.0153333333333333
313,0.0,0.008076923076923
314,0.0,0.0047368421052631
315,0.0,0.0070833333333333
316,0.0,0.0075
317,0.0,0.0178787878787878
318,0.0,0.001875
319,0.0,0.00125
320,0.0,0.0
321,0.0,0.0003030303030303
322,0.0,0.0006060606060606
323,0.0,0.0
324,0.0,0.0
325,0.0,0.0
326,0.0,0.0
327,0.0,0.0078947368421052
328,0.0,0.016
329,0.0,0.0028
330,0.0,0.0132
331,0.0,0.0092
332,0.0,0.0059259259259259
333,0.0,0.0066666666666666
334,0.0,0.0066666666666666
335,0.0,0.0051851851851851
336,0.0,0.0135
337,0.0,0.0123076923076923
338,0.0,0.0315384615384615
339,0.0,0.0188888888888888
340,0.0,0.0266666666666666
341,0.0,0.0229629629629629
342,0.0,0.0165
343,0.0,0.0226923076923076
344,0.0,0.013076923076923
345,0.0,0.0166666666666666
346,0.0,0.0
347,0.0,0.0
348,0.0,0.005
349,0.0,0.0
350,0.0,0.06
351,0.0,0.0433333333333333
352,0.0002857142857142,0.0276923076923077
353,0.0,0.0414285714285714
354,0.0,0.0772727272727272
355,0.0,0.0136842105263157
356,0.0,0.0225
357,0.0,0.0282608695652173
358,0.0,0.013
359,0.0004761904761904,0.0171428571428571
360,0.0,0.0123076923076923
361,0.0035294117647058,0.0158333333333333
362,0.0044117647058823,0.0
363,0.0,0.018
364,0.0,0.0108
365,0.0,0.01
366,0.0,0.0372
367,0.0,0.0252173913043478
368,0.0,0.0078947368421052
369,0.0,0.0135294117647058
370,0.0,0.0121428571428571
371,0.0,0.0214285714285714
372,0.0,0.0661904761904761
373,0.0,0.0257142857142857
374,0.0,0.0636363636363636
375,0.0,0.024090909090909
376,0.0,0.0106249999999999
377,0.0,0.0769565217391304
378,0.0,0.0076923076923076
379,0.0,0.01
380,0.0,0.002
381,0.0,0.0010344827586206
382,0.0,0.0025
383,0.0,0.0007142857142857
384,0.0,0.0006896551724137
385,0.0,0.0
386,0.0,0.0
387,0.0,0.0010714285714285
388,0.0,0.0017241379310344
389,0.0,0.0006896551724137
390,0.0,0.0006896551724137
391,0.0,0.0
392,0.0,0.0
393,0.007,0.0
394,0.0,0.0010344827586206
395,0.0002857142857142,0.0018518518518518
396,0.0,0.0003571428571428
397,0.0,0.0003571428571428
398,0.0,0.0
399,0.0,0.0
400,0.0,0.0
401,0.0003125,0.0010714285714285
402,0.0,0.0006896551724137
403,0.0,0.0114285714285714
404,0.0,0.0003571428571428
405,0.0,0.0055172413793103
406,0.0002857142857142,0.0
407,0.0,0.0003448275862068
408,0.0,0.0055172413793103
409,0.0,0.0210344827586206
410,0.0,0.0
411,0.0,0.0025
412,0.0,0.0057142857142857
413,0.0,0.0124
414,0.0,0.0068965517241379
415,0.0,0.0039285714285714
416,0.0,0.0086206896551724
417,0.0,0.0055172413793103
418,0.0,0.0113793103448275
419,0.0002857142857142,0.0096551724137931
420,0.0002857142857142,0.008
421,0.0020588235294117,0.0013793103448275
422,0.0023529411764705,0.0027586206896551
423,0.0023529411764705,0.0037931034482758
424,0.0044117647058823,0.0
425,0.0,0.0
426,0.0023529411764705,0.0020833333333333
427,0.0057575757575757,0.025
428,0.0075757575757575,0.0044827586206896
429,0.0066666666666666,0.0022222222222222
430,0.0005714285714285,0.0025925925925925
431,0.0,0.0010714285714285
432,0.0,0.0088461538461538
433,0.0,0.0089285714285714
434,0.0022727272727272,0.0064285714285714
435,0.0003225806451612,0.0
436,0.0,0.0
437,0.0005714285714285,0.0
438,0.0,0.0
439,0.0,0.0057142857142857
440,0.0,0.0057142857142857
441,0.0,0.007037037037037
442,0.0,0.0096428571428571
443,0.0,0.0096428571428571
444,0.0,0.0089285714285714
445,0.0,0.0129629629629629
446,0.0,0.0141379310344827
447,0.0002857142857142,0.0214285714285714
448,0.0,0.0168965517241379
449,0.0011428571428571,0.0141379310344827
450,0.0034285714285714,0.0139285714285714
451,0.0028571428571428,0.0117857142857142
452,0.0017142857142857,0.0089285714285714
453,0.0002857142857142,0.0092857142857142
454,0.0002857142857142,0.0092857142857142
455,0.0037142857142857,0.0092857142857142
456,0.0,0.0079310344827586
457,0.0,0.0213793103448275
458,0.0,0.0117857142857142
459,0.0,0.0155172413793103
460,0.0,0.0151724137931034
461,0.0,0.0142857142857142
462,0.0,0.0257142857142857
463,0.0002857142857142,0.026551724137931
464,0.008,0.0253571428571428
465,0.0068571428571428,0.0237931034482758
466,0.0085714285714285,0.0164285714285714
467,0.0068571428571428,0.0029411764705882
468,0.0062857142857142,0.003076923076923
469,0.0077142857142857,0.0272413793103448
470,0.0074285714285714,0.0044827586206896
471,0.0062857142857142,0.0027586206896551
472,0.008,0.0024137931034482
473,0.006,0.0025
474,0.0042857142857142,0.0075862068965517
475,0.006,0.0048275862068965
476,0.0,0.0020689655172413
477,0.0,0.0051724137931034
478,0.0,0.0013793103448275
479,0.0,0.0010344827586206
480,0.0,0.0007142857142857
481,0.0017647058823529,0.0525
482,0.0045714285714285,0.0023076923076923
483,0.0,0.0017857142857142
484,0.0028571428571428,0.0007407407407407
485,0.0014285714285714,0.0010714285714285
486,0.0002857142857142,0.0017857142857142
487,0.0,0.0081481481481481
488,0.0,0.0028571428571428
489,0.0,0.0014285714285714
490,0.0,0.0007142857142857
491,0.0,0.0003571428571428
492,0.0,0.0
493,0.0,0.0
494,0.0,0.0
495,0.0,0.0003571428571428
496,0.0077419354838709,0.0003448275862068
497,0.0082857142857142,0.0
498,0.0025714285714285,0.0003448275862068
499,0.0074285714285714,0.0003333333333333
500,0.0077142857142857,0.0
501,0.006,0.0
502,0.0085714285714285,0.0
503,0.0054285714285714,0.0048148148148148
504,0.0028571428571428,0.0182142857142857
505,0.0005714285714285,0.0092857142857142
506,0.0011428571428571,0.0041666666666666
507,0.0035294117647058,0.0161538461538461
508,0.0023529411764705,0.0062962962962962
509,0.0057575757575757,0.0019230769230769
510,0.0061764705882352,0.0007407407407407
511,0.0017647058823529,0.0017857142857142
512,0.0,0.0
513,0.0,0.0
514,0.0,0.0010714285714285
515,0.0,0.0003571428571428
516,0.0,0.0
517,0.0002941176470588,0.0
518,0.0017647058823529,0.0
519,0.0035294117647058,0.0007142857142857
520,0.0005882352941176,0.0
521,0.0017647058823529,0.0
522,0.0026470588235294,0.0
523,0.0029411764705882,0.0
524,0.0020588235294117,0.01
525,0.0,0.0
526,0.0011764705882352,0.0
527,0.0,0.0
528,0.0005882352941176,0.0
529,0.0,0.0
530,0.0002941176470588,0.0
531,0.0005882352941176,0.0
532,0.0011764705882352,0.0033333333333333
533,0.0,0.002
534,0.0021875,0.0025
535,0.0,0.0
536,0.0,0.00125
537,0.0,0.0018181818181818
538,0.0071875,0.0
539,0.0031428571428571,0.0066666666666666
540,0.0034285714285714,0.0
541,0.0017142857142857,0.0
542,0.0,0.0025
543,0.0002857142857142,0.04
544,0.0022857142857142,0.0075
545,0.0017142857142857,0.0083333333333333
546,0.0002857142857142,0.005
547,0.0017142857142857,0.0
548,0.0014285714285714,0.0
549,0.0,0.0
550,0.0002857142857142,0.0
551,0.0022857142857142,0.0075
552,0.0025714285714285,0.0006666666666666
553,0.0039999999999999,0.0147368421052631
554,0.0031428571428571,0.0
555,0.0037142857142857,0.0
556,0.0017142857142857,0.0
557,0.0054285714285714,0.00375
558,0.0071428571428571,0.0033333333333333
559,0.0022857142857142,0.0
560,0.006,0.0
561,0.0039999999999999,0.0
562,0.0054285714285714,0.004
563,0.0017142857142857,0.0
564,0.002,0.0325
565,0.0065714285714285,0.0
566,0.0068571428571428,0.02
567,0.0037142857142857,0.005
568,0.0025714285714285,0.009090909090909
569,0.002,0.0023529411764705
570,0.0071428571428571,0.0
571,0.0022857142857142,0.0
572,0.0014285714285714,0.0015
573,0.0031428571428571,0.0005263157894736
574,0.0005714285714285,0.0031578947368421
575,0.0025714285714285,0.0
576,0.0048571428571428,0.0
577,0.0034285714285714,0.015
578,0.0031428571428571,0.01
579,0.0,0.015
580,0.0016666666666666,0.0117391304347826
581,0.005,0.0
582,0.0,0.0
583,0.0033333333333333,0.0
584,0.0,0.0
585,0.0,0.0
586,0.0,0.004
587,0.002,0.0
588,0.0003030303030303,0.0
589,0.0,0.0
590,0.0,0.0
591,0.0,0.0
592,0.0,0.0
593,0.0,0.016
594,0.0,0.0
595,0.0,0.0
596,0.0,0.0
597,0.0,0.0
598,0.0,0.0
599,0.0,0.0
600,0.0,0.0
601,0.0,0.0225
602,0.0,0.0099999999999999
603,0.0,0.0009090909090909
604,0.0,0.0
605,0.0,0.0
606,0.0,0.0
607,0.0,0.0
608,0.0,0.0541666666666666
609,0.0,0.0176923076923076
610,0.0,0.0266666666666666
611,0.0,0.008
612,0.0,0.0025
613,0.0,0.0078571428571428
614,0.0,0.0013333333333333
615,0.0,0.0
616,0.0,0.005
617,0.0,0.0057142857142857
618,0.0,0.0018181818181818
619,0.0,0.0
620,0.0,0.0
621,0.0,0.0
622,0.0007142857142857,0.004
623,0.0,0.0018181818181818
624,0.0,0.0
625,0.0,0.0
626,0.0056521739130434,0.0133333333333333
627,0.0,0.0
628,0.0,0.0
629,0.0,0.0
630,0.0,0.005
631,0.0,0.005
632,0.0,0.0
633,0.0,0.0
634,0.0,0.0
635,0.0,0.0
636,0.0,0.0
637,0.0,0.0
638,0.0,0.0
639,0.0,0.0
640,0.0020689655172413,0.0
641,0.002,0.0
642,0.0,0.0
643,0.0,0.0
644,0.0,0.0
645,0.0,0.004
646,0.0,0.0
647,0.0,0.0
648,0.0,0.0
649,0.0,0.0
650,0.0,0.0057142857142857
651,0.0,0.0019047619047619
652,0.0,0.003103448275862
653,0.0,0.0007692307692307
654,0.0,0.0425925925925925
655,0.0,0.0444444444444444
656,0.0,0.0185714285714285
657,0.0,0.0175862068965517
658,0.0,0.0342857142857142
659,0.0,0.025
660,0.0,0.0
661,0.0,0.0014814814814814
662,0.0,0.0013043478260869
663,0.0,0.0
664,0.0,0.0035294117647058
665,0.0,0.0056521739130434
666,0.0,0.0017241379310344
667,0.0,0.04
668,0.0,0.0725
669,0.0,0.0307692307692307
670,0.0,0.0042105263157894
671,0.0,0.043125
672,0.004,0.01
673,0.0005882352941176,0.05
674,0.0005714285714285,0.075
675,0.0,0.0016666666666666
676,0.0,0.0033333333333333
677,0.0,0.0
678,0.0,0.074
679,0.0,0.0
680,0.0,0.0
681,0.0042857142857142,0.0
682,0.0,0.03
683,0.0,0.0025
684,0.0,0.0
685,0.0,0.0
686,0.0,0.0
687,0.004,0.0
688,0.0,0.0
689,0.0,0.0
690,0.0,0.0
691,0.0,0.005
692,0.0,0.02
693,0.0,0.0
694,0.0,0.0
695,0.005,0.0
696,0.0,0.0
697,0.0,0.0
698,0.0,0.0
699,0.0025,0.0
700,0.0,0.0
701,0.0,0.0
702,0.0,0.0
703,0.0045454545454545,0.0
704,0.0083333333333333,0.0
705,0.005,0.0
706,0.0,0.0
707,0.0,0.0
708,0.0,0.0253333333333333
709,0.0,0.0033333333333333
710,0.0,0.0
711,0.0,0.0009090909090909
712,0.0,0.0
713,0.0,0.0
714,0.0,0.0
715,0.0,0.0
716,0.0,0.0
717,0.0,0.0
718,0.0,0.0
719,0.0,0.0
720,0.0,0.0
721,0.008,0.0
722,0.0022222222222222,0.0033333333333333
723,0.0,0.0
724,0.0,0.0
725,0.0,0.0
726,0.0082857142857142,0.0
727,0.0063888888888888,0.008
728,0.0071428571428571,0.0622222222222222
729,0.0005555555555555,0.0736363636363636
730,0.0,0.0191666666666666
731,0.0011111111111111,0.0164285714285714
732,0.0,0.0
733,0.0,0.0025
734,0.0,0.0114285714285714
735,0.0014285714285714,0.0205263157894736
736,0.0,0.0085714285714285
737,0.0,0.0068965517241379
738,0.0022857142857142,0.0041379310344827
739,0.0022857142857142,0.0055172413793103
740,0.0002857142857142,0.0042857142857142
741,0.0008333333333333,0.0042857142857142
742,0.0,0.0082142857142857
743,0.0002777777777777,0.0527586206896551
744,0.0022857142857142,0.0335714285714285
745,0.0,0.0817857142857142
746,0.0005555555555555,0.0553571428571428
747,0.0,0.0782758620689655
748,0.0014285714285714,0.0373076923076923
749,0.0051428571428571,0.0825
750,0.0039999999999999,0.0871428571428571
751,0.0017142857142857,0.0824137931034482
752,0.0065714285714285,0.0160714285714285
753,0.0085294117647058,0.065
754,0.0054285714285714,0.0832142857142857
755,0.0067647058823529,0.0472413793103448
756,0.008235294117647,0.0635714285714286
757,0.008,0.0179310344827586
758,0.0077142857142857,0.0375
759,0.0037499999999999,0.0425
760,0.0045714285714285,0.0355555555555555
761,0.0073529411764705,0.0121428571428571
762,0.0076470588235294,0.0192592592592592
763,0.006,0.0185714285714285
764,0.0034285714285714,0.0020689655172413
765,0.0079411764705882,0.0146428571428571
766,0.0045714285714285,0.0004166666666666
767,0.0085294117647058,0.0
768,0.0051428571428571,0.0028571428571428
769,0.0014285714285714,0.003103448275862
770,0.0042857142857142,0.0035714285714285
771,0.0,0.0053571428571428
772,0.0008571428571428,0.0028571428571428
773,0.0,0.0020689655172413
774,0.0011428571428571,0.003103448275862
775,0.0011428571428571,0.0064285714285714
776,0.0025714285714285,0.0013793103448275
777,0.0065714285714285,0.0007142857142857
778,0.0028571428571428,0.0055555555555555
779,0.0025714285714285,0.0041379310344827
780,0.0034285714285714,0.0071428571428571
781,0.0035294117647058,0.003103448275862
782,0.0038235294117647,0.0034482758620689
783,0.0034285714285714,0.0025
784,0.0051428571428571,0.0037931034482758
785,0.0057142857142857,0.0049999999999999
786,0.0037142857142857,0.0357142857142857
787,0.0,0.0837931034482758
788,0.0045714285714285,0.023103448275862
789,0.0077142857142857,0.0171428571428571
790,0.0077142857142857,0.0151724137931034
791,0.0014285714285714,0.0164285714285714
792,0.0025806451612903,0.0275862068965517
793,0.0,0.0263333333333333
794,0.0,0.0196428571428571
795,0.0,0.0121428571428571
796,0.0,0.0079310344827586
797,0.0,0.0085714285714285
798,0.0,0.0086206896551724
799,0.0,0.01
800,0.0,0.0093103448275862
801,0.0,0.0076666666666666
802,0.0,0.0075862068965517
803,0.0,0.0006896551724137
804,0.0,0.0025
805,0.0,0.0049999999999999
806,0.0,0.0068965517241379
807,0.0,0.0124137931034482
808,0.0,0.0175
809,0.0,0.0172413793103448
810,0.0,0.0125
811,0.0,0.0103703703703703
812,0.0,0.0092857142857142
813,0.0,0.0039285714285714
814,0.0,0.0082142857142857
815,0.0,0.0072413793103448
816,0.0,0.0021428571428571
817,0.0,0.0006896551724137
818,0.0,0.0208333333333333
819,0.0,0.0057894736842105
820,0.0,0.0077777777777777
821,0.0011764705882352,0.0099999999999999
822,0.0,0.0434615384615384
823,0.0,0.0395
824,0.0,0.0204166666666666
825,0.0,0.0467857142857143
826,0.0,0.0428571428571428
827,0.0,0.0174074074074074
828,0.0,0.03
829,0.0,0.0359090909090909
830,0.0,0.0157142857142857
831,0.0,0.0125
832,0.0,0.025
833,0.0,0.0117857142857142
834,0.0,0.0396428571428571
835,0.0,0.0375
836,0.0,0.0275862068965517
837,0.0,0.0126923076923076
838,0.0002857142857142,0.0253571428571428
839,0.0,0.0121428571428571
840,0.0,0.0125925925925925
841,0.0034285714285714,0.017037037037037
842,0.0,0.0307142857142857
843,0.0,0.0251851851851851
844,0.0,0.0260714285714285
845,0.0,0.01
846,0.0,0.0125925925925925
847,0.0,0.0153571428571428
848,0.0,0.0125
849,0.0,0.0111999999999999
850,0.0,0.0157142857142857
851,0.0,0.0148148148148148
852,0.0,0.0307142857142857
853,0.0,0.015
854,0.0,0.0482142857142857
855,0.0,0.0161538461538461
856,0.0,0.0457692307692307
857,0.0,0.0107142857142857
858,0.0,0.0139285714285714
859,0.0,0.0139285714285714
860,0.0,0.0217857142857142
861,0.0,0.0129629629629629
862,0.0,0.0172413793103448
863,0.0,0.0289655172413793
864,0.0,0.0211538461538461
865,0.0,0.0114814814814814
866,0.0,0.0126315789473684
867,0.0,0.012
868,0.0,0.0096428571428571
869,0.0,0.016
870,0.0,0.0382758620689655
871,0.0,0.0178571428571428
872,0.0046666666666666,0.0107142857142857
873,0.0041176470588235,0.0113793103448275
874,0.0,0.0157142857142857
875,0.0002941176470588,0.01
876,0.003103448275862,0.01
877,0.0,0.0121428571428571
878,0.0,0.0132142857142857
879,0.0,0.0162068965517241
880,0.0,0.013103448275862
881,0.0,0.0114285714285714
882,0.0,0.0096428571428571
883,0.0,0.0096428571428571
884,0.0,0.0096428571428571
885,0.0,0.0107142857142857
886,0.0,0.0096428571428571
887,0.0,0.0116
888,0.0,0.0133333333333333
889,0.0,0.0139285714285714
890,0.0,0.0117857142857142
891,0.0,0.0128571428571428
892,0.0,0.0120689655172413
893,0.0011764705882352,0.0122222222222222
894,0.0,0.0096428571428571
895,0.0,0.0
896,0.0,0.0
897,0.0022222222222222,0.0
898,0.0,0.0
899,0.0,0.0
900,0.0,0.0
901,0.0,0.0
902,0.0,0.0034482758620689
903,0.0,0.0
904,0.0,0.0
905,0.0,0.0006896551724137
906,0.0,0.0010344827586206
907,0.0,0.0
908,0.0,0.0003571428571428
909,0.0005882352941176,0.0
910,0.0,0.0
911,0.0,0.0
912,0.0003030303030303,0.0
913,0.0015625,0.0075
914,0.0,0.0028571428571428
915,0.0,0.0
916,0.0,0.0
917,0.0,0.0
918,0.0,0.0
919,0.0,0.0
920,0.0,0.01
921,0.0,0.0633333333333333
922,0.0,0.0421428571428571
923,0.0,0.033125
924,0.0061764705882352,0.0324
925,0.0,0.0024137931034482
926,0.0,0.0
927,0.0,0.0003448275862068
928,0.0,0.0
929,0.0,0.0186206896551724
930,0.0,0.0013793103448275
931,0.0,0.0
932,0.0,0.0
933,0.0,0.0
934,0.0,0.005
935,0.0,0.0006896551724137
936,0.0073529411764705,0.0
937,0.0,0.0028571428571428
938,0.0013333333333333,0.0014285714285714
939,0.0018181818181818,0.0
940,0.0,0.0
941,0.0041176470588235,0.0
942,0.0,0.0006896551724137
943,0.0,0.0
944,0.0,0.0
945,0.0,0.0
946,0.0,0.0
947,0.0,0.0
948,0.0,0.0003333333333333
949,0.0003846153846153,0.007
950,0.0077777777777777,0.015
951,0.001578947368421,0.0
952,0.0,0.0
953,0.0,0.0
954,0.0,0.0655172413793103
955,0.0,0.0120689655172413
956,0.0,0.0409523809523809
957,0.0,0.0157142857142857
958,0.0,0.0013636363636363
959,0.0,0.0028571428571428
960,0.0,0.0016666666666666
961,0.0,0.000625
962,0.0,0.0
963,0.0,0.0
964,0.0,0.0
965,0.0,0.0
966,0.0,0.0032142857142857
967,0.0,0.002
968,0.0,0.0095652173913043
969,0.0,0.0133333333333333
970,0.0,0.0027272727272727
971,0.0,0.05625
972,0.0,0.06
973,0.0,0.0094117647058823
974,0.0,0.0066666666666666
975,0.0,0.00375
976,0.0,0.064
977,0.0,0.0357142857142857
978,0.0061764705882352,0.0036363636363636
979,0.0,0.01
980,0.0014285714285714,0.0088461538461538
981,0.0002941176470588,0.0
982,0.0027777777777777,0.002
983,0.0,0.0
984,0.0074285714285714,0.000625
985,0.0015384615384615,0.0023076923076923
986,0.0017647058823529,0.0014285714285714
987,0.0003448275862068,0.009
988,0.0,0.038
989,0.0005714285714285,0.0071428571428571
990,0.0,0.0093333333333333
991,0.0,0.00375
992,0.0,0.0033333333333333
993,0.0,0.0166666666666666
994,0.0,0.0
995,0.0,0.0
996,0.0077419354838709,0.0
997,0.0,0.0
998,0.0,0.0
999,0.0,0.0
1000,0.0,0.0
1001,0.0,0.0
1002,0.0,0.0
1003,0.0,0.0
1004,0.0,0.0
1005,0.0,0.0
1006,0.0,0.0
1007,0.0,0.0
1008,0.0,0.0105555555555555
1009,0.0,0.0
1010,0.0,0.0042857142857142
1011,0.0,0.0314285714285714
1012,0.0,0.0
1013,0.0,0.03125
1014,0.0,0.0002941176470588
1015,0.0,0.0
1016,0.0,0.0
1017,0.005,0.0
1018,0.0,0.0
1019,0.005,0.0
1020,0.0,0.0
1021,0.005,0.0
1022,0.0,0.0
1023,0.0085714285714285,0.0
1024,0.0025714285714285,0.0
1025,0.0,0.0
1026,0.0,0.0
1027,0.0,0.0
1028,0.0,0.0
1029,0.0,0.0003448275862068
1030,0.0,0.0
1031,0.0017142857142857,0.0
1032,0.0051428571428571,0.0313793103448276
1033,0.0052941176470588,0.0
1034,0.0005882352941176,0.0
1035,0.0,0.0
1036,0.0002941176470588,0.0
1037,0.0002941176470588,0.0003448275862068
1038,0.0,0.0
1039,0.0,0.0
1040,0.0,0.0
1041,0.001875,0.0208333333333333
1042,0.0,0.0
1043,0.0,0.0213636363636363
1044,0.0,0.0007692307692307
1045,0.0,0.009047619047619
1046,0.0,0.0249999999999999
1047,0.0,0.0265
1048,0.0,0.0327777777777777
1049,0.0,0.0
1050,0.0,0.0009090909090909
1051,0.0,0.0
1052,0.0,0.0614285714285714
1053,0.0,0.0528571428571428
1054,0.0,0.0280952380952381
1055,0.0041935483870967,0.0816666666666666
1056,0.0037142857142857,0.0792307692307692
1057,0.0014285714285714,0.0
1058,0.0048571428571428,0.0283333333333333
1059,0.0008571428571428,0.0025
1060,0.0011428571428571,0.0005555555555555
1061,0.0005714285714285,0.04
1062,0.0,0.0422727272727272
1063,0.0,0.075
1064,0.0,0.0
1065,0.0,0.0510526315789473
1066,0.0,0.004
1067,0.0,0.08125
1068,0.0,0.00125
1069,0.0,0.08875
1070,0.0,0.085
1071,0.0,0.0876923076923076
1072,0.0,0.0309090909090909
1073,0.0,0.0053333333333333
1074,0.0,0.0
1075,0.0,0.0
1076,0.0,0.0
1077,0.0,0.0
1078,0.0,0.0
1079,0.0,0.0
1080,0.0,0.0
1081,0.0,0.0043478260869565
1082,0.0,0.0367647058823529
1083,0.0,0.0175757575757575
1084,0.0,0.0108823529411764
1085,0.0,0.0121212121212121
1086,0.0,0.0058823529411764
1087,0.0,0.0026470588235294
1088,0.0,0.0126470588235294
1089,0.0071428571428571,0.0179411764705882
1090,0.0034285714285714,0.0464705882352941
1091,0.0037142857142857,0.0608571428571428
1092,0.0008571428571428,0.0340625
1093,0.0,0.0251515151515151
1094,0.0,0.0064705882352941
1095,0.0,0.0011764705882352
1096,0.0,0.0012121212121212
1097,0.0,0.0
1098,0.0,0.0129411764705882
1099,0.0,0.0179411764705882
1100,0.0,0.0
1101,0.0,0.0
1102,0.0,0.0041176470588235
1103,0.0,0.02
1104,0.0,0.02
1105,0.0,0.074
1106,0.0,0.0311764705882352
1107,0.0,0.0002941176470588
1108,0.0,0.0002857142857142
1109,0.0,0.0
1110,0.0,0.0006666666666666
1111,0.0,0.0028571428571428
1112,0.0,0.003030303030303
1113,0.0,0.0002857142857142
1114,0.0,0.0
1115,0.0,0.0020588235294117
1116,0.0,0.0
1117,0.0,0.0
1118,0.0,0.0
1119,0.0,0.0
1120,0.0,0.0
1121,0.0,0.0
1122,0.0,0.0
1123,0.0,0.0
1124,0.0,0.0011764705882352
1125,0.0,0.0014705882352941
1126,0.0,0.0005882352941176
1127,0.0,0.0
1128,0.0,0.0002941176470588
1129,0.0,0.0
1130,0.0,0.0
1131,0.0,0.0
1132,0.0,0.0
1133,0.0,0.0
1134,0.0,0.0
1135,0.0,0.0
1136,0.0,0.0
1137,0.0,0.0
1138,0.0,0.0
1139,0.0,0.0
1140,0.0,0.0
1141,0.0,0.0
1142,0.0,0.0
1143,0.0,0.0
1144,0.0,0.0
1145,0.0025714285714285,0.0
1146,0.0011428571428571,0.0006060606060606
1147,0.0,0.0
1148,0.0,0.0005882352941176
1149,0.0,0.0
1150,0.0,0.002258064516129
1151,0.0,0.0
1152,0.0,0.0
1153,0.0,0.0003571428571428
1154,0.0,0.0
1155,0.0,0.0
1156,0.0,0.0
1157,0.0,0.0
1158,0.0,0.0
1159,0.0,0.0
1160,0.0,0.0
1161,0.0,0.0
1162,0.0,0.0008
1163,0.0011764705882352,0.0036
1164,0.0002857142857142,0.0032
1165,0.0,0.0003846153846153
1166,0.0,0.0011538461538461
1167,0.0,0.0033333333333333
1168,0.0,0.0021428571428571
1169,0.0,0.0
1170,0.0,0.0
1171,0.0,0.0007407407407407
1172,0.0,0.0
1173,0.0,0.0007692307692307
1174,0.0,0.0077777777777777
1175,0.0,0.0044444444444444
1176,0.0,0.0059259259259259
1177,0.0,0.0215384615384615
1178,0.0,0.0511111111111111
1179,0.0,0.0714814814814815
1180,0.0,0.0522222222222222
1181,0.0,0.034
1182,0.0,0.0129629629629629
1183,0.0,0.0019230769230769
1184,0.0,0.0029629629629629
1185,0.0,0.0
1186,0.0,0.0
1187,0.0,0.0
1188,0.0,0.0
1189,0.0002941176470588,0.0026923076923076
1190,0.0,0.0019230769230769
1191,0.0,0.0011538461538461
1192,0.0,0.0065384615384615
1193,0.0,0.0
1194,0.0,0.0046153846153846
1195,0.0,0.0051851851851851
1196,0.0,0.0011111111111111
1197,0.0005882352941176,0.0065384615384615
1198,0.0,0.0048148148148148
1199,0.0,0.0007692307692307
1200,0.0,0.0023076923076923
1201,0.0,0.0007407407407407
1202,0.0,0.0059259259259259
1203,0.0,0.0044444444444444
1204,0.0,0.0007407407407407
1205,0.0,0.0069230769230769
1206,0.0,0.0018518518518518
1207,0.0,0.0007407407407407
1208,0.0,0.0011111111111111
1209,0.0,0.0022222222222222
1210,0.0,0.007037037037037
1211,0.0003448275862068,0.0060714285714285
1212,0.0,0.0
1213,0.0,0.0025
1214,0.0,0.0037931034482758
1215,0.0,0.0
1216,0.0,0.0
1217,0.0,0.0
1218,0.0,0.0
1219,0.0,0.0
1220,0.0,0.0
1221,0.0,0.0
1222,0.0,0.0
1223,0.0,0.0320689655172413
1224,0.0,0.0037931034482758
1225,0.0,0.0006666666666666
1226,0.0,0.0
1227,0.0,0.0
1228,0.0,0.0
1229,0.0,0.0
1230,0.0,0.0
1231,0.0,0.0006896551724137
1232,0.0,0.0
1233,0.0014705882352941,0.073103448275862
1234,0.0058823529411764,0.0248275862068965
1235,0.0028125,0.0227586206896551
1236,0.0,0.0658620689655172
1237,0.0,0.0358620689655172
1238,0.005625,0.0289285714285714
1239,0.0,0.0021428571428571
1240,0.0,0.0
1241,0.0,0.0117857142857142
1242,0.0,0.0551724137931034
1243,0.0,0.0482758620689655
1244,0.0,0.0588888888888889
1245,0.0009375,0.0882758620689655
1246,0.0009090909090909,0.0379310344827586
1247,0.0,0.0344827586206896
1248,0.0024242424242424,0.0124137931034482
1249,0.0,0.0079310344827586
1250,0.0,0.0206896551724137
1251,0.0,0.0
1252,0.0051515151515151,0.0
1253,0.0,0.0
1254,0.0,0.0
1255,0.0,0.0
1256,0.0,0.0
1257,0.0,0.0
1258,0.0,0.0
1259,0.0,0.0
1260,0.0,0.0
1261,0.0,0.0
1262,0.0058620689655172,0.0
1263,0.0,0.0
1264,0.0,0.015
1265,0.0,0.0117857142857142
1266,0.0,0.0006666666666666
1267,0.0,0.0039999999999999
1268,0.0,0.0013793103448275
1269,0.0,0.0048275862068965
1270,0.0,0.002
1271,0.0,0.03
1272,0.0,0.0241379310344827
1273,0.0027272727272727,0.003103448275862
1274,0.0003030303030303,0.0003571428571428
1275,0.0,0.0
1276,0.0,0.0
1277,0.0,0.0
1278,0.0,0.0051724137931034
1279,0.0064705882352941,0.0
1280,0.0046875,0.0
1281,0.0018181818181818,0.0003448275862068
1282,0.0027272727272727,0.0
1283,0.0,0.0
1284,0.0,0.0
1285,0.0,0.0
1286,0.0,0.0
1287,0.0,0.0
1288,0.0,0.0
1289,0.0,0.0
1290,0.0,0.0
1291,0.0,0.0
1292,0.0,0.0018518518518518
1293,0.0,0.0
1294,0.0,0.0
1295,0.0,0.0
1296,0.0,0.0
1297,0.0,0.0
1298,0.0,0.0
1299,0.0,0.0
1300,0.0,0.0
1301,0.0,0.0
1302,0.0,0.0
1303,0.0,0.0
1304,0.0,0.0
1305,0.0,0.0
1306,0.0,0.0
1307,0.0,0.0
1308,0.0,0.0
1309,0.0,0.0
1310,0.0,0.0
1311,0.0,0.0
1312,0.0014705882352941,0.0
1313,0.0,0.0
1314,0.0,0.0
1315,0.0,0.002
1316,0.0,0.0
1317,0.0,0.0
1318,0.0,0.0
1319,0.0,0.0
1320,0.0,0.0066666666666666
1321,0.0,0.0071428571428571
1322,0.0,0.0363636363636363
1323,0.0,0.0
1324,0.0,0.0125
1325,0.0,0.0
1326,0.0,0.0021428571428571
1327,0.0,0.0106249999999999
1328,0.0,0.0053846153846153
1329,0.0,0.0736
1330,0.0,0.002
1331,0.0,0.0128
1332,0.0,0.0007407407407407
1333,0.0,0.0010714285714285
1334,0.0,0.0081818181818181
1335,0.0,0.0003448275862068
1336,0.0,0.0026315789473684
1337,0.0,0.0033333333333333
1338,0.0008,0.0
1339,0.0,0.0
1340,0.0,0.0
1341,0.0,0.0
1342,0.0,0.0
1343,0.0,0.0
1344,0.0,0.0
1345,0.0,0.0
1346,0.0,0.0
1347,0.0009090909090909,0.0
1348,0.0011764705882352,0.00125
1349,0.0,0.0021052631578947
1350,0.0014705882352941,0.0053846153846153
1351,0.0,0.0021739130434782
1352,0.0,0.0154545454545454
1353,0.0,0.005
1354,0.0,0.0
1355,0.0,0.0
1356,0.0,0.0004
1357,0.0,0.0004761904761904
1358,0.0,0.0062962962962962
1359,0.0,0.0051851851851851
1360,0.0,0.0
1361,0.0,0.0057142857142857
1362,0.0,0.0356521739130434
1363,0.0,0.0225
1364,0.0,0.017037037037037
1365,0.0,0.0292592592592592
1366,0.0,0.0344444444444444
1367,0.0,0.0564285714285714
1368,0.0,0.0375
1369,0.0,0.0422222222222222
1370,0.0,0.0329629629629629
1371,0.0,0.0262962962962963
1372,0.0,0.007037037037037
1373,0.0,0.0042857142857142
1374,0.0,0.0103703703703703
1375,0.0,0.0133333333333333
1376,0.0,0.0
1377,0.0,0.0
1378,0.0,0.0
1379,0.0,0.0025
1380,0.0,0.0021428571428571
1381,0.0,0.0071428571428571
1382,0.0007692307692307,0.056
1383,0.0,0.0460714285714285
1384,0.0015384615384615,0.0135714285714285
1385,0.0,0.0103571428571428
1386,0.0,0.0107142857142857
1387,0.0,0.0089655172413793
1388,0.0,0.0046428571428571
1389,0.0,0.0007142857142857
1390,0.0,0.0038461538461538
1391,0.0036,0.0126923076923076
1392,0.0057692307692307,0.0774999999999999
1393,0.0060869565217391,0.0251851851851851
1394,0.0,0.0035714285714285
1395,0.0,0.0171428571428571
1396,0.0,0.0
1397,0.0,0.0
1398,0.0,0.0455555555555555
1399,0.0005882352941176,0.01125
1400,0.0,0.0031578947368421
1401,0.0,0.005
1402,0.0,0.0052941176470588
1403,0.0,0.0133333333333333
1404,0.0,0.0576190476190476
1405,0.0,0.015
1406,0.0,0.0345454545454545
1407,0.0,0.006
1408,0.0,0.0025
1409,0.0,0.0
1410,0.0025,0.0107692307692307
1411,0.006,0.00125
1412,0.0,0.0
1413,0.0,0.0010526315789473
1414,0.0,0.0
1415,0.0,0.0171428571428571
1416,0.0,0.00125
1417,0.0,0.0015
1418,0.0,0.0
1419,0.0,0.0007142857142857
1420,0.0,0.0308333333333333
1421,0.0,0.0065384615384615
1422,0.0,0.015
1423,0.0,0.0057692307692307
1424,0.0,0.0006666666666666
1425,0.0017241379310344,0.0006666666666666
1426,0.0068965517241379,0.0
1427,0.003,0.0003846153846153
1428,0.0017241379310344,0.0018181818181818
1429,0.0033333333333333,0.0
1430,0.0,0.0
1431,0.0028571428571428,0.0
1432,0.00125,0.0035294117647058
1433,0.0,0.0035714285714285
1434,0.0,0.0061111111111111
1435,0.001,0.0021052631578947
1436,0.0,0.0038461538461538
1437,0.0,0.0008333333333333
1438,0.0,0.0
1439,0.0,0.05
1440,0.0053333333333333,0.0
1441,0.0014285714285714,0.0
1442,0.0029411764705882,0.0333333333333333
1443,0.0025,0.0318181818181818
1444,0.0014285714285714,0.07
1445,0.0,0.0
1446,0.0,0.0275
1447,0.0,0.0757142857142857
1448,0.0004545454545454,0.0
1449,0.00125,0.0279999999999999
1450,0.0,0.0288888888888888
1451,0.0,0.0
1452,0.0,0.035
1453,0.0,0.0
1454,0.0,0.075
1455,0.0,0.0014285714285714
1456,0.0,0.0114285714285714
1457,0.0,0.0159259259259259
1458,0.0,0.0
1459,0.0004761904761904,0.0
1460,0.0083333333333333,0.0483333333333333
1461,0.007,0.0
1462,0.0016666666666666,0.01
1463,0.0005555555555555,0.0072
1464,0.0,0.0023529411764705
1465,0.0,0.0
1466,0.0003846153846153,0.0016666666666666
1467,0.0,0.03
1468,0.0,0.0075
1469,0.002,0.0094444444444444
1470,0.0,0.0038461538461538
1471,0.0,0.0
1472,0.0,0.0
1473,0.0,0.0026315789473684
1474,0.0,0.0
1475,0.0,0.0533333333333333
1476,0.0,0.0
1477,0.0,0.0
1478,0.0,0.0
1479,0.0,0.0
1480,0.0,0.0
1481,0.0,0.0
1482,0.0,0.0
1483,0.0,0.0
1484,0.0,0.0
1485,0.0,0.0
1486,0.0,0.0
1487,0.0,0.0
1488,0.0,0.005
1489,0.0,0.01
1490,0.0,0.0
1491,0.0,0.0
1492,0.0,0.0391666666666666
1493,0.0,0.0188235294117647
1494,0.0,0.0
1495,0.0,0.0
1496,0.0,0.0
1497,0.0,0.0
1498,0.0,0.015
1499,0.0,0.0307692307692307
1500,0.0,0.0106666666666666
1501,0.0,0.0046153846153846
1502,0.0,0.0033333333333333
1503,0.0083333333333333,0.0
1504,0.006774193548387,0.0
1505,0.0068965517241379,0.0
1506,0.003103448275862,0.0
1507,0.0023809523809523,0.0
1508,0.0039999999999999,0.0
1509,0.002,0.0
1510,0.0006896551724137,0.0
1511,0.0012903225806451,0.0
1512,0.0003333333333333,0.002
1513,0.0013793103448275,0.0075
1514,0.0020689655172413,0.0
1515,0.0033333333333333,0.0
1516,0.0043333333333333,0.0
1517,0.001,0.0
1518,0.0041379310344827,0.0
1519,0.001,0.0176923076923076
1520,0.0,0.0807407407407407
1521,0.0006896551724137,0.0675
1522,0.0041379310344827,0.0503571428571428
1523,0.001,0.0203571428571428
1524,0.0020689655172413,0.0082142857142857
1525,0.0013793103448275,0.0046428571428571
1526,0.0006666666666666,0.0046428571428571
1527,0.0017241379310344,0.0021428571428571
1528,0.0013793103448275,0.0007142857142857
1529,0.0,0.0025925925925925
1530,0.0006666666666666,0.0021428571428571
1531,0.0003448275862068,0.01375
1532,0.0010344827586206,0.02
1533,0.0006896551724137,0.0
1534,0.0,0.0499999999999999
1535,0.0007142857142857,0.0189285714285714
1536,0.0013793103448275,0.0075
1537,0.0006896551724137,0.0525925925925926
1538,0.0017241379310344,0.0879310344827586
1539,0.0036666666666666,0.0753571428571428
1540,0.0017241379310344,0.0239285714285714
1541,0.0,0.0722727272727273
1542,0.0,0.0585
1543,0.0,0.02
1544,0.0,0.05
1545,0.0,0.0020689655172413
1546,0.0,0.0006896551724137
1547,0.0,0.0148
1548,0.0,0.004
1549,0.0022222222222222,0.03
1550,0.0016666666666666,0.0
1551,0.0061904761904761,0.0768421052631578
1552,0.0033333333333333,0.0131818181818181
1553,0.0,0.0311538461538461
1554,0.0055555555555555,0.056551724137931
1555,0.0062962962962962,0.0186666666666666
1556,0.0066666666666666,0.0303571428571428
1557,0.0,0.0158620689655172
1558,0.0003703703703703,0.0103333333333333
1559,0.0005555555555555,0.0021739130434782
1560,0.0,0.0007407407407407
1561,0.0,0.0024137931034482
1562,0.0,0.0025925925925925
1563,0.0,0.0
1564,0.0015384615384615,0.0114285714285714
1565,0.0,0.074
1566,0.0,0.0
1567,0.0,0.015
1568,0.0,0.03
1569,0.002,0.0
1570,0.0,0.0
1571,0.0,0.0
1572,0.0,0.0
1573,0.0,0.0
1574,0.0,0.0044444444444444
1575,0.0,0.035
1576,0.0,0.08
1577,0.0,0.0
1578,0.0,0.0
1579,0.0,0.0
1580,0.0,0.0
1581,0.0,0.0
1582,0.0,0.0
1583,0.0,0.0
1584,0.0,0.0
1585,0.0,0.0133333333333333
1586,0.0,0.005
1587,0.0,0.005
1588,0.0,0.0
1589,0.0020689655172413,0.0
1590,0.0021052631578947,0.05
1591,0.0,0.01
1592,0.0,0.0
1593,0.0,0.0
1594,0.0,0.0
1595,0.0,0.0042857142857142
1596,0.0,0.0049999999999999
1597,0.0,0.0064285714285714
1598,0.0,0.0378571428571428
1599,0.0,0.0158620689655172
1600,0.005,0.0714814814814814
1601,0.0,0.0690909090909091
1602,0.0007692307692307,0.0469230769230769
1603,0.0003571428571428,0.0248148148148148
1604,0.0072413793103448,0.025
1605,0.0,0.08
1606,0.0,0.0186666666666666
1607,0.0,0.0195238095238095
1608,0.0,0.0
1609,0.0,0.0
1610,0.0,0.0
1611,0.0,0.0
1612,0.0,0.0041666666666666
1613,0.0,0.0036363636363636
1614,0.0,0.0382608695652174
1615,0.0,0.006
1616,0.0,0.01
1617,0.0,0.001578947368421
1618,0.0,0.01
1619,0.0,0.005
1620,0.0,0.0
1621,0.0,0.006
1622,0.0,0.0047368421052631
1623,0.0,0.0132142857142857
1624,0.0,0.0316666666666666
1625,0.0,0.0644827586206896
1626,0.0,0.0
1627,0.0,0.0
1628,0.0,0.0
1629,0.0,0.0
1630,0.0,0.0
1631,0.0,0.0
1632,0.0,0.0772727272727272
1633,0.0,0.0379310344827586
1634,0.0,0.0268965517241379
1635,0.0,0.0155172413793103
1636,0.0,0.0162068965517241
1637,0.0,0.0151724137931034
1638,0.0,0.0203448275862069
1639,0.0,0.015
1640,0.0,0.0248275862068965
1641,0.0,0.0113793103448275
1642,0.0,0.0136666666666666
1643,0.0,0.0146666666666666
1644,0.0,0.017
1645,0.0,0.0189655172413793
1646,0.0,0.0242857142857142
1647,0.0,0.0137931034482758
1648,0.0,0.0282758620689655
1649,0.0,0.013103448275862
1650,0.0,0.0124137931034482
1651,0.0,0.003103448275862
1652,0.0,0.0011111111111111
1653,0.0,0.0
1654,0.0014285714285714,0.0
1655,0.0023809523809523,0.0
1656,0.0012,0.0013043478260869
1657,0.0,0.0
1658,0.0,0.0
1659,0.0003448275862068,0.0
1660,0.0,0.0357142857142857
1661,0.0,0.0
1662,0.0,0.0
1663,0.0,0.005
1664,0.0,0.0
1665,0.0,0.0
1666,0.0,0.0
1667,0.0,0.0590909090909091
1668,0.0,0.0352941176470588
1669,0.0,0.0
1670,0.0,0.0445454545454545
1671,0.0,0.02
1672,0.0,0.0275
1673,0.0,0.02
1674,0.006,0.006
1675,0.0042857142857142,0.0
1676,0.0072413793103448,0.022
1677,0.0033333333333333,0.0263636363636363
1678,0.0,0.02
1679,0.0,0.02
1680,0.0,0.0385714285714285
1681,0.0,0.0
1682,0.0,0.0433333333333333
1683,0.0,0.0614285714285714
1684,0.0,0.0306666666666666
1685,0.0,0.0371428571428571
1686,0.0,0.008235294117647
1687,0.0,0.0025
1688,0.0,0.0457142857142857
1689,0.0019230769230769,0.0
1690,0.0,0.0174999999999999
1691,0.0,0.0
1692,0.0,0.02
1693,0.0,0.0
1694,0.0,0.01
1695,0.0,0.0
1696,0.0,0.0
1697,0.0,0.0
1698,0.0,0.0
1699,0.0,0.0035714285714285
1700,0.0,0.0160714285714285
1701,0.0,0.0592592592592592
1702,0.0,0.0332142857142857
1703,0.0,0.0228571428571428
1704,0.0,0.0481481481481481
1705,0.0,0.0475862068965517
1706,0.0,0.0432142857142857
1707,0.0,0.0535714285714286
1708,0.0,0.0389285714285714
1709,0.0,0.0703571428571428
1710,0.0,0.0414285714285714
1711,0.0,0.0253571428571428
1712,0.0,0.0232142857142857
1713,0.0,0.0307142857142857
1714,0.0,0.0185714285714285
1715,0.0,0.0164285714285714
1716,0.0,0.0178571428571428
1717,0.0,0.0157142857142857
1718,0.0,0.0121428571428571
1719,0.0,0.0125
1720,0.0,0.0357142857142857
1721,0.0,0.0559259259259259
1722,0.0,0.0744444444444444
1723,0.0,0.0339285714285714
1724,0.0,0.0760714285714285
1725,0.0,0.0410714285714285
1726,0.0,0.0453571428571428
1727,0.0004166666666666,0.0707407407407407
1728,0.0003571428571428,0.0696428571428571
1729,0.0006896551724137,0.045
1730,0.0,0.0185714285714285
1731,0.0,0.0185185185185185
1732,0.0,0.0474074074074074
1733,0.0,0.0874074074074074
1734,0.0,0.0482142857142857
1735,0.0,0.03
1736,0.0,0.0174074074074074
1737,0.0,0.0079310344827586
1738,0.0,0.0034482758620689
1739,0.0,0.0
1740,0.0,0.0
1741,0.0,0.0
1742,0.0,0.0
1743,0.0,0.0
1744,0.0,0.0
1745,0.0,0.0
1746,0.0,0.0
1747,0.0,0.0007142857142857
1748,0.0,0.0007407407407407
1749,0.0,0.0
1750,0.0,0.0003571428571428
1751,0.0,0.0017857142857142
1752,0.0,0.0117857142857142
1753,0.0,0.0122222222222222
1754,0.0,0.0135714285714285
1755,0.0,0.0460714285714285
1756,0.0,0.0328571428571428
1757,0.0,0.0260714285714285
1758,0.0,0.0307142857142857
1759,0.0,0.0164285714285714
1760,0.0,0.0103703703703703
1761,0.0,0.0089655172413793
1762,0.0,0.0214285714285714
1763,0.0,0.03
1764,0.0,0.035
1765,0.0,0.0069230769230769
1766,0.0,0.0071428571428571
1767,0.0,0.0067857142857142
1768,0.0,0.02
1769,0.0,0.0296428571428571
1770,0.0,0.0303571428571428
1771,0.0,0.0146428571428571
1772,0.0,0.0111538461538461
1773,0.0,0.0138461538461538
1774,0.0,0.0129629629629629
1775,0.0,0.0178571428571428
1776,0.0,0.0133333333333333
1777,0.0,0.0133333333333333
1778,0.0,0.0103703703703703
1779,0.0,0.0122222222222222
1780,0.0,0.0076923076923076
1781,0.0,0.0111111111111111
1782,0.0,0.0129629629629629
1783,0.0,0.0115384615384615
1784,0.0,0.0096296296296296
1785,0.0,0.0107407407407407
1786,0.0,0.0125
1787,0.0,0.01
1788,0.0,0.0235714285714285
1789,0.0,0.0389285714285714
1790,0.0,0.015
1791,0.0,0.0128571428571428
1792,0.0,0.0089285714285714
1793,0.0,0.0067857142857142
1794,0.0,0.0025
1795,0.0,0.0092857142857142
1796,0.0,0.0096428571428571
1797,0.0,0.0011111111111111
1798,0.0,0.0075
1799,0.0,0.0032142857142857
1800,0.0,0.0053571428571428
1801,0.0,0.0042857142857142
1802,0.0,0.0035714285714285
1803,0.0,0.0057142857142857
1804,0.0,0.0046428571428571
1805,0.0,0.0067857142857142
1806,0.0,0.0085714285714285
1807,0.0,0.0075
1808,0.0,0.0028571428571428
1809,0.0,0.0049999999999999
1810,0.0064,0.0014285714285714
1811,0.0011111111111111,0.0003571428571428
1812,0.0016666666666666,0.0
1813,0.0,0.0046428571428571
1814,0.0,0.0046428571428571
1815,0.0,0.0007407407407407
1816,0.0,0.0014285714285714
1817,0.0,0.0089285714285714
1818,0.0,0.0014285714285714
1819,0.0,0.0010714285714285
1820,0.0,0.0007142857142857
1821,0.0,0.0046428571428571
1822,0.0,0.06
1823,0.0,0.06
1824,0.0,0.0092857142857142
1825,0.0,0.0017857142857142
1826,0.0,0.0057142857142857
1827,0.0,0.0132142857142857
1828,0.0,0.0096551724137931
1829,0.0,0.0014285714285714
1830,0.0,0.0037931034482758
1831,0.0,0.0017241379310344
1832,0.0,0.0014285714285714
1833,0.0,0.0013793103448275
1834,0.0,0.0058620689655172
1835,0.0,0.0021428571428571
1836,0.0,0.0007142857142857
1837,0.0,0.0003448275862068
1838,0.0,0.0051724137931034
1839,0.0,0.0020689655172413
1840,0.0,0.0351851851851851
1841,0.0,0.0425925925925926
1842,0.0,0.0122222222222222
1843,0.0,0.0218518518518518
1844,0.0,0.0318518518518518
1845,0.0,0.0110714285714285
1846,0.0,0.0218518518518518
1847,0.0,0.0288461538461538
1848,0.0,0.0329629629629629
1849,0.0,0.0178571428571428
1850,0.0,0.0488888888888889
1851,0.0,0.0235714285714285
1852,0.0,0.0525925925925926
1853,0.0,0.0657142857142857
1854,0.0,0.0659259259259259
1855,0.0,0.0592857142857142
1856,0.0,0.072962962962963
1857,0.0,0.0622222222222222
1858,0.0,0.0751851851851851
1859,0.0,0.0533333333333333
1860,0.0,0.0578571428571428
1861,0.0,0.003103448275862
1862,0.0,0.0332142857142857
1863,0.0,0.0017857142857142
1864,0.0,0.0157142857142857
1865,0.0,0.0014285714285714
1866,0.0,0.0324137931034482
1867,0.0,0.0006896551724137
1868,0.0,0.0013793103448275
1869,0.0,0.0
1870,0.0,0.0013793103448275
1871,0.0,0.0
1872,0.0,0.0
1873,0.0,0.0
1874,0.0,0.0
1875,0.0023809523809523,0.0049999999999999
1876,0.0023333333333333,0.0017241379310344
1877,0.0011111111111111,0.0023333333333333
1878,0.0053333333333333,0.0072413793103448
1879,0.0051724137931034,0.0072413793103448
1880,0.0027586206896551,0.0044827586206896
1881,0.0,0.0134482758620689
1882,0.0011111111111111,0.0096551724137931
1883,0.0003571428571428,0.0120689655172413
1884,0.003103448275862,0.0234482758620689
1885,0.001,0.0232142857142857
1886,0.0034482758620689,0.0325925925925926
1887,0.0026923076923076,0.0555555555555555
1888,0.0014814814814814,0.0
1889,0.0013793103448275,0.0
1890,0.0,0.0
1891,0.0016666666666666,0.0628571428571428
1892,0.0041666666666666,0.035
1893,0.0,0.046551724137931
1894,0.0,0.0821428571428571
1895,0.0003571428571428,0.0696428571428571
1896,0.0,0.0389655172413793
1897,0.0,0.0355172413793103
1898,0.0,0.0428571428571428
1899,0.0,0.06
1900,0.0,0.0493103448275862
1901,0.0,0.0332142857142857
1902,0.0,0.0589655172413793
1903,0.0,0.0596428571428571
1904,0.0,0.0828571428571428
1905,0.0,0.0403571428571428
1906,0.0,0.0185714285714285
1907,0.0,0.0141379310344827
1908,0.0,0.003076923076923
1909,0.0,0.0048275862068965
1910,0.0,0.0324137931034482
1911,0.0,0.0660714285714286
1912,0.0,0.02625
1913,0.0,0.0029629629629629
1914,0.0,0.0010344827586206
1915,0.0,0.0011538461538461
1916,0.0003448275862068,0.0137931034482758
1917,0.0,0.02875
1918,0.0,0.0120689655172413
1919,0.0,0.0013793103448275
1920,0.0,0.0062962962962962
1921,0.0,0.0196428571428571
1922,0.0,0.0147368421052631
1923,0.0,0.0224137931034482
1924,0.0,0.0035714285714285
1925,0.0,0.008695652173913
1926,0.0,0.0075862068965517
1927,0.0,0.0014285714285714
1928,0.0,0.0164285714285714
1929,0.0,0.0256521739130434
1930,0.0,0.0022222222222222
1931,0.0,0.024074074074074
1932,0.0,0.0044444444444444
1933,0.0,0.0016
1934,0.0,0.0514285714285714
1935,0.0,0.0
1936,0.0,0.045
1937,0.0,0.0338461538461538
1938,0.0,0.0251612903225806
1939,0.0,0.00375
1940,0.0,0.028695652173913
1941,0.0,0.0611111111111111
1942,0.0,0.0256521739130434
1943,0.0,0.0704166666666666
1944,0.0,0.0493939393939394
1945,0.0003571428571428,0.0290322580645161
1946,0.002,0.0233333333333333
1947,0.001,0.0232142857142857
1948,0.002,0.0188571428571428
1949,0.0,0.023076923076923
1950,0.0015,0.0021875
1951,0.0027586206896551,0.0
1952,0.0017647058823529,0.0
1953,0.0047999999999999,0.0
1954,0.0,0.0067647058823529
1955,0.0,0.0258823529411764
1956,0.0,0.0420588235294117
1957,0.0,0.0141176470588235
1958,0.0,0.0085294117647058
1959,0.0,0.0005882352941176
1960,0.0,0.0038235294117647
1961,0.0,0.0073529411764705
1962,0.0,0.0072727272727272
1963,0.0,0.0072727272727272
1964,0.0003448275862068,0.0042424242424242
1965,0.0,0.0005882352941176
1966,0.003,0.0020588235294117
1967,0.0,0.0073529411764705
1968,0.0,0.009090909090909
1969,0.0,0.0061764705882352
1970,0.0,0.0012903225806451
1971,0.0,0.0225
1972,0.0,0.01
1973,0.0,0.0011764705882352
1974,0.0,0.0379411764705882
1975,0.0,0.0145454545454545
1976,0.0,0.0
1977,0.0,0.0394117647058823
1978,0.0,0.0138235294117647
1979,0.0,0.0105882352941176
1980,0.0,0.003235294117647
1981,0.0,0.0635483870967742
1982,0.0,0.0048484848484848
1983,0.0,0.0031249999999999
1984,0.0,0.0108823529411764
1985,0.0,0.0367647058823529
1986,0.0,0.0070588235294117
1987,0.0,0.0121875
1988,0.0,0.0067647058823529
1989,0.0,0.0
1990,0.0,0.0294117647058823
1991,0.0,0.0049999999999999
1992,0.0,0.0011764705882352
1993,0.0,0.0085294117647058
1994,0.0,0.0155172413793103
1995,0.0,0.000625
1996,0.0,0.0027272727272727
1997,0.0,0.002258064516129
1998,0.0,0.0090322580645161
1999,0.0,0.0048484848484848
2000,0.0,0.0005882352941176
2001,0.0083333333333333,0.0
2002,0.0062068965517241,0.0
2003,0.0032142857142857,0.0021212121212121
2004,0.0058620689655172,0.00125
2005,0.0024137931034482,0.0027272727272727
2006,0.0020689655172413,0.0023529411764705
2007,0.0020689655172413,0.0096969696969696
2008,0.0010344827586206,0.0147058823529411
2009,0.0020689655172413,0.0116666666666666
2010,0.0010714285714285,0.0087878787878787
2011,0.0010344827586206,0.008235294117647
2012,0.0006896551724137,0.0067647058823529
2013,0.0,0.0070588235294117
2014,0.001,0.0038235294117647
2015,0.0010344827586206,0.0020588235294117
2016,0.0003448275862068,0.0041176470588235
2017,0.0,0.0017647058823529
2018,0.0,0.0044117647058823
2019,0.0013793103448275,0.0041176470588235
2020,0.0,0.0038235294117647
2021,0.0,0.0085294117647058
2022,0.0024137931034482,0.0058823529411764
2023,0.0,0.0023529411764705
2024,0.0,0.0020588235294117
2025,0.0016666666666666,0.0005882352941176
2026,0.0003448275862068,0.0
2027,0.0,0.0
2028,0.0,0.00625
2029,0.0017241379310344,0.0
2030,0.0010344827586206,0.0063636363636363
2031,0.0,0.0484375
2032,0.0006896551724137,0.0087096774193548
2033,0.0013793103448275,0.0066666666666666
2034,0.0020689655172413,0.0059375
2035,0.0,0.0359375
2036,0.0013793103448275,0.0875
2037,0.0,0.086875
2038,0.0003571428571428,0.0496969696969697
2039,0.0,0.0424242424242424
2040,0.0003703703703703,0.0333333333333333
2041,0.0,0.0257575757575757
2042,0.0,0.0148148148148148
2043,0.0005882352941176,0.0318181818181818
2044,0.0013333333333333,0.0642857142857143
2045,0.0022222222222222,0.0324242424242424
2046,0.0009677419354838,0.0561290322580645
2047,0.0,0.0513636363636363
2048,0.005,0.0576190476190476
2049,0.008235294117647,0.0284
2050,0.008235294117647,0.0864
2051,0.0085294117647058,0.0634782608695652
2052,0.0085294117647058,0.0481818181818181
2053,0.0037142857142857,0.0741666666666666
2054,0.0082857142857142,0.0804545454545454
2055,0.0085714285714285,0.0288
2056,0.0075757575757575,0.0224
2057,0.0075757575757575,0.0604
2058,0.0033333333333333,0.0358333333333333
2059,0.0055882352941176,0.0157692307692307
2060,0.0064705882352941,0.0124
2061,0.0035294117647058,0.0192
2062,0.0033333333333333,0.015
2063,0.0061764705882352,0.0107692307692307
2064,0.0048484848484848,0.0111538461538461
2065,0.0015151515151515,0.0108
2066,0.0048571428571428,0.0
2067,0.0061764705882352,0.0
2068,0.0085714285714285,0.0
2069,0.0045714285714285,0.0
2070,0.0068571428571428,0.0032
2071,0.0005714285714285,0.0214285714285714
2072,0.0011428571428571,0.0479166666666666
2073,0.0017142857142857,0.0522727272727272
2074,0.0002941176470588,0.0576
2075,0.0,0.0719230769230769
2076,0.0,0.0764
2077,0.0005714285714285,0.083076923076923
2078,0.0,0.0708
2079,0.0020588235294117,0.0356
2080,0.0020588235294117,0.078
2081,0.0041176470588235,0.0065217391304347
2082,0.0,0.006
2083,0.0028125,0.0011111111111111
2084,0.002,0.0
2085,0.002,0.0032
2086,0.0011428571428571,0.0126923076923076
2087,0.0042857142857142,0.0016
2088,0.0074285714285714,0.0015384615384615
2089,0.0048571428571428,0.0056
2090,0.0085714285714285,0.0016
2091,0.0085714285714285,0.04
2092,0.0082857142857142,0.0484
2093,0.0071428571428571,0.0523529411764705
2094,0.0062857142857142,0.0252
2095,0.0039999999999999,0.0204
2096,0.0045714285714285,0.0104
2097,0.0082857142857142,0.015
2098,0.0031428571428571,0.008076923076923
2099,0.0011428571428571,0.0165384615384615
2100,0.0017142857142857,0.0073076923076923
2101,0.0039999999999999,0.0084
2102,0.0031428571428571,0.0065384615384615
2103,0.0014285714285714,0.002
2104,0.0031428571428571,0.0053846153846153
2105,0.0008571428571428,0.0004
2106,0.0014285714285714,0.0008
2107,0.0005714285714285,0.0
2108,0.0,0.0024
2109,0.0,0.0004
2110,0.0002857142857142,0.0003846153846153
2111,0.0014285714285714,0.0023076923076923
2112,0.0038235294117647,0.0033333333333333
2113,0.0029411764705882,0.0027999999999999
2114,0.0041176470588235,0.0
2115,0.0008823529411764,0.0016
2116,0.0,0.0069230769230769
2117,0.0,0.0068
2118,0.0,0.006
2119,0.0,0.028076923076923
2120,0.0,0.006
2121,0.0,0.0153846153846153
2122,0.0,0.0084615384615384
2123,0.0,0.0053846153846153
2124,0.0,0.0007692307692307
2125,0.0,0.0019230769230769
2126,0.0,0.0084
2127,0.0,0.0069230769230769
2128,0.0,0.0034615384615384
2129,0.0,0.0
2130,0.0,0.0003846153846153
2131,0.0,0.0
2132,0.0,0.0
2133,0.0,0.0
2134,0.0,0.0
2135,0.0,0.0
2136,0.0,0.0
2137,0.0,0.0004
2138,0.0,0.0015384615384615
2139,0.0,0.068076923076923
2140,0.0,0.0
2141,0.0,0.0
2142,0.0,0.0
2143,0.0,0.0
2144,0.0,0.0
2145,0.0,0.0
2146,0.0,0.0016666666666666
2147,0.0,0.0022222222222222
2148,0.0,0.0037037037037037
2149,0.0,0.0096296296296296
2150,0.006,0.0033333333333333
2151,0.0037142857142857,0.0
2152,0.0,0.0003703703703703
2153,0.0,0.0011111111111111
2154,0.0,0.0003703703703703
2155,0.0067647058823529,0.0007407407407407
2156,0.0008823529411764,0.0028571428571428
2157,0.003235294117647,0.0039285714285714
2158,0.0070588235294117,0.0032142857142857
2159,0.0073529411764705,0.0058620689655172
2160,0.0073529411764705,0.0013793103448275
2161,0.008235294117647,0.0025
2162,0.0011428571428571,0.0020689655172413
2163,0.0005882352941176,0.0
2164,0.0014705882352941,0.0032142857142857
2165,0.0041176470588235,0.0139285714285714
2166,0.0047058823529411,0.0169230769230769
2167,0.0020588235294117,0.0037037037037037
2168,0.0055882352941176,0.0122222222222222
2169,0.004,0.0105
2170,0.005625,0.001578947368421
2171,0.0008823529411764,0.0196428571428571
2172,0.0026470588235294,0.0023076923076923
2173,0.0028571428571428,0.003103448275862
2174,0.0011428571428571,0.0082142857142857
2175,0.006,0.0051724137931034
2176,0.0071428571428571,0.0189285714285714
2177,0.005625,0.0252173913043478
2178,0.0,0.0020689655172413
2179,0.0,0.0042857142857142
2180,0.0,0.0019230769230769
2181,0.0,0.00375
2182,0.0,0.0092
2183,0.0,0.0477777777777777
2184,0.0,0.0117857142857142
2185,0.0,0.0062068965517241
2186,0.0,0.0174074074074074
2187,0.0005714285714285,0.0133333333333333
2188,0.0002857142857142,0.0049999999999999
2189,0.0,0.0117857142857142
2190,0.0,0.0248148148148148
2191,0.0,0.01
2192,0.0,0.0007142857142857
2193,0.0,0.0003571428571428
2194,0.0,0.0044827586206896
2195,0.0,0.0057142857142857
2196,0.0,0.0021428571428571
2197,0.0068,0.0178947368421052
2198,0.0017142857142857,0.0
2199,0.0017142857142857,0.0
2200,0.0002857142857142,0.0033333333333333
2201,0.0005714285714285,0.0633333333333333
2202,0.0034285714285714,0.0384615384615384
2203,0.0054285714285714,0.0181818181818181
2204,0.0039999999999999,0.0115384615384615
2205,0.0005714285714285,0.0125
2206,0.0008571428571428,0.0204166666666666
2207,0.0,0.0196428571428571
2208,0.0008571428571428,0.0317857142857143
2209,0.0005714285714285,0.0792307692307692
2210,0.0005714285714285,0.0484615384615384
2211,0.0,0.0544444444444444
2212,0.0,0.0630434782608695
2213,0.0,0.0730434782608695
2214,0.0008571428571428,0.0626923076923077
2215,0.0008571428571428,0.08
2216,0.0,0.0
2217,0.0,0.0
2218,0.0,0.02625
2219,0.0,0.01
2220,0.0,0.0
2221,0.0,0.0
2222,0.0,0.0
2223,0.0,0.0
2224,0.0,0.0
2225,0.0,0.0
2226,0.0,0.0025
2227,0.0,0.0
2228,0.0,0.0016
2229,0.0,0.0011111111111111
2230,0.0,0.0066666666666666
2231,0.0,0.0
2232,0.0,0.0
2233,0.0,0.0
2234,0.0,0.0
2235,0.0,0.0011111111111111
2236,0.0,0.0
2237,0.0,0.0091666666666666
2238,0.0,0.0625
2239,0.0,0.0072
2240,0.0,0.0015384615384615
2241,0.0,0.02125
2242,0.0,0.0241666666666666
2243,0.0,0.022
2244,0.0,0.0333333333333333
2245,0.0,0.038
2246,0.0,0.0283333333333333
2247,0.0,0.0
2248,0.0,0.02
2249,0.0,0.0424999999999999
2250,0.0,0.005
2251,0.0,0.01
2252,0.0,0.03
2253,0.0,0.0229166666666666
2254,0.0,0.0389473684210526
2255,0.0,0.0188888888888888
2256,0.0,0.035
2257,0.0,0.0006666666666666
2258,0.0,0.0
2259,0.0,0.0028571428571428
2260,0.0,0.0238461538461538
2261,0.0,0.0327777777777777
2262,0.0,0.016
2263,0.0,0.0153846153846153
2264,0.0,0.0145833333333333
2265,0.0,0.0272222222222222
2266,0.0,0.013076923076923
2267,0.0,0.0181481481481481
2268,0.0,0.0207142857142857
2269,0.0,0.003
2270,0.0,0.0071428571428571
2271,0.002,0.0068749999999999
2272,0.0,0.008
2273,0.0,0.0084210526315789
2274,0.0,0.0059999999999999
2275,0.0,0.0009090909090909
2276,0.0,0.0041176470588235
2277,0.0,0.001578947368421
2278,0.0,0.0446153846153846
2279,0.0,0.06
2280,0.0,0.04
2281,0.0,0.0087499999999999
2282,0.0,0.0
2283,0.0,0.0
2284,0.0,0.0
2285,0.0,0.0
2286,0.0,0.0
2287,0.0,0.0
2288,0.0,0.0
2289,0.0,0.0
2290,0.0,0.0
2291,0.0,0.0
2292,0.0,0.0
2293,0.0,0.0
2294,0.0,0.036
2295,0.0,0.0
2296,0.0,0.0321052631578947
2297,0.0,0.0257142857142857
2298,0.0,0.0325
2299,0.0,0.0328571428571428
2300,0.0017142857142857,0.0266666666666666
2301,0.0,0.035
2302,0.0,0.0333333333333333
2303,0.0,0.025
2304,0.0005714285714285,0.0399999999999999
2305,0.0062857142857142,0.0486666666666666
2306,0.0037142857142857,0.04
2307,0.0039999999999999,0.0483333333333333
2308,0.0031428571428571,0.0572727272727272
2309,0.0008571428571428,0.0753333333333333
2310,0.0014285714285714,0.0605555555555555
2311,0.0039999999999999,0.08375
2312,0.0031428571428571,0.0668421052631579
2313,0.0031428571428571,0.0296296296296296
2314,0.0,0.0583333333333333
2315,0.0002857142857142,0.0493333333333333
2316,0.0002857142857142,0.0353846153846153
2317,0.0002857142857142,0.0455555555555555
2318,0.006,0.0428571428571428
2319,0.0022857142857142,0.0457142857142857
2320,0.0051428571428571,0.0395238095238095
2321,0.0,0.036875
2322,0.0,0.0365384615384615
2323,0.0002857142857142,0.0373913043478261
2324,0.0005714285714285,0.0185714285714285
2325,0.0,0.0
2326,0.0,0.0
2327,0.0014285714285714,0.0014814814814814
2328,0.0017142857142857,0.0059259259259259
2329,0.0014285714285714,0.0051851851851851
2330,0.0002857142857142,0.0057692307692307
2331,0.0031428571428571,0.0025925925925925
2332,0.0017142857142857,0.0
2333,0.0042857142857142,0.0018518518518518
2334,0.0051428571428571,0.0
2335,0.0054285714285714,0.0
2336,0.0037142857142857,0.0
2337,0.0051428571428571,0.0049999999999999
2338,0.0002857142857142,0.004074074074074
2339,0.0,0.0
2340,0.008125,0.0
2341,0.0017142857142857,0.0
2342,0.0008571428571428,0.0
2343,0.0005714285714285,0.0
2344,0.0011428571428571,0.0
2345,0.0002857142857142,0.0
2346,0.0002857142857142,0.0
2347,0.0028571428571428,0.0
2348,0.0057142857142857,0.0
2349,0.0002857142857142,0.0
2350,0.0025714285714285,0.0003703703703703
2351,0.0034285714285714,0.0
2352,0.0051428571428571,0.01
2353,0.0011428571428571,0.0166666666666666
2354,0.0,0.0253846153846153
2355,0.0025714285714285,0.0229629629629629
2356,0.0014285714285714,0.0029629629629629
2357,0.0,0.0062962962962962
2358,0.0,0.017037037037037
2359,0.0,0.01
2360,0.0,0.0162962962962963
2361,0.0,0.007037037037037
2362,0.0,0.0044444444444444
2363,0.0,0.0029629629629629
2364,0.0,0.0071428571428571
2365,0.0002857142857142,0.0088461538461538
2366,0.0,0.0044444444444444
2367,0.0,0.0055555555555555
2368,0.0,0.0
2369,0.0002857142857142,0.0078571428571428
2370,0.0,0.0018518518518518
2371,0.0,0.0008
2372,0.0,0.0
2373,0.0,0.0
2374,0.0,0.0062962962962962
2375,0.0,0.0618518518518518
2376,0.0,0.0454166666666666
2377,0.0,0.0095454545454545
2378,0.0,0.0195833333333333
2379,0.0008571428571428,0.0004545454545454
2380,0.0,0.0003333333333333
2381,0.0061764705882352,0.0
2382,0.0070588235294117,0.0
2383,0.0085294117647058,0.0
2384,0.0008823529411764,0.0
2385,0.0,0.0
2386,0.0023529411764705,0.0
2387,0.0002941176470588,0.0
2388,0.0005882352941176,0.0023529411764705
2389,0.0,0.0005714285714285
2390,0.0005882352941176,0.0067647058823529
2391,0.0,0.0045454545454545
2392,0.0,0.0052941176470588
2393,0.0,0.0152941176470588
2394,0.0,0.0238235294117647
2395,0.0,0.0644117647058823
2396,0.0,0.0570588235294117
2397,0.0,0.0496969696969697
2398,0.0,0.0
2399,0.0,0.0003030303030303
2400,0.0,0.0042424242424242
2401,0.0,0.0154545454545454
2402,0.0,0.0197058823529411
2403,0.0,0.0305882352941176
2404,0.0,0.0072
2405,0.0,0.0
2406,0.0003030303030303,0.0
2407,0.0,0.0
2408,0.0,0.0
2409,0.0,0.0017647058823529
2410,0.0,0.0141176470588235
2411,0.0,0.0622222222222222
2412,0.0,0.0381818181818182
2413,0.0078787878787878,0.0303125
2414,0.0066666666666666,0.0197058823529411
2415,0.0073529411764705,0.0248484848484848
2416,0.0051515151515151,0.0096875
2417,0.0066666666666666,0.0096969696969696
2418,0.0061764705882352,0.0051612903225806
2419,0.0038235294117647,0.0
2420,0.0073529411764705,0.0
2421,0.003235294117647,0.0
2422,0.0008823529411764,0.0
2423,0.0064285714285714,0.0
2424,0.0005882352941176,0.0
2425,0.0003030303030303,0.0
2426,0.0,0.0
2427,0.0,0.0
2428,0.0,0.0
2429,0.0,0.0
2430,0.0,0.0
2431,0.0,0.0
2432,0.0,0.0076
2433,0.0,0.0095833333333333
2434,0.0,0.0058333333333333
2435,0.0,0.0225
2436,0.0,0.0116666666666666
2437,0.0,0.00875
2438,0.0,0.0075
2439,0.0,0.006
2440,0.0,0.0084
2441,0.0,0.0395999999999999
2442,0.0,0.0603846153846154
2443,0.0,0.016
2444,0.0002941176470588,0.0046153846153846
2445,0.0071875,0.0053846153846153
2446,0.005,0.0316
2447,0.0,0.0129166666666666
2448,0.0,0.0172
2449,0.0,0.0471428571428571
2450,0.0,0.0444444444444444
2451,0.0,0.0206666666666666
2452,0.0,0.0046153846153846
2453,0.0,0.0347368421052631
2454,0.0,0.0026086956521739
2455,0.0,0.0
2456,0.0,0.0
2457,0.0,0.0
2458,0.0,0.0
2459,0.0,0.0
2460,0.0,0.0241176470588235
2461,0.0,0.01
2462,0.0,0.0043999999999999
2463,0.0,0.0015384615384615
2464,0.0,0.014
2465,0.0,0.006
2466,0.0,0.0025
2467,0.0,0.0220833333333333
2468,0.0,0.0036
2469,0.0,0.0043999999999999
2470,0.0,0.0003846153846153
2471,0.0,0.0022222222222222
2472,0.0,0.0077777777777777
2473,0.0,0.0185185185185185
2474,0.0,0.0266666666666666
2475,0.0,0.0507407407407407
2476,0.0,0.0318518518518518
2477,0.0,0.0188888888888888
2478,0.0,0.0133333333333333
2479,0.0,0.0174074074074074
2480,0.0,0.0185714285714285
2481,0.0,0.0151851851851851
2482,0.0,0.03
2483,0.0,0.0207407407407407
2484,0.0,0.008076923076923
2485,0.0,0.0059259259259259
2486,0.0,0.0013636363636363
2487,0.0003225806451612,0.0
2488,0.0054285714285714,0.0
2489,0.0026470588235294,0.0
2490,0.0002941176470588,0.0014814814814814
2491,0.0,0.0085185185185185
2492,0.0,0.0007692307692307
2493,0.0,0.0003703703703703
2494,0.0,0.0042307692307692
2495,0.0,0.0033333333333333
2496,0.0,0.0064
2497,0.0,0.0022222222222222
2498,0.0,0.0055555555555555
2499,0.0,0.0092592592592592
2500,0.0,0.0122222222222222
2501,0.0,0.0081481481481481
2502,0.0,0.0044444444444444
2503,0.0,0.0025925925925925
2504,0.0,0.000625
2505,0.0,0.0
2506,0.0,0.0
2507,0.0,0.0
2508,0.0,0.0
2509,0.0,0.0
2510,0.0,0.0
2511,0.0,0.0
2512,0.0,0.0
2513,0.0,0.0
2514,0.0,0.0
2515,0.0,0.0
2516,0.0,0.0
2517,0.0,0.0
2518,0.0,0.0
2519,0.0,0.0
2520,0.0,0.0
2521,0.0,0.0
2522,0.0,0.0
2523,0.0,0.0
2524,0.0,0.0138461538461538
2525,0.0,0.005
2526,0.0,0.0
2527,0.0,0.0092307692307692
2528,0.0,0.047037037037037
2529,0.0,0.0033333333333333
2530,0.0009090909090909,0.0068421052631578
2531,0.0,0.0041666666666666
2532,0.005,0.0003448275862068
2533,0.0019444444444444,0.0
2534,0.0011111111111111,0.0
2535,0.0055555555555555,0.0
2536,0.0025,0.0
2537,0.0,0.0
2538,0.0,0.0317647058823529
2539,0.0,0.0
2540,0.0,0.08
2541,0.0,0.052
2542,0.0,0.0444444444444444
2543,0.0,0.0
2544,0.0011111111111111,0.0
2545,0.0016666666666666,0.0
2546,0.0005714285714285,0.0
2547,0.0,0.0
2548,0.0,0.0
2549,0.0,0.0
2550,0.0002777777777777,0.0
2551,0.0,0.0
2552,0.0,0.0
2553,0.0,0.0
2554,0.0,0.0
2555,0.0,0.0
2556,0.0,0.0
2557,0.0,0.0
2558,0.0,0.0
2559,0.0,0.0
2560,0.0,0.005
2561,0.0,0.0094117647058823
2562,0.0,0.0010714285714285
2563,0.0,0.0032
2564,0.0,0.0
2565,0.0009375,0.036
2566,0.00125,0.0
2567,0.0002777777777777,0.0
2568,0.0011111111111111,0.0
2569,0.0,0.004074074074074
2570,0.0,0.0
2571,0.0011111111111111,0.0
2572,0.0002777777777777,0.0
2573,0.0002777777777777,0.0
2574,0.0051428571428571,0.0
2575,0.0022222222222222,0.0
2576,0.0,0.0
2577,0.0,0.0
2578,0.0,0.0
2579,0.0,0.0
2580,0.0,0.0
2581,0.0,0.0
2582,0.0,0.0
2583,0.0,0.0
2584,0.0,0.0
2585,0.0002777777777777,0.0
2586,0.0,0.0
2587,0.0002777777777777,0.0
2588,0.0008333333333333,0.0
2589,0.0,0.0
2590,0.0,0.0
2591,0.0002777777777777,0.0
2592,0.0,0.0
2593,0.0,0.0
2594,0.0,0.0
2595,0.0,0.0
2596,0.0,0.0
2597,0.0002857142857142,0.0
2598,0.0,0.0
2599,0.0,0.0511111111111111
2600,0.0,0.088
2601,0.0008571428571428,0.049
2602,0.0,0.0
2603,0.0,0.0
2604,0.0,0.0
2605,0.0,0.0
2606,0.0011111111111111,0.0
2607,0.0,0.0
2608,0.0,0.0
2609,0.0,0.0
2610,0.0,0.0
2611,0.0,0.0
2612,0.0,0.0
2613,0.0020588235294117,0.0
2614,0.0,0.0004
2615,0.0,0.0
2616,0.0,0.0
2617,0.0,0.0
2618,0.0,0.0003703703703703
2619,0.0,0.0
2620,0.0,0.0031578947368421
2621,0.0014705882352941,0.0088461538461538
2622,0.0041176470588235,0.007037037037037
2623,0.0026470588235294,0.007037037037037
2624,0.0,0.0
2625,0.0035294117647058,0.065
2626,0.0,0.0
2627,0.0,0.0
2628,0.0017391304347826,0.0
2629,0.0066666666666666,0.0
2630,0.0005882352941176,0.0
2631,0.0002857142857142,0.0
2632,0.0,0.0
2633,0.0,0.0003846153846153
2634,0.0008823529411764,0.0003703703703703
2635,0.0002941176470588,0.0
2636,0.0002777777777777,0.0
2637,0.0008571428571428,0.0
2638,0.0,0.0
2639,0.0,0.0
2640,0.0,0.0
2641,0.0,0.0
2642,0.003,0.0
2643,0.0,0.0
2644,0.0,0.0
2645,0.0,0.0
2646,0.0,0.0
2647,0.0,0.0
2648,0.0,0.0
2649,0.0031428571428571,0.0
2650,0.0,0.0
2651,0.0037142857142857,0.0
2652,0.0,0.0
2653,0.0,0.0
2654,0.0,0.01
2655,0.0,0.0
2656,0.0,0.0
2657,0.0,0.0
2658,0.0,0.0
2659,0.0,0.0
2660,0.0,0.0
2661,0.0,0.0008333333333333
2662,0.0,0.0
2663,0.0,0.0
2664,0.0,0.0
2665,0.0,0.0
2666,0.0,0.0
2667,0.0,0.0
2668,0.0,0.0
2669,0.0,0.0
2670,0.0,0.0
2671,0.0,0.0
2672,0.0,0.0
2673,0.0,0.0
2674,0.0014285714285714,0.0
2675,0.0,0.0
2676,0.0,0.0
2677,0.0,0.0
2678,0.0,0.0
2679,0.0,0.0
2680,0.0,0.0
2681,0.0,0.0
2682,0.0,0.0
2683,0.0,0.0
2684,0.0,0.0
2685,0.0,0.0
2686,0.0,0.0
2687,0.0,0.0
2688,0.0,0.0
2689,0.0,0.0
2690,0.0,0.0
2691,0.0,0.0
2692,0.0,0.0
2693,0.0,0.0
2694,0.0,0.0
2695,0.0,0.0
2696,0.0,0.0
2697,0.0,
2698,0.0,
2699,0.0,
2700,0.0,
2701,0.0,
2702,0.0,
2703,0.0,
2704,0.0,
2705,0.0,
2706,0.0,
2707,0.0,
2708,0.0,
2709,0.0,
2710,0.0,
2711,0.0,
2712,0.0,
2713,0.0,
2714,0.0,
2715,0.0,
2716,0.0,
2717,0.0,
2718,0.0,
2719,0.0,
2720,0.0,
2721,0.0,
2722,0.0,
2723,0.0,
2724,0.0,
2725,0.0,
2726,0.0,
2727,0.0,
2728,0.0,
2729,0.0,
2730,0.0017142857142857,
2731,0.0013888888888888,
2732,0.0028571428571428,
2733,0.0,
2734,0.0,
2735,0.0,
2736,0.0017142857142857,
2737,0.0,
2738,0.0,
2739,0.0,
2740,0.0,
2741,0.0,
2742,0.0,
2743,0.0,
2744,0.0,
2745,0.0,
2746,0.0,
2747,0.0,
2748,0.0,
2749,0.0,
2750,0.0,
2751,0.0,
2752,0.0,
2753,0.0,
2754,0.0,
2755,0.0,
2756,0.0,
2757,0.0,
2758,0.0,
2759,0.0,
2760,0.0,
2761,0.0,
2762,0.0,
2763,0.0,
2764,0.0,
2765,0.0,
2766,0.0,
2767,0.0,
2768,0.0,
2769,0.0,
2770,0.0051428571428571,
2771,0.0048571428571428,
2772,0.0008571428571428,
2773,0.0028571428571428,
2774,0.0014285714285714,
2775,0.0074285714285714,
2776,0.0,
2777,0.0003030303030303,
2778,0.0045454545454545,
2779,0.005,
2780,0.0033333333333333,
2781,0.0,
2782,0.0,
2783,0.0,
2784,0.0,
2785,0.0002857142857142,
2786,0.002,
2787,0.008,
2788,0.0,
2789,0.0,
2790,0.0005555555555555,
2791,0.0045714285714285,
2792,0.0042857142857142,
2793,0.0,
2794,0.0,
2795,0.0,
2796,0.0028571428571428,
2797,0.0017647058823529,
2798,0.0002777777777777,
2799,0.0031428571428571,
2800,0.0058333333333333,
2801,0.0015384615384615,
2802,0.0,
2803,0.00125,
2804,0.0058333333333333,
2805,0.002,
2806,0.0,
2807,0.0048571428571428,
2808,0.0017142857142857,
2809,0.0002857142857142,
2810,0.0,
2811,0.0,
2812,0.0011428571428571,
2813,0.0055555555555555,
2814,0.0014285714285714,
2815,0.0,
2816,0.0,
2817,0.0,
2818,0.0,
2819,0.0063888888888888,
2820,0.0,
2821,0.0,
2822,0.0,
2823,0.0,
2824,0.0,
2825,0.0,
2826,0.0,
2827,0.0,
2828,0.0,
2829,0.0,
2830,0.0,
2831,0.0,
2832,0.0,
2833,0.0,
2834,0.0,
2835,0.0,
2836,0.0,
2837,0.0,
2838,0.0,
2839,0.0,
2840,0.0,
2841,0.001,
2842,0.0005555555555555,
2843,0.0005555555555555,
2844,0.0,
2845,0.0005555555555555,
2846,0.0003030303030303,
2847,0.0,
2848,0.0,
2849,0.0,
2850,0.0,
2851,0.0,
2852,0.0,
2853,0.0,
2854,0.0,
2855,0.0,
2856,0.0,
2857,0.0,
2858,0.0,
2859,0.0,
2860,0.0,
2861,0.0016666666666666,
2862,0.0,
2863,0.0,
2864,0.0,
2865,0.0,
2866,0.0,
2867,0.0,
2868,0.0,
2869,0.0,
2870,0.0,
2871,0.0,
2872,0.0,
2873,0.0,
2874,0.0,
2875,0.0,
2876,0.0,
2877,0.0,
2878,0.0,
2879,0.0,
2880,0.0,
2881,0.0,
2882,0.0,
2883,0.0,
2884,0.0,
2885,0.0,
2886,0.0,
2887,0.0,
2888,0.0,
2889,0.0,
2890,0.0,
2891,0.0,
2892,0.0,
2893,0.0,
2894,0.0,
2895,0.0,
2896,0.0,
2897,0.0,
2898,0.0,
2899,0.0,
2900,0.0,
2901,0.0,
2902,0.0,
2903,0.0,
2904,0.0,
2905,0.0,
2906,0.0,
2907,0.0,
2908,0.0,
2909,0.0,
2910,0.0,
2911,0.0,
2912,0.0,
2913,0.0,
2914,0.0,
2915,0.0,
2916,0.0,
2917,0.0,
2918,0.0,
2919,0.0,
2920,0.0,
2921,0.0,
2922,0.0,
2923,0.0,
2924,0.0,
